2007.06.01 01:45:00;CHF;3;CPI m/m;1.1%;0.2%;0.2%;;;
2007.06.01 02:00:00;EUR;2;German Retail Sales m/m;-0.3%;1.0%;2.6%;;-0.7%;
2007.06.01 02:30:00;AUD;2;Commodity Prices y/y;7.4%;;5.8%;;8.4%;
2007.06.01 03:15:00;EUR;1;Spanish Manufacturing PMI;56.0;;53.3;;;
2007.06.01 03:30:00;CHF;2;Manufacturing PMI;61.9;62.5;58.9;;;
2007.06.01 03:30:00;EUR;1;ECB President Trichet Speaks;;;;;;
2007.06.01 03:45:00;EUR;1;Italian Manufacturing PMI;53.9;54.1;55.0;;;
2007.06.01 04:00:00;EUR;2;Final Manufacturing PMI;55.4;55.6;55.0;;;
2007.06.01 04:30:00;GBP;2;Final Manufacturing PMI;54.1;53.8;54.9;;53.9;
2007.06.01 04:30:00;USD;2;FOMC Member Kroszner Speaks;;;;;;
2007.06.01 05:00:00;EUR;1;Revised GDP q/q;0.6%;0.6%;0.6%;;;
2007.06.01 05:00:00;EUR;1;Unemployment Rate;7.2%;7.1%;7.1%;;;
2007.06.01 08:30:00;USD;3;Core PCE Price Index m/m;0.0%;0.2%;0.1%;;;
2007.06.01 08:30:00;USD;3;Non-Farm Employment Change;80K;135K;157K;;88K;
2007.06.01 08:30:00;USD;3;Unemployment Rate;4.5%;4.5%;4.5%;;;
2007.06.01 08:30:00;USD;2;Average Hourly Earnings m/m;0.2%;0.3%;0.3%;;;
2007.06.01 08:30:00;USD;2;Personal Spending m/m;0.4%;0.4%;0.5%;;0.3%;
2007.06.01 08:30:00;USD;1;Personal Income m/m;0.8%;0.3%;-0.1%;;0.7%;
2007.06.01 10:00:00;USD;3;ISM Manufacturing PMI;54.7;54.0;55.0;;;
2007.06.01 10:00:00;USD;3;Pending Home Sales m/m;-4.5%;0.3%;-3.2%;;-4.9%;
2007.06.01 10:00:00;USD;2;Revised UoM Consumer Sentiment;88.7;88.7;88.3;;;
2007.06.01 10:00:00;USD;1;ISM Manufacturing Prices;73.0;73.0;71.0;;;
2007.06.01 10:00:00;USD;1;Revised UoM Inflation Expectations;3.3%;;3.3%;;;
2007.06.01 10:00:00;USD;1;Total Vehicle Sales (All Day);16.3M;16.3M;16.3M;;;
2007.06.02 21:00:00;CNY;1;Non-Manufacturing PMI;65.6;;67.6;;;
2007.06.03 00:00:00;NZD;0;Bank Holiday (All Day);;;;;;
2007.06.03 19:50:00;JPY;2;Capital Spending q/y;16.8%;10.0%;13.6%;;;
2007.06.03 19:50:00;JPY;1;Monetary Base y/y;-12.2%;-6.5%;-5.7%;;;
2007.06.03 20:30:00;AUD;1;MI Inflation Gauge m/m;0.1%;;0.1%;;;
2007.06.03 21:30:00;AUD;2;ANZ Job Advertisements m/m;3.5%;;10.3%;;;
2007.06.03 21:30:00;AUD;1;Company Operating Profits q/q;3.0%;2.9%;7.6%;;2.5%;
2007.06.04 03:00:00;EUR;1;Spanish Unemployment Change;-36.3K;;-49.9K;;;
2007.06.04 04:00:00;EUR;2;German Buba President Weber Speaks;;;;;;
2007.06.04 04:00:00;EUR;1;Eurogroup Meetings (All Day);;;;;;
2007.06.04 04:30:00;EUR;1;Sentix Investor Confidence;40.8;41.3;42.0;;;
2007.06.04 04:30:00;GBP;1;Construction PMI;59.8;59.5;58.0;;;
2007.06.04 05:00:00;EUR;2;ECB President Trichet Speaks;;;;;;
2007.06.04 05:00:00;EUR;1;PPI m/m;0.3%;0.3%;0.4%;;;
2007.06.04 10:00:00;USD;2;Factory Orders m/m;4.1%;0.7%;0.3%;;3.1%;
2007.06.04 19:01:00;GBP;2;BRC Retail Sales Monitor y/y;2.4%;;1.8%;;;
2007.06.04 19:30:00;AUD;1;AIG Services Index;52.8;;56.1;;;
2007.06.04 21:30:00;AUD;3;Building Approvals m/m;-10.5%;2.2%;8.1%;;-11.4%;
2007.06.04 21:30:00;AUD;2;Current Account;-15.5B;-14.8B;-15.4B;;-15.1B;
2007.06.04 23:45:00;JPY;1;10-y Bond Auction;1.65|4.0;;1.81|3.2;;;
2007.06.05 02:15:00;EUR;2;ECB President Trichet Speaks;;;;;;
2007.06.05 03:15:00;EUR;1;Spanish Services PMI;54.2;;56.2;;;
2007.06.05 03:45:00;EUR;1;Italian Services PMI;53.9;54.1;56.5;;;
2007.06.05 04:00:00;EUR;1;Final Services PMI;57.0;57.0;57.3;;;
2007.06.05 04:00:00;EUR;1;ECOFIN Meetings (All Day);;;;;;
2007.06.05 04:30:00;GBP;2;Final Services PMI;57.2;57.1;57.2;;;
2007.06.05 05:00:00;EUR;1;Retail Sales m/m;0.4%;0.5%;0.2%;;0.5%;
2007.06.05 08:15:00;USD;3;Fed Chairman Bernanke Speaks;;;;;;
2007.06.05 10:00:00;USD;3;ISM Services PMI;56.0;55.3;59.7;;;
2007.06.05 11:00:00;USD;1;FOMC Member Warsh Speaks;;;;;;
2007.06.05 11:30:00;USD;1;Treasury Sec Paulson Speaks;;;;;;
2007.06.05 19:01:00;GBP;1;Nationwide Consumer Confidence;90;92;99;;;
2007.06.05 19:30:00;AUD;3;Cash Rate;6.25%;6.25%;6.25%;;;
2007.06.05 21:30:00;AUD;3;GDP q/q;1.1%;1.0%;1.6%;;1.0%;
2007.06.05 23:00:00;NZD;1;ANZ Commodity Prices m/m;4.9%;;2.6%;;4.8%;
2007.06.06 01:00:00;JPY;1;Leading Indicators;36.4%;20.0%;20.0%;;40.0%;
2007.06.06 03:00:00;CHF;1;Foreign Currency Reserves;45B;;45B;;;
2007.06.06 04:00:00;EUR;2;German Buba President Weber Speaks;;;;;;
2007.06.06 04:00:00;All;1;G8 Meetings (Day 1);;;;;;
2007.06.06 05:30:00;GBP;1;BRC Shop Price Index y/y;0.8%;;0.4%;;;
2007.06.06 06:00:00;EUR;2;German Factory Orders m/m;1.1%;-0.9%;-1.2%;;2.4%;
2007.06.06 07:30:00;USD;1;Challenger Job Cuts y/y;-24.6%;;18.4%;;;
2007.06.06 07:45:00;EUR;3;Main Refinancing Rate;3.75%;4.00%;4.00%;;;
2007.06.06 08:30:00;CAD;2;Building Permits m/m;26.5%;-3.2%;-8.4%;;27.4%;
2007.06.06 08:30:00;EUR;3;ECB Press Conference;;;;;;
2007.06.06 08:30:00;USD;2;Revised Nonfarm Productivity q/q;1.7%;1.1%;1.0%;;;
2007.06.06 08:30:00;USD;1;Revised Unit Labor Costs q/q;0.6%;1.3%;1.8%;;;
2007.06.06 10:00:00;CAD;3;Ivey PMI;60.9;65.0;62.7;;;
2007.06.06 10:30:00;USD;1;Crude Oil Inventories;-2.0M;0.1M;0.1M;;;
2007.06.06 17:00:00;NZD;3;Official Cash Rate;7.75%;7.75%;8.00%;;;
2007.06.06 17:00:00;NZD;3;RBNZ Press Conference;;;;;;
2007.06.06 17:00:00;NZD;3;RBNZ Rate Statement;;;;;;
2007.06.06 17:00:00;NZD;2;RBNZ Monetary Policy Statement;;;;;;
2007.06.06 19:30:00;AUD;1;AIG Construction Index;47.9;;45.1;;;
2007.06.06 21:30:00;AUD;3;Employment Change;34.9K;11.3K;39.4K;;49.6K;
2007.06.06 21:30:00;AUD;2;Unemployment Rate;4.4%;4.4%;4.2%;;;
2007.06.07 01:45:00;CHF;1;Unemployment Rate;2.9%;2.8%;2.7%;;;
2007.06.07 02:00:00;JPY;1;Prelim Machine Tool Orders y/y;7.5%;;5.3%;;7.2%;
2007.06.07 03:00:00;GBP;3;Halifax HPI m/m;1.1%;0.5%;0.3%;;;
2007.06.07 03:00:00;All;1;G8 Meetings (Day 2);;;;;;
2007.06.07 04:56:00;EUR;1;French 10-y Bond Auction;4.13|3.0;;4.53|2.2;;;
2007.06.07 07:00:00;GBP;3;Official Bank Rate;5.50%;5.50%;5.50%;;;
2007.06.07 08:30:00;USD;2;Unemployment Claims;310K;315K;309K;;;
2007.06.07 10:00:00;USD;1;Final Wholesale Inventories m/m;0.4%;0.3%;0.3%;;0.3%;
2007.06.07 10:30:00;USD;3;FOMC Member Mishkin Speaks;;;;;;
2007.06.07 10:30:00;USD;1;Natural Gas Storage;107B;105B;110B;;;
2007.06.07 15:00:00;USD;1;Consumer Credit m/m;14.0B;6.0B;2.6B;;13.5B;
2007.06.07 19:50:00;JPY;2;Core Machinery Orders m/m;-4.5%;4.5%;2.2%;;;
2007.06.07 19:50:00;JPY;1;Bank Lending y/y;0.9%;;0.9%;;1.0%;
2007.06.07 19:50:00;JPY;1;M2 Money Stock y/y;1.1%;1.2%;1.4%;;;
2007.06.07 21:30:00;AUD;2;Home Loans m/m;1.5%;1.9%;2.2%;;1.3%;
2007.06.08 01:00:00;JPY;1;Economy Watchers Sentiment;49.7;50.1;46.8;;;
2007.06.08 02:00:00;EUR;1;German Trade Balance;15.6B;15.4B;15.8B;;15.5B;
2007.06.08 02:45:00;EUR;1;French Gov Budget Balance;-24.7B;;-42.5B;;;
2007.06.08 02:45:00;EUR;1;French Trade Balance;-1.5B;-2.0B;-2.8B;;-1.6B;
2007.06.08 02:45:00;All;2;G8 Meetings (Day 3);;;;;;
2007.06.08 04:30:00;GBP;3;Manufacturing Production m/m;0.6%;0.2%;0.3%;;;
2007.06.08 04:30:00;GBP;1;Industrial Production m/m;0.2%;0.2%;0.3%;;0.3%;
2007.06.08 06:00:00;EUR;2;German Industrial Production m/m;0.2%;0.4%;-2.3%;;-0.1%;
2007.06.08 07:00:00;CAD;3;Employment Change;-5.2K;16.0K;9.3K;;;
2007.06.08 07:00:00;CAD;3;Unemployment Rate;6.1%;6.1%;6.1%;;;
2007.06.08 08:15:00;CAD;3;Housing Starts;212K;215K;230K;;;
2007.06.08 08:30:00;CAD;3;Trade Balance;5.1B;4.9B;5.8B;;4.6B;
2007.06.08 08:30:00;USD;3;Trade Balance;-62.4B;-63.5B;-58.5B;;-63.9B;
2007.06.08 19:01:00;GBP;1;NIESR GDP Estimate;0.7%;;0.8%;;;
2007.06.10 00:00:00;AUD;0;Bank Holiday (All Day);;;;;;
2007.06.10 18:45:00;NZD;1;Overseas Trade Index q/q;2.5%;2.5%;2.0%;;2.4%;
2007.06.10 19:50:00;JPY;2;Final GDP Price Index y/y;-0.2%;-0.2%;-0.3%;;;
2007.06.10 19:50:00;JPY;2;Final GDP q/q;0.6%;0.8%;0.8%;;;
2007.06.10 22:00:00;CNY;2;PPI y/y;2.9%;3.0%;2.8%;;;
2007.06.11 02:45:00;EUR;2;French Industrial Production m/m;0.2%;0.2%;-0.8%;;;
2007.06.11 04:00:00;EUR;1;Italian Industrial Production m/m;0.2%;0.2%;-0.8%;;0.5%;
2007.06.11 04:30:00;GBP;3;PPI Input m/m;0.2%;0.6%;1.2%;;0.7%;
2007.06.11 04:30:00;GBP;1;ONS HPI y/y;10.9%;11.0%;11.3%;;;
2007.06.11 04:30:00;GBP;1;PPI Output m/m;0.5%;0.4%;0.4%;;;
2007.06.11 04:55:00;CNY;3;USD-Denominated Trade Balance;16.9B;19.5B;22.5B;;;
2007.06.11 08:30:00;CAD;1;Capacity Utilization Rate;82.4%;82.9%;83.0%;;82.5%;
2007.06.11 08:30:00;CAD;1;NHPI m/m;0.3%;0.3%;0.8%;;;
2007.06.11 10:00:00;EUR;3;ECB President Trichet Speaks;;;;;;
2007.06.11 15:00:00;GBP;2;BOE Gov King Speaks;;;;;;
2007.06.11 19:00:00;NZD;2;RBNZ Gov Bollard Speaks;;;;;;
2007.06.11 19:50:00;JPY;1;PPI y/y;2.3%;2.0%;2.2%;;2.2%;
2007.06.11 21:30:00;AUD;1;NAB Business Confidence;13;;15;;;
2007.06.11 22:00:00;CNY;2;CPI y/y;3.0%;3.2%;3.4%;;;
2007.06.11 22:00:00;CNY;2;New Loans;422B;;247B;;;
2007.06.11 22:00:00;CNY;1;M2 Money Supply y/y;17.1%;17.2%%;16.7%;;;
2007.06.12 01:00:00;JPY;1;Consumer Confidence;47.4;48.0;47.3;;;
2007.06.12 02:00:00;EUR;1;German WPI m/m;0.8%;0.5%;0.3%;;;
2007.06.12 04:30:00;GBP;3;CPI y/y;2.8%;2.6%;2.5%;;;
2007.06.12 04:30:00;GBP;3;Goods Trade Balance;-7.2B;-7.0B;-6.3B;;-7.1B;
2007.06.12 04:30:00;GBP;2;Core CPI y/y;1.8%;1.8%;1.9%;;;
2007.06.12 04:30:00;GBP;2;RPI y/y;4.5%;4.3%;4.3%;;;
2007.06.12 05:00:00;EUR;2;Industrial Production m/m;0.5%;0.2%;-0.8%;;0.4%;
2007.06.12 07:30:00;USD;1;NFIB Small Business Index;96.8;;97.2;;;
2007.06.12 08:30:00;CAD;2;Labor Productivity q/q;0.2%;0.7%;0.7%;;0.3%;
2007.06.12 08:30:00;USD;1;Treasury Sec Paulson Speaks;;;;;;
2007.06.12 10:00:00;USD;1;IBD/TIPP Economic Optimism;48.0;47.8;49.1;;;
2007.06.12 10:00:00;USD;1;JOLTS Job Openings;4.18M;;4.15M;;4.17M;
2007.06.12 13:00:00;USD;2;10-y Bond Auction;4.61|2.3;;5.23|2.6;;;
2007.06.12 14:00:00;USD;2;Federal Budget Balance;177.7B;-70.0B;-67.7B;;;
2007.06.12 18:45:00;NZD;1;FPI m/m;0.2%;;0.3%;;;
2007.06.12 19:50:00;JPY;1;Current Account;2.42T;2.00T;2.28T;;;
2007.06.12 20:30:00;AUD;1;Westpac Consumer Sentiment;7.5%;;-2.0%;;;
2007.06.12 21:00:00;AUD;2;HIA New Home Sales m/m;0.0%;;7.1%;;;
2007.06.12 21:50:00;CNY;1;Foreign Direct Investment ytd/y;10.2%;;9.9%;;;
2007.06.12 22:00:00;CNY;1;Retail Sales y/y;15.5%;15.3%;15.9%;;;
2007.06.13 00:30:00;JPY;1;Revised Industrial Production m/m;-0.1%;-0.1%;-0.2%;;;
2007.06.13 02:45:00;EUR;1;French Final CPI m/m;0.5%;0.3%;0.3%;;;
2007.06.13 04:30:00;GBP;3;Average Earnings Index 3m/y;4.4%;4.4%;4.0%;;4.5%;
2007.06.13 04:30:00;GBP;2;Claimant Count Change;-16.0K;-8.4K;-9.3K;;-15.7K;
2007.06.13 04:30:00;GBP;1;Unemployment Rate;5.5%;5.5%;5.5%;;;
2007.06.13 06:00:00;EUR;1;Final Employment Change q/q;0.3%;;0.4%;;;
2007.06.13 08:30:00;CAD;2;Manufacturing Sales m/m;3.0%;0.3%;-0.6%;;2.8%;
2007.06.13 08:30:00;USD;3;Core Retail Sales m/m;0.1%;0.7%;1.3%;;0.0%;
2007.06.13 08:30:00;USD;3;FOMC Member Kroszner Speaks;;;;;;
2007.06.13 08:30:00;USD;3;Retail Sales m/m;-0.1%;0.6%;1.4%;;-0.2%;
2007.06.13 08:30:00;USD;2;Import Prices m/m;1.4%;0.3%;0.9%;;1.3%;
2007.06.13 08:45:00;USD;2;FOMC Member Geithner Speaks;;;;;;
2007.06.13 10:00:00;USD;3;Treasury Currency Report;;;;;;
2007.06.13 10:00:00;USD;2;Business Inventories m/m;0.0%;0.2%;0.4%;;-0.1%;
2007.06.13 10:30:00;GBP;1;CB Leading Index m/m;0.4%;;0.6%;;0.6%;
2007.06.13 10:30:00;USD;1;Crude Oil Inventories;0.1M;-0.3M;0.1M;;;
2007.06.13 13:00:00;EUR;1;ECB President Trichet Speaks;;;;;;
2007.06.13 14:00:00;USD;2;Beige Book;;;;;;
2007.06.13 18:45:00;NZD;3;Core Retail Sales m/m;0.4%;0.0%;-0.9%;;0.8%;
2007.06.13 18:45:00;NZD;3;Retail Sales m/m;1.0%;0.0%;-1.2%;;1.3%;
2007.06.13 19:01:00;GBP;2;RICS House Price Balance;29%;25%;24%;;;
2007.06.13 20:00:00;NZD;1;BusinessNZ Manufacturing Index;54.4;;56.8;;54.2;
2007.06.13 20:30:00;AUD;1;MI Inflation Expectations;4.4%;;3.8%;;;
2007.06.13 22:00:00;CNY;3;Industrial Production y/y;17.4%;16.9%;18.1%;;;
2007.06.13 22:55:00;AUD;3;RBA Gov Stevens Speaks;;;;;;
2007.06.14 02:00:00;EUR;1;German Final CPI m/m;0.2%;0.2%;0.2%;;;
2007.06.14 02:45:00;EUR;1;French Final Private Payrolls q/q;0.6%;0.6%;0.7%;;;
2007.06.14 03:30:00;CHF;3;Libor Rate;2.25%;2.50%;2.50%;;;
2007.06.14 03:30:00;CHF;3;SNB Monetary Policy Assessment;;;;;;
2007.06.14 03:30:00;CHF;3;SNB Press Conference;;;;;;
2007.06.14 04:00:00;CHF;2;SNB Financial Stability Report;;;;;;
2007.06.14 04:30:00;GBP;3;Retail Sales m/m;-0.1%;0.3%;0.4%;;;
2007.06.14 04:30:00;GBP;2;Consumer Inflation Expectations;2.7%;;2.7%;;;
2007.06.14 05:00:00;EUR;2;ECB Monthly Bulletin;;;;;;
2007.06.14 05:00:00;EUR;1;Final CPI y/y;1.9%;2.0%;1.9%;;;
2007.06.14 05:00:00;EUR;1;Final Core CPI y/y;1.9%;1.9%;1.9%;;;
2007.06.14 08:30:00;USD;3;PPI m/m;0.7%;0.6%;0.9%;;;
2007.06.14 08:30:00;USD;2;Core PPI m/m;0.0%;0.2%;0.2%;;;
2007.06.14 08:30:00;USD;1;Unemployment Claims;311K;315K;311K;;309K;
2007.06.14 09:00:00;USD;2;FOMC Member Kroszner Speaks;;;;;;
2007.06.14 10:00:00;USD;2;Mortgage Delinquencies;4.95%;;4.84%;;;
2007.06.14 10:30:00;USD;1;Natural Gas Storage;110B;98B;92B;;;
2007.06.14 15:40:00;EUR;2;German Buba President Weber Speaks;;;;;;
2007.06.14 18:45:00;NZD;1;Manufacturing Sales q/q;-2.2%;;0.8%;;;
2007.06.14 19:50:00;JPY;2;Tertiary Industry Activity m/m;-1.9%;1.4%;1.7%;;-2.2%;
2007.06.14 23:18:00;JPY;2;Overnight Call Rate;0.50%;0.50%;0.50%;;;
2007.06.15 02:00:00;JPY;1;BOJ Monthly Report;;;;;;
2007.06.15 03:15:00;CHF;2;Retail Sales y/y;7.6%;5.5%;3.2%;;;
2007.06.15 03:22:00;JPY;3;BOJ Press Conference;;;;;;
2007.06.15 04:00:00;EUR;1;Italian Trade Balance;-0.13B;-1.52B;-1.32B;;-0.20B;
2007.06.15 04:00:00;GBP;2;MPC Member Tucker Speaks;;;;;;
2007.06.15 05:00:00;EUR;1;Trade Balance;5.4B;4.0B;3.5B;;5.1B;
2007.06.15 06:00:00;EUR;1;ECB Financial Stability Review;;;;;;
2007.06.15 08:30:00;CAD;1;New Motor Vehicle Sales m/m;0.4%;6.5%;6.9%;;0.1%;
2007.06.15 08:30:00;USD;3;Core CPI m/m;0.2%;0.2%;0.1%;;;
2007.06.15 08:30:00;USD;3;Fed Chairman Bernanke Speaks;;;;;;
2007.06.15 08:30:00;USD;2;CPI m/m;0.4%;0.6%;0.7%;;;
2007.06.15 08:30:00;USD;2;Current Account;-188B;-203B;-193B;;-196B;
2007.06.15 08:30:00;USD;2;Empire State Manufacturing Index;8.0;11.1;25.8;;;
2007.06.15 09:00:00;USD;3;TIC Long-Term Purchases;51.2B;71.8B;84.1B;;67.6B;
2007.06.15 09:15:00;USD;2;Capacity Utilization Rate;81.5%;81.6%;81.3%;;81.6%;
2007.06.15 09:15:00;USD;2;Industrial Production m/m;0.4%;0.1%;0.0%;;0.7%;
2007.06.15 10:00:00;USD;3;Prelim UoM Consumer Sentiment;88.3;88.5;83.7;;88.7;
2007.06.15 10:00:00;USD;1;Prelim UoM Inflation Expectations;3.3%;;3.5%;;;
2007.06.17 19:01:00;GBP;1;BOE Quarterly Bulletin;;;;;;
2007.06.17 19:01:00;GBP;1;Rightmove HPI m/m;0.4%;;0.8%;;;
2007.06.17 22:00:00;CNY;2;Fixed Asset Investment ytd/y;25.5%;25.4%;25.9%;;;
2007.06.18 03:15:00;CHF;2;Industrial Production q/q;8.5%;-3.4%;-4.7%;;7.8%;
2007.06.18 06:00:00;EUR;2;German Buba Monthly Report;;;;;;
2007.06.18 08:30:00;CAD;2;Foreign Securities Purchases;4.53B;3.15B;1.54B;;4.66B;
2007.06.18 12:00:00;EUR;2;ECB President Trichet Speaks;;;;;;
2007.06.18 13:00:00;USD;1;NAHB Housing Market Index;30;29;28;;;
2007.06.19 04:00:00;EUR;1;Italian Quarterly Unemployment Rate;6.4%;6.4%;6.2%;;6.5%;
2007.06.19 05:00:00;EUR;2;German ZEW Economic Sentiment;24.0;29.0;20.3;;;
2007.06.19 05:00:00;EUR;1;ZEW Economic Sentiment;22.3;26.0;19.0;;;
2007.06.19 07:00:00;CAD;3;Core CPI m/m;0.2%;0.3%;0.3%;;;
2007.06.19 07:00:00;CAD;2;CPI m/m;0.4%;0.4%;0.4%;;;
2007.06.19 08:30:00;USD;2;Building Permits;1.46M;1.47M;1.50M;;1.43M;
2007.06.19 08:30:00;USD;2;Housing Starts;1.51M;1.48M;1.47M;;1.53M;
2007.06.19 18:45:00;NZD;1;Visitor Arrivals m/m;-2.1%;;1.8%;;-2.2%;
2007.06.19 19:50:00;JPY;2;BSI Manufacturing Index;0.1;-1.9;-2.2;;;
2007.06.19 19:50:00;JPY;2;Monetary Policy Meeting Minutes;;;;;;
2007.06.19 19:50:00;JPY;1;All Industries Activity m/m;-1.4%;1.0%;1.2%;;;
2007.06.19 20:30:00;AUD;1;MI Leading Index m/m;0.1%;;0.7%;;0.2%;
2007.06.19 21:30:00;AUD;1;Housing Starts q/q;0.6%;0.9%;1.3%;;-0.8%;
2007.06.19 21:30:00;AUD;1;New Motor Vehicle Sales m/m;-1.4%;;-0.5%;;-1.1%;
2007.06.20 02:00:00;EUR;1;German PPI m/m;0.1%;0.2%;0.3%;;;
2007.06.20 03:15:00;CHF;2;PPI m/m;0.9%;0.5%;0.9%;;;
2007.06.20 04:30:00;GBP;3;MPC Official Bank Rate Votes;9-0-0;2-0-7;4-0-5;;;
2007.06.20 04:30:00;GBP;1;M4 Money Supply m/m;1.3%;1.0%;1.2%;;1.4%;
2007.06.20 04:30:00;GBP;1;Public Sector Net Borrowing;1.2B;7.0B;8.2B;;1.1B;
2007.06.20 08:30:00;CAD;2;Wholesale Sales m/m;2.3%;0.3%;-3.1%;;1.9%;
2007.06.20 08:30:00;CAD;1;Leading Index m/m;0.5%;0.4%;0.5%;;0.4%;
2007.06.20 10:00:00;USD;2;Treasury Sec Paulson Speaks;;;;;;
2007.06.20 10:30:00;GBP;2;BOE Gov King Speaks;;;;;;
2007.06.20 10:30:00;USD;1;Crude Oil Inventories;0.1M;0.0M;6.9M;;;
2007.06.20 11:30:00;USD;2;FOMC Member Geithner Speaks;;;;;;
2007.06.20 19:50:00;JPY;1;Trade Balance;1.07T;0.92T;0.79T;;1.03T;
2007.06.20 21:30:00;AUD;1;RBA Bulletin;;;;;;
2007.06.21 02:15:00;CHF;2;Trade Balance;0.64B;1.08B;1.26B;;0.63B;
2007.06.21 02:45:00;EUR;1;French Consumer Spending m/m;-0.1%;0.5%;-0.8%;;-0.3%;
2007.06.21 04:00:00;EUR;2;Flash Manufacturing PMI;55.0;54.5;55.4;;;
2007.06.21 04:00:00;EUR;1;Flash Services PMI;57.3;58.0;58.3;;;
2007.06.21 04:00:00;EUR;1;Italian Retail Sales m/m;0.5%;0.1%;-0.4%;;;
2007.06.21 05:00:00;CHF;2;Credit Suisse Economic Expectations;0.0;;-0.1;;;
2007.06.21 06:00:00;GBP;2;CBI Industrial Order Expectations;5;6;8;;;
2007.06.21 08:30:00;CAD;3;Core Retail Sales m/m;1.1%;0.5%;0.0%;;;
2007.06.21 08:30:00;CAD;2;Retail Sales m/m;1.8%;0.9%;0.4%;;1.9%;
2007.06.21 08:30:00;USD;2;Unemployment Claims;314K;312K;324K;;311K;
2007.06.21 08:45:00;CHF;2;SNB Chairman Roth Speaks;;;;;;
2007.06.21 10:00:00;USD;1;CB Leading Index m/m;-0.3%;0.2%;0.3%;;-0.5%;
2007.06.21 10:30:00;CAD;1;BOC Financial System Review;;;;;;
2007.06.21 10:30:00;USD;1;Natural Gas Storage;92B;88B;89B;;;
2007.06.21 12:00:00;USD;2;Philly Fed Manufacturing Index;4.2;7.5;18.0;;;
2007.06.21 23:00:00;NZD;1;Credit Card Spending y/y;7.8%;;5.8%;;;
2007.06.22 01:45:00;CHF;2;SECO Economic Forecasts;;;;;;
2007.06.22 04:00:00;EUR;3;German ifo Business Climate;108.6;108.4;107.0;;;
2007.06.22 04:00:00;EUR;2;ECB President Trichet Speaks;;;;;;
2007.06.22 05:00:00;EUR;2;Industrial New Orders m/m;2.8%;-0.7%;-0.4%;;2.7%;
2007.06.22 08:00:00;CHF;2;SNB Chairman Roth Speaks;;;;;;
2007.06.22 09:00:00;EUR;2;Belgian NBB Business Climate;3.9;3.7;5.5;;;
2007.06.25 02:00:00;EUR;1;German GfK Consumer Climate;7.4;7.8;8.4;;7.3;
2007.06.25 10:00:00;USD;3;Existing Home Sales;6.01M;5.96M;5.99M;;5.99M;
2007.06.25 19:40:00;AUD;2;HIA New Home Sales m/m;7.1%;;-4.4%;;;
2007.06.25 19:50:00;JPY;1;SPPI y/y;1.0%;1.3%;1.4%;;1.1%;
2007.06.26 02:00:00;EUR;1;German Import Prices m/m;0.9%;0.4%;0.3%;;;
2007.06.26 04:00:00;CHF;2;UBS Consumption Indicator;2.38;;2.09;;2.35;
2007.06.26 04:00:00;EUR;1;Current Account;6.7B;-1.0B;-4.0B;;5.4B;
2007.06.26 07:00:00;GBP;2;MPC Member Gieve Speaks;;;;;;
2007.06.26 09:00:00;NZD;1;Westpac Consumer Sentiment;117.7;;111.4;;;
2007.06.26 09:00:00;USD;1;SP/CS Composite-20 HPI y/y;-1.3%;-2.1%;-2.1%;;-1.4%;
2007.06.26 10:00:00;USD;3;CB Consumer Confidence;108.5;105.5;103.9;;108.0;
2007.06.26 10:00:00;USD;3;New Home Sales;930K;922K;915K;;981K;
2007.06.26 10:00:00;USD;1;Richmond Manufacturing Index;-10;-8;4;;;
2007.06.26 18:45:00;NZD;3;Trade Balance;-189M;500M;9M;;-212M;
2007.06.26 19:15:00;AUD;2;RBA Deputy Gov Lowe Speaks;;;;;;
2007.06.26 19:50:00;JPY;2;Retail Sales y/y;-0.7%;-0.6%;0.1%;;-0.6%;
2007.06.26 20:00:00;AUD;1;CB Leading Index m/m;0.8%;;0.3%;;0.5%;
2007.06.27 04:30:00;GBP;2;High Street Lending;64.8K;;77.4K;;;
2007.06.27 05:30:00;CHF;2;KOF Economic Barometer;1.94;2.05;1.98;;1.96;
2007.06.27 06:00:00;GBP;2;CBI Realized Sales;31;34;17;;;
2007.06.27 08:30:00;USD;3;Core Durable Goods Orders m/m;2.5%;0.2%;-1.0%;;1.5%;
2007.06.27 08:30:00;USD;2;Durable Goods Orders m/m;1.1%;-1.2%;-2.8%;;0.6%;
2007.06.27 10:30:00;USD;1;Crude Oil Inventories;6.9M;1.6M;1.6M;;;
2007.06.27 13:00:00;USD;1;Treasury Sec Paulson Speaks;;;;;;
2007.06.27 18:45:00;NZD;3;Current Account;-3.94B;-2.56B;-2.22B;;-3.93B;
2007.06.27 18:45:00;NZD;2;Building Consents m/m;0.5%;;5.5%;;0.7%;
2007.06.27 19:50:00;JPY;2;Prelim Industrial Production m/m;-0.2%;0.9%;-0.4%;;-0.1%;
2007.06.27 23:00:00;NZD;2;Final ANZ Business Confidence;-48.2;;-37.2;;;
2007.06.28 02:00:00;GBP;2;Nationwide HPI m/m;0.5%;0.6%;1.1%;;;
2007.06.28 02:00:00;EUR;2;German Prelim CPI m/m (All Day);0.2%;0.2%;0.1%;;;
2007.06.28 03:55:00;EUR;2;German Unemployment Change;-13K;-40K;-47K;;;
2007.06.28 04:00:00;EUR;1;M3 Money Supply y/y;10.4%;10.4%;10.7%;;;
2007.06.28 04:00:00;EUR;1;Private Loans y/y;10.3%;10.3%;10.3%;;;
2007.06.28 04:00:00;EUR;1;Retail PMI;48.4;;48.2;;;
2007.06.28 04:45:00;GBP;3;Monetary Policy Report Hearings;;;;;;
2007.06.28 05:00:00;CHF;1;SNB Quarterly Bulletin;;;;;;
2007.06.28 05:00:00;EUR;1;Italian Prelim CPI m/m;0.3%;0.2%;0.2%;;0.4%;
2007.06.28 05:19:00;EUR;1;Italian 10-y Bond Auction;4.51|1.5;;4.74|1.5;;;
2007.06.28 08:30:00;CAD;1;IPPI m/m;0.3%;0.2%;-0.5%;;0.2%;
2007.06.28 08:30:00;CAD;1;RMPI m/m;3.3%;0.7%;-0.2%;;;
2007.06.28 08:30:00;USD;2;Final GDP q/q;0.6%;0.8%;0.7%;;;
2007.06.28 08:30:00;USD;1;Final GDP Price Index q/q;4.0%;4.0%;4.2%;;;
2007.06.28 08:30:00;USD;1;Unemployment Claims;326K;315K;313K;;324K;
2007.06.28 10:30:00;USD;1;Natural Gas Storage;89B;84B;99B;;;
2007.06.28 14:15:00;USD;3;FOMC Statement;;;;;;
2007.06.28 14:15:00;USD;3;Federal Funds Rate;5.25%;5.25%;5.25%;;;
2007.06.28 18:45:00;NZD;3;GDP q/q;0.8%;1.0%;1.0%;;;
2007.06.28 19:30:00;JPY;2;Tokyo Core CPI y/y;0.0%;0.1%;-0.1%;;;
2007.06.28 19:30:00;JPY;1;Final Manufacturing PMI;51.4;;50.4;;;
2007.06.28 19:30:00;JPY;1;Household Spending y/y;1.1%;0.5%;0.4%;;;
2007.06.28 19:30:00;JPY;1;National Core CPI y/y;-0.1%;-0.1%;-0.1%;;;
2007.06.28 19:30:00;JPY;1;Unemployment Rate;3.8%;3.9%;3.8%;;;
2007.06.28 21:30:00;AUD;2;Private Sector Credit m/m;1.3%;1.1%;1.2%;;1.2%;
2007.06.29 01:00:00;JPY;1;Housing Starts y/y;-3.6%;-0.8%;-10.7%;;;
2007.06.29 02:00:00;EUR;2;German Retail Sales m/m;1.4%;0.1%;-1.8%;;1.2%;
2007.06.29 02:00:00;EUR;0;Italian Bank Holiday (All Day);;;;;;
2007.06.29 04:30:00;GBP;3;Current Account;-14.5B;-12.0B;-12.2B;;-12.7B;
2007.06.29 04:30:00;GBP;1;Final GDP q/q;0.7%;0.7%;0.7%;;;
2007.06.29 04:30:00;GBP;1;Mortgage Approvals;109K;106K;114K;;107K;
2007.06.29 04:30:00;GBP;1;Net Lending to Individuals m/m;9.2B;10.0B;9.5B;;9.4B;
2007.06.29 04:30:00;GBP;1;Revised Business Investment q/q;-1.3%;-1.3%;-0.6%;;;
2007.06.29 05:00:00;EUR;1;CPI Flash Estimate y/y;1.9%;1.9%;1.9%;;;
2007.06.29 05:00:00;EUR;1;Consumer Confidence;-1;-1;-2;;;
2007.06.29 05:30:00;GBP;1;GfK Consumer Confidence;-2;-2;-3;;;
2007.06.29 08:30:00;CAD;3;GDP m/m;0.3%;0.2%;0.0%;;;
2007.06.29 08:30:00;USD;3;Core PCE Price Index m/m;0.1%;0.1%;0.1%;;;
2007.06.29 08:30:00;USD;2;Personal Spending m/m;0.5%;0.7%;0.5%;;;
2007.06.29 08:30:00;USD;1;Personal Income m/m;-0.2%;0.6%;0.4%;;-0.1%;
2007.06.29 09:00:00;CHF;2;SNB Chairman Roth Speaks;;;;;;
2007.06.29 09:45:00;USD;2;Chicago PMI;61.7;58.0;60.2;;;
2007.06.29 10:00:00;USD;2;Revised UoM Consumer Sentiment;83.7;83.9;85.3;;;
2007.06.29 10:00:00;USD;1;Construction Spending m/m;0.2%;0.1%;0.9%;;0.1%;
2007.06.29 10:00:00;USD;1;Revised UoM Inflation Expectations;3.5%;;3.4%;;;
2007.06.29 10:30:00;CAD;3;BOC Business Outlook Survey;;;;;;
