2008.10.01 02:00:00;EUR;2;German Retail Sales m/m;-1.0%;0.5%;3.1%;;-1.5%;
2008.10.01 02:30:00;AUD;2;Commodity Prices y/y;47.0%;;43.3%;;45.2%;
2008.10.01 03:15:00;EUR;1;Spanish Manufacturing PMI;42.4;;38.3;;;
2008.10.01 03:30:00;CHF;2;Manufacturing PMI;52.5;51.0;47.8;;;
2008.10.01 03:45:00;EUR;1;Italian Manufacturing PMI;47.1;46.1;44.4;;;
2008.10.01 03:50:00;EUR;1;French Final Manufacturing PMI;43.6;;43.0;;;
2008.10.01 03:55:00;EUR;1;German Final Manufacturing PMI;48.1;;47.4;;;
2008.10.01 04:00:00;EUR;1;Final Manufacturing PMI;45.3;45.3;45.0;;;
2008.10.01 04:30:00;GBP;3;Final Manufacturing PMI;45.3;45.0;41.0;;45.9;
2008.10.01 04:30:00;GBP;1;Index of Services 3m/3m;0.2%;0.1%;0.0%;;;
2008.10.01 05:00:00;EUR;2;ECB President Trichet Speaks;;;;;;
2008.10.01 05:00:00;EUR;1;Unemployment Rate;7.4%;7.3%;7.5%;;7.3%;
2008.10.01 07:30:00;USD;1;Challenger Job Cuts y/y;11.7%;;32.6%;;;
2008.10.01 08:15:00;USD;3;ADP Non-Farm Employment Change;-37K;-55K;-8K;;-33K;
2008.10.01 09:30:00;NZD;1;GDT Price Index;-14.2%;;-11.8%;;;
2008.10.01 10:00:00;USD;3;ISM Manufacturing PMI;49.9;49.5;43.5;;;
2008.10.01 10:00:00;USD;1;Construction Spending m/m;-1.4%;-0.4%;0.0%;;-0.6%;
2008.10.01 10:00:00;USD;1;ISM Manufacturing Prices;77.0;73.0;53.5;;;
2008.10.01 10:35:00;USD;2;Crude Oil Inventories;-1.5M;1.8M;4.3M;;;
2008.10.01 10:35:00;USD;1;Total Vehicle Sales (All Day);13.7M;13.6M;12.5M;;;
2008.10.01 19:50:00;JPY;1;Monetary Base y/y;-0.2%;0.7%;0.9%;;;
2008.10.01 19:50:00;CNY;0;Bank Holiday (All Day);;;;;;
2008.10.01 21:30:00;AUD;3;Trade Balance;-0.70B;0.26B;1.36B;;-0.72B;
2008.10.01 21:35:00;USD;3;Economic Stabilization Bill Vote;;Pass;Pass;;;
2008.10.01 22:02:00;NZD;1;ANZ Commodity Prices m/m;-3.3%;;-4.9%;;;
2008.10.01 22:30:00;CNY;2;Caixin Manufacturing PMI;49.2;;47.7;;;
2008.10.01 23:45:00;JPY;1;10-y Bond Auction;1.49|2.7;;1.53|2.6;;;
2008.10.02 01:45:00;CHF;2;SECO Economic Forecasts;;;;;;
2008.10.02 02:00:00;GBP;3;Nationwide HPI m/m;-1.7%;-1.6%;-1.7%;;-1.9%;
2008.10.02 03:00:00;EUR;1;Spanish Unemployment Change;103.1K;;95.4K;;;
2008.10.02 04:30:00;GBP;2;BOE Credit Conditions Survey;;;;;;
2008.10.02 04:33:00;GBP;2;Construction PMI;40.5;39.0;38.8;;;
2008.10.02 05:00:00;CHF;1;SNB Quarterly Bulletin;;;;;;
2008.10.02 05:00:00;EUR;1;PPI m/m;1.3%;-0.5%;-0.5%;;1.1%;
2008.10.02 05:20:00;EUR;1;French 10-y Bond Auction;4.36|1.9;;4.43|1.7;;;
2008.10.02 07:45:00;EUR;3;Main Refinancing Rate;4.25%;4.25%;4.25%;;;
2008.10.02 08:30:00;EUR;3;ECB Press Conference;;;;;;
2008.10.02 08:30:00;USD;3;Unemployment Claims;496K;475K;497K;;493K;
2008.10.02 10:00:00;USD;2;Factory Orders m/m;0.7%;-2.6%;-4.0%;;1.3%;
2008.10.02 10:35:00;USD;1;Natural Gas Storage;51B;75B;87B;;;
2008.10.02 19:32:00;AUD;1;AIG Services Index;39.3;;44.9;;;
2008.10.02 19:32:00;CNY;0;Bank Holiday (All Day);;;;;;
2008.10.02 20:30:00;AUD;1;MI Inflation Gauge m/m;0.1%;;0.4%;;;
2008.10.02 21:00:00;CNY;1;Non-Manufacturing PMI;53.8;;58.1;;;
2008.10.03 01:45:00;CHF;2;CPI m/m;-0.3%;-0.1%;0.1%;;;
2008.10.03 01:45:00;EUR;0;German Bank Holiday (All Day);;;;;;
2008.10.03 03:15:00;EUR;1;Spanish Services PMI;39.0;;36.1;;;
2008.10.03 03:45:00;EUR;1;Italian Services PMI;48.5;48.2;49.4;;;
2008.10.03 03:50:00;EUR;1;French Final Services PMI;50.4;50.4;50.1;;;
2008.10.03 03:55:00;EUR;1;German Final Services PMI;49.3;49.3;50.2;;;
2008.10.03 04:00:00;EUR;1;Final Services PMI;48.2;48.2;48.4;;;
2008.10.03 04:30:00;GBP;3;Final Services PMI;49.2;48.0;46.0;;;
2008.10.03 04:34:00;GBP;1;Housing Equity Withdrawal q/q;5.2B;2.5B;-2.8B;;5.0B;
2008.10.03 05:00:00;EUR;2;Retail Sales m/m;0.1%;0.1%;0.3%;;-0.4%;
2008.10.03 08:30:00;USD;3;Non-Farm Employment Change;-73K;-100K;-159K;;-84K;
2008.10.03 08:30:00;USD;3;Unemployment Rate;6.1%;6.1%;6.1%;;;
2008.10.03 08:30:00;USD;2;Average Hourly Earnings m/m;0.4%;0.3%;0.2%;;;
2008.10.03 10:00:00;USD;3;ISM Services PMI;50.6;50.0;50.2;;;
2008.10.03 13:23:00;USD;3;Economic Stabilization Bill Vote;;Pass;Pass;;;
2008.10.03 13:55:00;USD;1;President Bush Speaks;;;;;;
2008.10.04 00:00:00;EUR;2;EU Economic Summit (All Day);;;;;;
2008.10.04 12:00:00;AUD;0;Daylight Saving Time Shift;;;;;;
2008.10.05 00:00:00;AUD;0;Bank Holiday (All Day);;;;;;
2008.10.06 03:00:00;CHF;1;Foreign Currency Reserves;48B;;49B;;;
2008.10.06 03:00:00;EUR;1;Eurogroup Meetings (All Day);;;;;;
2008.10.06 04:30:00;EUR;1;Sentix Investor Confidence;-20.2;-27.1;-27.8;;;
2008.10.06 08:30:00;CAD;3;Building Permits m/m;2.6%;-1.4%;-13.5%;;1.8%;
2008.10.06 10:00:00;CAD;3;Ivey PMI;51.5;51.0;61.0;;;
2008.10.06 13:30:00;USD;2;FOMC Member Fisher Speaks;;;;;;
2008.10.06 13:45:00;USD;1;President Bush Speaks;;;;;;
2008.10.06 17:00:00;NZD;3;NZIER Business Confidence;-64;;-19;;;
2008.10.06 18:30:00;AUD;1;AIG Construction Index;43.1;;31.8;;;
2008.10.06 23:30:00;AUD;3;Cash Rate;7.00%;6.50%;6.00%;;;
2008.10.06 23:30:00;AUD;3;RBA Rate Statement;;;;;;
2008.10.06 23:58:00;JPY;3;Overnight Call Rate;0.50%;0.50%;0.50%;;;
2008.10.06 23:58:00;JPY;2;Monetary Policy Statement;;;;;;
2008.10.07 01:00:00;JPY;1;Leading Indicators;91.4%;89.3%;89.3%;;91.6%;
2008.10.07 03:19:00;JPY;3;BOJ Press Conference;;;;;;
2008.10.07 03:19:00;EUR;1;ECOFIN Meetings (All Day);;;;;;
2008.10.07 04:30:00;GBP;3;Manufacturing Production m/m;-0.2%;-0.2%;-0.4%;;;
2008.10.07 04:30:00;GBP;1;Industrial Production m/m;-0.4%;-0.2%;-0.6%;;;
2008.10.07 06:00:00;EUR;2;German Factory Orders m/m;-1.3%;0.2%;3.6%;;-1.7%;
2008.10.07 09:30:00;EUR;2;ECB President Trichet Speaks;;;;;;
2008.10.07 10:00:00;USD;3;Fed Announcement;;;;;;
2008.10.07 10:00:00;USD;1;JOLTS Job Openings;3.49M;;3.28M;;3.42M;
2008.10.07 11:00:00;USD;2;FOMC Member Stern Speaks;;;;;;
2008.10.07 13:15:00;USD;3;Fed Chairman Bernanke Speaks;;;;;;
2008.10.07 14:00:00;USD;3;FOMC Meeting Minutes;;;;;;
2008.10.07 15:00:00;USD;1;Consumer Credit m/m;5.2B;5.6B;-7.9B;;4.6B;
2008.10.07 19:01:00;GBP;2;NIESR GDP Estimate;-0.2%;;-0.2%;;;
2008.10.07 19:01:00;GBP;2;Nationwide Consumer Confidence;53;48;50;;52;
2008.10.07 19:30:00;AUD;2;Westpac Consumer Sentiment;7.0%;;-11.0%;;;
2008.10.07 20:30:00;AUD;3;Home Loans m/m;-0.9%;-1.0%;-2.2%;;-0.2%;
2008.10.08 00:00:00;JPY;2;BOJ Gov Shirakawa Speaks;;;;;;
2008.10.08 01:00:00;JPY;2;BOJ Monthly Report;;;;;;
2008.10.08 01:00:00;JPY;1;Economy Watchers Sentiment;28.3;27.8;28.0;;;
2008.10.08 02:45:00;EUR;1;French Gov Budget Balance;-51.4B;;-67.6B;;;
2008.10.08 02:45:00;EUR;1;French Trade Balance;-4.9B;-4.7B;-5.4B;;-4.8B;
2008.10.08 05:00:00;EUR;1;Final GDP q/q;-0.2%;-0.2%;-0.2%;;;
2008.10.08 05:30:00;GBP;1;BRC Shop Price Index y/y;3.8%;;3.6%;;;
2008.10.08 06:00:00;EUR;2;German Industrial Production m/m;-1.6%;-0.2%;3.4%;;-1.8%;
2008.10.08 07:00:00;CAD;3;BOC Rate Statement;;;;;;
2008.10.08 07:00:00;CAD;3;Overnight Rate;3.00%;;2.50%;;;
2008.10.08 07:00:00;CHF;3;Libor Rate;2.75%;;2.50%;;;
2008.10.08 07:00:00;EUR;3;Main Refinancing Rate;4.25%;;3.75%;;;
2008.10.08 07:00:00;GBP;3;MPC Rate Statement;;;;;;
2008.10.08 07:00:00;GBP;3;Official Bank Rate;5.00%;;4.50%;;;
2008.10.08 07:00:00;USD;3;FOMC Statement;;;;;;
2008.10.08 07:00:00;USD;3;Federal Funds Rate;2.00%;;1.50%;;;
2008.10.08 07:45:00;USD;2;FOMC Member Plosser Speaks;;;;;;
2008.10.08 08:15:00;CAD;3;Housing Starts;217K;207K;218K;;211K;
2008.10.08 10:00:00;USD;3;Pending Home Sales m/m;-2.7%;-1.5%;7.4%;;-3.2%;
2008.10.08 10:30:00;GBP;1;CB Leading Index m/m;-0.7%;;-0.6%;;;
2008.10.08 10:35:00;USD;2;Crude Oil Inventories;4.3M;2.0M;8.1M;;;
2008.10.08 15:00:00;USD;2;Treasury Sec Paulson Speaks;;;;;;
2008.10.08 19:50:00;JPY;2;Core Machinery Orders m/m;-3.9%;-3.0%;-14.5%;;;
2008.10.08 20:00:00;AUD;1;MI Inflation Expectations;4.4%;;4.4%;;;
2008.10.08 20:30:00;AUD;3;Employment Change;10.2K;0.0K;2.2K;;14.6K;
2008.10.08 20:30:00;AUD;3;Unemployment Rate;4.1%;4.3%;4.3%;;;
2008.10.09 02:00:00;EUR;1;German Trade Balance;11.6B;12.0B;13.1B;;11.8B;
2008.10.09 02:00:00;EUR;1;German WPI m/m;-1.8%;-0.5%;-0.6%;;;
2008.10.09 02:00:00;JPY;1;Prelim Machine Tool Orders y/y;13.9%;;-20.7%;;-14.2%;
2008.10.09 04:00:00;EUR;2;ECB Monthly Bulletin;;;;;;
2008.10.09 04:00:00;GBP;3;Halifax HPI m/m;-1.8%;-1.8%;-1.3%;;;
2008.10.09 04:30:00;GBP;2;Goods Trade Balance;-8.2B;-7.6B;-8.2B;;-7.7B;
2008.10.09 08:30:00;USD;3;Unemployment Claims;498K;475K;478K;;497K;
2008.10.09 10:00:00;USD;1;Final Wholesale Inventories m/m;1.5%;0.5%;0.8%;;1.4%;
2008.10.09 10:35:00;USD;1;Natural Gas Storage;87B;86B;88B;;;
2008.10.09 13:00:00;USD;2;10-y Bond Auction;3.63|2.5;;3.79|2.3;;;
2008.10.09 13:30:00;USD;2;FOMC Member Stern Speaks;;;;;;
2008.10.09 19:50:00;JPY;2;Monetary Policy Meeting Minutes;;;;;;
2008.10.09 19:50:00;JPY;1;Bank Lending y/y;1.8%;;1.6%;;;
2008.10.09 19:50:00;JPY;1;M2 Money Stock y/y;2.4%;2.4%;2.2%;;;
2008.10.10 01:00:00;CNY;1;Foreign Direct Investment ytd/y;41.6%;;39.9%;;;
2008.10.10 01:45:00;CHF;1;Unemployment Rate;2.5%;2.5%;2.6%;;;
2008.10.10 02:45:00;EUR;2;French Industrial Production m/m;1.4%;-0.7%;-0.4%;;1.2%;
2008.10.10 04:00:00;EUR;1;Italian Industrial Production m/m;-0.5%;0.4%;1.4%;;-1.1%;
2008.10.10 07:00:00;CAD;3;Employment Change;15.2K;11.0K;106.9K;;;
2008.10.10 07:00:00;CAD;3;Unemployment Rate;6.1%;6.2%;6.1%;;;
2008.10.10 08:30:00;CAD;3;Trade Balance;4.2B;4.6B;5.8B;;4.9B;
2008.10.10 08:30:00;CAD;1;NHPI m/m;0.1%;0.0%;0.0%;;;
2008.10.10 08:30:00;USD;3;Trade Balance;-61.3B;-59.5B;-59.1B;;-62.2B;
2008.10.10 08:30:00;USD;2;Import Prices m/m;-2.6%;-2.6%;-3.0%;;-3.7%;
2008.10.10 10:00:00;USD;1;President Bush Speaks;;;;;;
2008.10.10 10:00:00;All;3;G7 Meetings (All Day);;;;;;
2008.10.10 10:30:00;CAD;3;BOC Business Outlook Survey;;;;;;
2008.10.10 18:45:00;USD;2;Treasury Sec Paulson Speaks;;;;;;
2008.10.10 19:00:00;EUR;2;ECB President Trichet Speaks;;;;;;
2008.10.12 08:45:00;USD;2;FOMC Member Fisher Speaks;;;;;;
2008.10.12 17:45:00;NZD;3;Core Retail Sales m/m;0.0%;1.0%;0.8%;;-0.2%;
2008.10.12 17:45:00;NZD;3;Retail Sales m/m;-0.7%;0.4%;0.4%;;-0.8%;
2008.10.12 17:45:00;JPY;0;Bank Holiday (All Day);;;;;;
2008.10.12 20:30:00;AUD;2;ANZ Job Advertisements m/m;-4.9%;;-1.4%;;;
2008.10.12 20:30:00;JPY;2;BOJ Gov Shirakawa Speaks;;;;;;
2008.10.13 03:00:00;CNY;3;USD-Denominated Trade Balance;28.7B;24.5B;29.4B;;;
2008.10.13 03:15:00;CHF;2;PPI m/m;-0.5%;-0.3%;-0.5%;;;
2008.10.13 04:30:00;GBP;3;PPI Input m/m;-2.0%;-1.5%;-1.2%;;;
2008.10.13 04:30:00;GBP;1;PPI Output m/m;-0.7%;-0.4%;-0.3%;;-0.6%;
2008.10.13 06:30:00;GBP;2;MPC Member Sentance Speaks;;;;;;
2008.10.13 08:00:00;USD;3;Assist Treasury Sec Kashkari Speaks;;;;;;
2008.10.13 08:00:00;USD;0;Bank Holiday (All Day);;;;;;
2008.10.13 08:00:00;CAD;0;Bank Holiday (All Day);;;;;;
2008.10.13 08:00:00;All;2;IMF Meetings (All Day);;;;;;
2008.10.13 19:01:00;GBP;2;BRC Retail Sales Monitor y/y;-1.0%;;-1.5%;;;
2008.10.13 19:01:00;GBP;2;RICS House Price Balance;-82%;-85%;-84%;;-81%;
2008.10.13 19:50:00;JPY;1;PPI y/y;7.2%;6.6%;6.8%;;;
2008.10.13 20:30:00;AUD;1;NAB Business Confidence;-7;;-8;;;
2008.10.13 22:00:00;CNY;2;New Loans;272B;;375B;;;
2008.10.13 22:00:00;CNY;1;M2 Money Supply y/y;16.0%;16.0%;15.3%;;;
2008.10.14 01:00:00;JPY;1;Consumer Confidence;30.1;30.2;31.4;;;
2008.10.14 02:45:00;EUR;1;French Final CPI m/m;0.0%;0.0%;-0.1%;;;
2008.10.14 04:30:00;GBP;3;CPI y/y;4.7%;5.0%;5.2%;;;
2008.10.14 04:30:00;GBP;2;Core CPI y/y;2.0%;2.1%;2.2%;;;
2008.10.14 04:30:00;GBP;1;RPI y/y;4.8%;4.9%;5.0%;;;
2008.10.14 04:47:00;GBP;1;ONS HPI y/y;-0.3%;-1.1%;-3.4%;;;
2008.10.14 05:00:00;EUR;3;German ZEW Economic Sentiment;-41.1;-51.1;-63.0;;;
2008.10.14 05:00:00;EUR;2;Industrial Production m/m;-0.2%;1.1%;1.1%;;-0.3%;
2008.10.14 05:00:00;EUR;2;ZEW Economic Sentiment;-40.9;-57.2;-62.7;;;
2008.10.14 07:30:00;USD;1;NFIB Small Business Index;91.1;;92.9;;;
2008.10.14 08:05:00;USD;1;President Bush Speaks;;;;;;
2008.10.14 08:30:00;CAD;1;New Motor Vehicle Sales m/m;-0.8%;-1.0%;-2.3%;;;
2008.10.14 08:30:00;USD;3;Fed Chairman Bernanke Speaks;;;;;;
2008.10.14 08:32:00;USD;3;Fed Announcement;;;;;;
2008.10.14 08:38:00;JPY;3;Overnight Call Rate;0.50%;0.50%;0.50%;;;
2008.10.14 09:00:00;JPY;3;BOJ Gov Shirakawa Speaks;;;;;;
2008.10.14 09:30:00;USD;3;Fed Announcement;;;;;;
2008.10.14 10:00:00;USD;1;IBD/TIPP Economic Optimism;45.8;44.5;41.1;;;
2008.10.14 10:00:00;CAD;1;Federal Election (All Day);;;;;;
2008.10.14 12:15:00;EUR;2;ECB President Trichet Speaks;;;;;;
2008.10.14 12:30:00;USD;1;FOMC Member Plosser Speaks;;;;;;
2008.10.14 16:00:00;USD;2;Federal Budget Balance;-111.9B;47.0B;45.7B;;;
2008.10.14 19:30:00;AUD;1;MI Leading Index m/m;0.1%;;-0.1%;;0.2%;
2008.10.14 19:50:00;JPY;1;Current Account;1.56T;1.15T;0.90T;;;
2008.10.14 20:30:00;AUD;1;RBA Bulletin;;;;;;
2008.10.15 00:30:00;JPY;1;Revised Industrial Production m/m;-3.5%;-3.5%;-3.5%;;;
2008.10.15 02:00:00;EUR;1;German Final CPI m/m;-0.1%;-0.1%;-0.1%;;;
2008.10.15 04:30:00;GBP;3;Claimant Count Change;35.7K;35.5K;31.8K;;32.5K;
2008.10.15 04:30:00;GBP;2;Average Earnings Index 3m/y;3.5%;3.5%;3.4%;;;
2008.10.15 04:30:00;GBP;1;Unemployment Rate;5.5%;5.6%;5.7%;;;
2008.10.15 05:00:00;EUR;3;Final CPI y/y;3.6%;3.6%;3.6%;;;
2008.10.15 05:00:00;EUR;2;Final Core CPI y/y;1.9%;1.9%;1.9%;;;
2008.10.15 07:00:00;NZD;1;BusinessNZ Manufacturing Index;45.7;;47.0;;;
2008.10.15 08:30:00;USD;3;Core Retail Sales m/m;-0.9%;-0.3%;-0.6%;;-0.7%;
2008.10.15 08:30:00;USD;3;PPI m/m;-0.9%;-0.4%;-0.4%;;;
2008.10.15 08:30:00;USD;3;Retail Sales m/m;-0.4%;-0.6%;-1.2%;;-0.3%;
2008.10.15 08:30:00;USD;2;Core PPI m/m;0.2%;0.2%;0.4%;;;
2008.10.15 08:30:00;USD;2;Empire State Manufacturing Index;-7.4;-9.0;-24.6;;;
2008.10.15 10:00:00;USD;2;Business Inventories m/m;1.1%;0.5%;0.3%;;;
2008.10.15 12:15:00;USD;3;Fed Chairman Bernanke Speaks;;;;;;
2008.10.15 14:00:00;USD;2;Beige Book;;;;;;
2008.10.15 19:00:00;USD;2;FOMC Member Kohn Speaks;;;;;;
2008.10.16 03:15:00;CHF;2;Retail Sales y/y;6.2%;0.9%;0.0%;;;
2008.10.16 04:00:00;EUR;1;Italian Trade Balance;2.07B;-1.20B;-2.12B;;;
2008.10.16 05:00:00;CHF;2;Credit Suisse Economic Expectations;-44.4;;-91.1;;;
2008.10.16 08:30:00;CAD;2;Manufacturing Sales m/m;2.7%;-0.7%;-3.7%;;;
2008.10.16 08:30:00;USD;3;Core CPI m/m;0.2%;0.2%;0.1%;;;
2008.10.16 08:30:00;USD;2;CPI m/m;-0.1%;0.1%;0.0%;;;
2008.10.16 08:30:00;USD;2;Unemployment Claims;477K;469K;461K;;478K;
2008.10.16 09:00:00;USD;3;TIC Long-Term Purchases;8.6B;28.0B;14.0B;;6.1B;
2008.10.16 09:15:00;USD;2;Capacity Utilization Rate;78.7%;78.0%;76.4%;;;
2008.10.16 09:15:00;USD;2;Industrial Production m/m;-1.0%;-0.7%;-2.8%;;-1.1%;
2008.10.16 10:00:00;USD;2;Philly Fed Manufacturing Index;3.8;-9.0;-37.5;;;
2008.10.16 10:35:00;USD;1;Natural Gas Storage;88B;82B;79B;;;
2008.10.16 11:00:00;USD;2;Crude Oil Inventories;8.1M;2.0M;5.6M;;;
2008.10.16 12:00:00;USD;1;FOMC Member Stern Speaks;;;;;;
2008.10.16 13:00:00;USD;1;NAHB Housing Market Index;17;17;14;;18;
2008.10.16 19:50:00;JPY;2;Tertiary Industry Activity m/m;1.2%;-0.8%;-1.4%;;;
2008.10.16 20:30:00;AUD;1;Import Prices q/q;1.4%;0.5%;5.0%;;;
2008.10.17 02:35:00;JPY;2;BOJ Gov Shirakawa Speaks;;;;;;
2008.10.17 05:00:00;EUR;1;Trade Balance;-6.7B;-5.4B;-6.1B;;-6.4B;
2008.10.17 08:30:00;USD;3;Building Permits;0.86M;0.84M;0.79M;;0.85M;
2008.10.17 08:30:00;USD;2;Housing Starts;0.87M;0.88M;0.82M;;0.90M;
2008.10.17 09:55:00;USD;3;Prelim UoM Consumer Sentiment;70.3;66.0;57.5;;73.1;
2008.10.17 09:55:00;USD;1;Prelim UoM Inflation Expectations;4.3%;;4.5%;;3.6%;
2008.10.19 19:01:00;GBP;2;Rightmove HPI m/m;-1.0%;;1.0%;;;
2008.10.19 20:30:00;AUD;3;PPI q/q;1.0%;0.9%;2.0%;;;
2008.10.19 20:30:00;JPY;2;BOJ Gov Shirakawa Speaks;;;;;;
2008.10.19 22:00:00;CNY;3;GDP q/y;10.1%;9.7%;9.0%;;;
2008.10.19 22:00:00;CNY;3;Industrial Production y/y;12.8%;13.4%;11.4%;;;
2008.10.19 22:00:00;CNY;2;CPI y/y;4.9%;4.6%;4.6%;;;
2008.10.19 22:00:00;CNY;2;Fixed Asset Investment ytd/y;27.4%;27.2%;27.6%;;;
2008.10.19 22:00:00;CNY;2;NBS Press Conference;;;;;;
2008.10.19 22:00:00;CNY;2;PPI y/y;10.1%;9.7%;9.1%;;;
2008.10.19 22:00:00;CNY;1;Retail Sales y/y;23.2%;22.8%;23.2%;;;
2008.10.20 02:00:00;EUR;2;German PPI m/m;-0.6%;-0.5%;0.3%;;;
2008.10.20 04:30:00;GBP;1;M4 Money Supply m/m;1.5%;0.9%;1.4%;;1.4%;
2008.10.20 04:30:00;GBP;1;Public Sector Net Borrowing;10.3B;6.9B;8.1B;;10.4B;
2008.10.20 06:00:00;EUR;2;German Buba Monthly Report;;;;;;
2008.10.20 08:30:00;CAD;2;Foreign Securities Purchases;-5.48B;1.00B;-0.73B;;-5.59B;
2008.10.20 08:30:00;CAD;2;Wholesale Sales m/m;2.7%;-0.8%;-1.5%;;2.3%;
2008.10.20 10:00:00;USD;3;Fed Chairman Bernanke Testifies;;;;;;
2008.10.20 10:00:00;USD;1;CB Leading Index m/m;-0.9%;-0.2%;0.3%;;-0.5%;
2008.10.20 12:45:00;USD;2;FOMC Member Kroszner Speaks;;;;;;
2008.10.20 17:45:00;NZD;3;CPI q/q;1.6%;1.5%;1.5%;;;
2008.10.20 17:45:00;NZD;1;FPI m/m;2.7%;;0.6%;;;
2008.10.20 20:30:00;AUD;3;Monetary Policy Meeting Minutes;;;;;;
2008.10.20 20:30:00;AUD;1;New Motor Vehicle Sales m/m;-4.0%;;0.4%;;-3.5%;
2008.10.20 22:00:00;NZD;1;Credit Card Spending y/y;2.6%;;2.6%;;2.5%;
2008.10.20 22:10:00;AUD;3;RBA Gov Stevens Speaks;;;;;;
2008.10.20 23:45:00;JPY;1;30-y Bond Auction;2.44|3.5;;2.43|3.2;;;
2008.10.21 02:15:00;CHF;1;Trade Balance;1.44B;1.20B;1.44B;;1.43B;
2008.10.21 06:00:00;GBP;2;CBI Industrial Order Expectations;-26;-30;-39;;;
2008.10.21 09:00:00;CAD;3;BOC Rate Statement;;;;;;
2008.10.21 09:00:00;CAD;3;Overnight Rate;2.50%;2.00%;2.25%;;;
2008.10.21 15:10:00;GBP;3;BOE Gov King Speaks;;;;;;
2008.10.21 17:45:00;NZD;1;Visitor Arrivals m/m;-0.7%;;-6.0%;;-0.5%;
2008.10.21 19:30:00;USD;1;Treasury Sec Paulson Speaks;;;;;;
2008.10.21 19:45:00;USD;2;FOMC Member Stern Speaks;;;;;;
2008.10.21 19:50:00;JPY;1;All Industries Activity m/m;0.8%;-1.6%;-1.8%;;;
2008.10.21 20:30:00;AUD;3;CPI q/q;1.5%;1.0%;1.2%;;;
2008.10.21 20:30:00;AUD;2;Trimmed Mean CPI q/q;1.2%;1.1%;1.2%;;;
2008.10.22 04:00:00;EUR;1;Italian Retail Sales m/m;0.6%;0.1%;-0.5%;;;
2008.10.22 04:30:00;GBP;3;MPC Official Bank Rate Votes;0-1-8;0-9-0;0-9-0;;;
2008.10.22 08:30:00;CAD;3;Core Retail Sales m/m;0.4%;0.3%;-0.3%;;;
2008.10.22 08:30:00;CAD;2;Retail Sales m/m;0.1%;0.0%;-0.3%;;;
2008.10.22 08:30:00;CAD;1;Leading Index m/m;0.3%;0.1%;-0.2%;;0.2%;
2008.10.22 10:35:00;USD;2;Crude Oil Inventories;5.6M;2.3M;3.2M;;;
2008.10.22 16:00:00;NZD;3;Official Cash Rate;7.50%;6.50%;6.50%;;;
2008.10.22 16:00:00;NZD;3;RBNZ Press Conference;;;;;;
2008.10.22 16:00:00;NZD;3;RBNZ Rate Statement;;;;;;
2008.10.22 19:50:00;JPY;1;Trade Balance;-0.16T;0.14T;-0.03T;;-0.11T;
2008.10.23 02:45:00;EUR;2;French Consumer Spending m/m;-0.2%;-0.1%;0.6%;;-0.3%;
2008.10.23 04:00:00;EUR;2;Current Account;-1.8B;-5.0B;-8.4B;;-1.7B;
2008.10.23 04:30:00;GBP;3;Retail Sales m/m;1.1%;-0.8%;-0.4%;;1.2%;
2008.10.23 04:30:00;GBP;2;High Street Lending;21.3K;20.5K;23.4K;;21.1K;
2008.10.23 05:00:00;EUR;2;Industrial New Orders m/m;2.0%;0.3%;-1.2%;;1.0%;
2008.10.23 05:41:00;GBP;1;10-y Bond Auction;4.73|2.2;;4.47|2.0;;;
2008.10.23 08:30:00;USD;3;Unemployment Claims;463K;470K;478K;;461K;
2008.10.23 09:00:00;EUR;2;Belgian NBB Business Climate;-14.4;-16.0;-14.8;;;
2008.10.23 10:00:00;USD;2;FOMC Member Duke Speaks;;;;;;
2008.10.23 10:00:00;USD;1;HPI m/m;-0.8%;-0.5%;-0.6%;;-0.6%;
2008.10.23 10:30:00;CAD;3;BOC Monetary Policy Report;;;;;;
2008.10.23 10:35:00;USD;1;Natural Gas Storage;79B;76B;70B;;;
2008.10.23 11:15:00;CAD;3;BOC Press Conference;;;;;;
2008.10.24 02:00:00;EUR;1;German Import Prices m/m;-0.8%;-0.8%;-1.0%;;;
2008.10.24 03:00:00;EUR;2;French Flash Manufacturing PMI;43.0;42.3;40.8;;43.6;
2008.10.24 03:00:00;EUR;1;French Flash Services PMI;50.1;48.9;48.8;;50.4;
2008.10.24 03:00:00;EUR;1;Spanish Unemployment Rate;10.4%;11.5%;11.3%;;;
2008.10.24 03:30:00;EUR;3;German Flash Manufacturing PMI;47.4;46.0;43.3;;48.1;
2008.10.24 03:30:00;EUR;2;German Flash Services PMI;50.2;49.0;49.7;;49.3;
2008.10.24 04:00:00;EUR;2;Flash Manufacturing PMI;45.0;44.0;41.3;;45.3;
2008.10.24 04:00:00;EUR;2;Flash Services PMI;48.4;47.0;46.9;;48.2;
2008.10.24 04:00:00;All;1;OPEC Meetings (All Day);;;;;;
2008.10.24 04:30:00;GBP;3;Prelim GDP q/q;0.0%;-0.2%;-0.5%;;0.2%;
2008.10.24 04:30:00;GBP;1;Index of Services 3m/3m;-0.1%;-0.1%;-0.3%;;0.0%;
2008.10.24 07:00:00;CAD;3;Core CPI m/m;0.3%;0.3%;0.4%;;;
2008.10.24 07:00:00;CAD;2;CPI m/m;-0.2%;-0.1%;0.1%;;;
2008.10.24 10:00:00;USD;3;Existing Home Sales;4.91M;4.93M;5.18M;;;
2008.10.25 22:00:00;CHF;0;Daylight Saving Time Shift;;;;;;
2008.10.25 22:00:00;EUR;0;Daylight Saving Time Shift;;;;;;
2008.10.25 22:00:00;GBP;0;Daylight Saving Time Shift;;;;;;
2008.10.26 00:00:00;NZD;0;Bank Holiday (All Day);;;;;;
2008.10.26 19:50:00;JPY;1;SPPI y/y;1.4%;1.2%;0.1%;;;
2008.10.27 05:00:00;EUR;3;German ifo Business Climate;92.9;91.2;90.2;;;
2008.10.27 05:00:00;EUR;1;M3 Money Supply y/y;8.8%;8.5%;8.6%;;;
2008.10.27 05:00:00;EUR;1;Private Loans y/y;8.8%;8.4%;8.5%;;;
2008.10.27 09:55:00;EUR;2;ECB President Trichet Speaks;;;;;;
2008.10.27 10:00:00;USD;3;New Home Sales;452K;452K;464K;;460K;
2008.10.27 19:50:00;JPY;2;Retail Sales y/y;0.7%;0.0%;-0.4%;;;
2008.10.27 20:01:00;GBP;2;BOE Financial Stability Report;;;;;;
2008.10.27 20:30:00;AUD;2;NAB Quarterly Business Confidence;-8;;-7;;;
2008.10.28 03:00:00;EUR;2;German GfK Consumer Climate;1.8;1.5;1.9;;;
2008.10.28 05:00:00;CHF;2;UBS Consumption Indicator;1.58;;1.67;;1.62;
2008.10.28 06:00:00;GBP;2;MPC Member Gieve Speaks;;;;;;
2008.10.28 07:00:00;GBP;3;CBI Realized Sales;-27;-35;-27;;;
2008.10.28 09:00:00;USD;1;SP/CS Composite-20 HPI y/y;-16.3%;-16.6%;-16.6%;;;
2008.10.28 10:00:00;USD;3;CB Consumer Confidence;61.4;52.2;38.0;;59.8;
2008.10.28 10:03:00;USD;1;Richmond Manufacturing Index;-18;-21;-26;;;
2008.10.28 13:15:00;GBP;2;MPC Member Besley Speaks;;;;;;
2008.10.28 16:00:00;USD;3;Fed Announcement;;;;;;
2008.10.28 17:45:00;NZD;3;Trade Balance;-846M;-599M;-1183M;;-750M;
2008.10.28 19:50:00;JPY;2;Prelim Industrial Production m/m;-3.5%;0.5%;1.2%;;;
2008.10.29 00:00:00;EUR;2;German Prelim CPI m/m (All Day);-0.1%;-0.2%;-0.2%;;;
2008.10.29 05:30:00;GBP;2;Net Lending to Individuals m/m;0.4B;1.9B;2.4B;;1.4B;
2008.10.29 05:30:00;GBP;1;Mortgage Approvals;32K;32K;33K;;;
2008.10.29 08:30:00;USD;3;Core Durable Goods Orders m/m;-4.1%;-1.5%;-1.1%;;-3.0%;
2008.10.29 08:30:00;USD;2;Durable Goods Orders m/m;-5.5%;-1.2%;0.8%;;-4.5%;
2008.10.29 09:30:00;USD;3;Fed Announcement;;;;;;
2008.10.29 10:35:00;USD;2;Crude Oil Inventories;3.2M;1.4M;0.5M;;;
2008.10.29 14:00:00;GBP;1;MPC Member Blanchflower Speaks;;;;;;
2008.10.29 14:18:00;USD;3;FOMC Statement;;;;;;
2008.10.29 14:18:00;USD;3;Federal Funds Rate;1.50%;1.00%;1.00%;;;
2008.10.29 17:45:00;NZD;3;Building Consents m/m;-6.7%;;8.4%;;-7.9%;
2008.10.29 18:30:00;AUD;2;RBA Deputy Gov Battellino Speaks;;;;;;
2008.10.29 18:30:00;AUD;1;CB Leading Index m/m;0.0%;;0.4%;;;
2008.10.29 22:00:00;NZD;3;Final ANZ Business Confidence;1.6;;-42.3;;;
2008.10.30 03:00:00;GBP;3;Nationwide HPI m/m;-1.5%;-1.5%;-1.4%;;-1.7%;
2008.10.30 04:00:00;EUR;1;Retail PMI;46.2;;44.3;;;
2008.10.30 04:55:00;EUR;2;German Unemployment Change;-29K;-12K;-26K;;;
2008.10.30 06:00:00;EUR;1;Consumer Confidence;-19;-21;-24;;;
2008.10.30 06:36:00;EUR;1;Italian 10-y Bond Auction;4.95|1.2;;5.28|1.2;;;
2008.10.30 08:30:00;CAD;2;RMPI m/m;-7.7%;-4.8%;-7.2%;;;
2008.10.30 08:30:00;CAD;1;IPPI m/m;-0.1%;-0.5%;-1.2%;;-0.2%;
2008.10.30 08:30:00;USD;3;Advance GDP q/q;2.8%;-0.5%;-0.3%;;1.9%;
2008.10.30 08:30:00;USD;2;Advance GDP Price Index q/q;1.1%;4.0%;4.2%;;;
2008.10.30 08:30:00;USD;2;FOMC Member Kroszner Speaks;;;;;;
2008.10.30 08:30:00;USD;2;Unemployment Claims;479K;476K;479K;;478K;
2008.10.30 10:35:00;USD;1;Natural Gas Storage;70B;41B;46B;;;
2008.10.30 19:15:00;JPY;1;Final Manufacturing PMI;44.3;;42.2;;;
2008.10.30 19:30:00;JPY;2;Household Spending y/y;-4.0%;-3.9%;-2.3%;;;
2008.10.30 19:30:00;JPY;2;Tokyo Core CPI y/y;1.7%;1.5%;1.5%;;;
2008.10.30 19:30:00;JPY;1;National Core CPI y/y;2.4%;2.3%;2.3%;;;
2008.10.30 19:30:00;JPY;1;Unemployment Rate;4.2%;4.2%;4.0%;;;
2008.10.30 20:01:00;GBP;2;GfK Consumer Confidence;-32;-35;-36;;;
2008.10.30 20:30:00;AUD;2;Private Sector Credit m/m;0.5%;0.4%;0.7%;;;
2008.10.30 20:30:00;AUD;2;RBA Deputy Gov Debelle Speaks;;;;;;
2008.10.30 21:00:00;AUD;2;HIA New Home Sales m/m;-1.3%;;-1.8%;;;
2008.10.31 00:58:00;JPY;3;Monetary Policy Statement;;;;;;
2008.10.31 00:58:00;JPY;3;Overnight Call Rate;0.50%;0.25%;0.30%;;;
2008.10.31 01:00:00;JPY;1;Housing Starts y/y;53.6%;50.8%;54.2%;;;
2008.10.31 02:00:00;JPY;2;BOJ Outlook Report;;;;;;
2008.10.31 03:00:00;EUR;2;German Retail Sales m/m;1.9%;-1.0%;-2.3%;;3.1%;
2008.10.31 03:34:00;JPY;3;BOJ Press Conference;;;;;;
2008.10.31 06:00:00;EUR;2;CPI Flash Estimate y/y;3.6%;3.2%;3.2%;;;
2008.10.31 06:00:00;EUR;1;Italian Prelim CPI m/m;-0.3%;-0.1%;0.0%;;;
2008.10.31 06:00:00;EUR;1;Unemployment Rate;7.5%;7.5%;7.5%;;;
2008.10.31 06:30:00;CHF;2;KOF Economic Barometer;0.52;0.49;0.35;;0.62;
2008.10.31 08:30:00;CAD;3;GDP m/m;0.7%;-0.3%;-0.3%;;;
2008.10.31 08:30:00;USD;2;Core PCE Price Index m/m;0.2%;0.1%;0.2%;;;
2008.10.31 08:30:00;USD;2;Employment Cost Index q/q;0.7%;0.7%;0.7%;;;
2008.10.31 08:30:00;USD;2;Personal Spending m/m;0.0%;-0.2%;-0.3%;;;
2008.10.31 08:30:00;USD;1;Personal Income m/m;0.4%;0.2%;0.2%;;0.5%;
2008.10.31 09:45:00;USD;2;Chicago PMI;56.7;48.5;37.8;;;
2008.10.31 09:55:00;USD;2;Revised UoM Consumer Sentiment;57.5;57.7;57.6;;;
2008.10.31 09:55:00;USD;1;Revised UoM Inflation Expectations;4.5%;;3.9%;;;
2008.10.31 14:00:00;USD;3;Fed Chairman Bernanke Speaks;;;;;;
2008.10.31 21:00:00;CNY;3;Manufacturing PMI;51.2;;44.6;;;
