2008.08.01 00:00:00;CHF;0;Bank Holiday (All Day);;;;;;
2008.08.01 02:00:00;EUR;2;German Retail Sales m/m;0.5%;-0.5%;-1.4%;;1.3%;
2008.08.01 02:30:00;AUD;2;Commodity Prices y/y;36.5%;;41.1%;;37.8%;
2008.08.01 03:15:00;EUR;1;Spanish Manufacturing PMI;40.6;;39.2;;;
2008.08.01 03:45:00;EUR;1;Italian Manufacturing PMI;46.9;45.9;45.3;;;
2008.08.01 03:50:00;EUR;1;French Final Manufacturing PMI;47.3;47.3;47.1;;;
2008.08.01 03:55:00;EUR;1;German Final Manufacturing PMI;50.9;50.9;50.9;;;
2008.08.01 04:00:00;EUR;1;Final Manufacturing PMI;47.5;47.5;47.4;;;
2008.08.01 04:30:00;GBP;3;Final Manufacturing PMI;45.9;45.5;44.3;;45.8;
2008.08.01 08:30:00;USD;3;Non-Farm Employment Change;-51K;-75K;-51K;;-62K;
2008.08.01 08:30:00;USD;3;Unemployment Rate;5.5%;5.6%;5.7%;;;
2008.08.01 08:30:00;USD;2;Average Hourly Earnings m/m;0.3%;0.3%;0.3%;;;
2008.08.01 10:00:00;USD;3;ISM Manufacturing PMI;50.2;49.4;50.0;;;
2008.08.01 10:00:00;USD;1;Construction Spending m/m;0.0%;-0.3%;-0.4%;;-0.4%;
2008.08.01 10:00:00;USD;1;ISM Manufacturing Prices;91.5;88.0;88.5;;;
2008.08.01 10:00:00;USD;1;Total Vehicle Sales (All Day);13.6M;13.6M;12.6M;;;
2008.08.02 21:00:00;CNY;1;Non-Manufacturing PMI;56.9;;58.1;;;
2008.08.03 18:45:00;NZD;3;Labor Cost Index q/q;0.7%;0.8%;0.8%;;;
2008.08.03 19:50:00;JPY;1;Monetary Base y/y;0.4%;-0.2%;-0.7%;;;
2008.08.03 21:30:00;AUD;2;ANZ Job Advertisements m/m;-3.0%;;-0.3%;;;
2008.08.03 21:30:00;AUD;2;HPI q/q;0.4%;-1.1%;-0.3%;;1.1%;
2008.08.04 03:00:00;EUR;1;Spanish Unemployment Change;36.8K;;36.5K;;;
2008.08.04 03:30:00;CHF;2;Manufacturing PMI;54.9;53.4;54.1;;;
2008.08.04 04:30:00;EUR;1;Sentix Investor Confidence;-9.3;-10.0;-15.3;;;
2008.08.04 04:30:00;GBP;2;Construction PMI;38.8;37.6;36.7;;;
2008.08.04 05:00:00;EUR;1;PPI m/m;1.2%;0.8%;0.9%;;;
2008.08.04 07:30:00;USD;1;Challenger Job Cuts y/y;46.7%;;140.8%;;;
2008.08.04 07:30:00;CAD;0;Bank Holiday (All Day);;;;;;
2008.08.04 08:30:00;USD;2;Core PCE Price Index m/m;0.2%;0.2%;0.3%;;0.1%;
2008.08.04 08:30:00;USD;2;Personal Spending m/m;0.8%;0.5%;0.6%;;;
2008.08.04 08:30:00;USD;1;Personal Income m/m;1.8%;-0.1%;0.1%;;1.9%;
2008.08.04 10:00:00;USD;2;Factory Orders m/m;0.9%;0.7%;1.7%;;0.6%;
2008.08.04 19:30:00;AUD;1;AIG Services Index;45.4;;42.8;;;
2008.08.04 23:06:00;NZD;1;ANZ Commodity Prices m/m;0.0%;;1.8%;;;
2008.08.04 23:45:00;JPY;1;10-y Bond Auction;1.70|3.1;;1.53|2.6;;;
2008.08.05 00:30:00;AUD;3;Cash Rate;7.25%;7.25%;7.25%;;;
2008.08.05 00:30:00;AUD;3;RBA Rate Statement;;;;;;
2008.08.05 03:15:00;EUR;1;Spanish Services PMI;36.7;;37.1;;;
2008.08.05 03:45:00;EUR;1;Italian Services PMI;48.5;47.4;45.6;;;
2008.08.05 03:50:00;EUR;1;French Final Services PMI;47.0;47.0;47.5;;;
2008.08.05 03:55:00;EUR;1;German Final Services PMI;53.3;53.3;53.1;;;
2008.08.05 04:00:00;EUR;1;Final Services PMI;48.3;48.3;48.3;;;
2008.08.05 04:30:00;GBP;3;Final Services PMI;47.1;46.7;47.4;;;
2008.08.05 04:30:00;GBP;3;Manufacturing Production m/m;-0.5%;0.1%;-0.5%;;;
2008.08.05 04:30:00;GBP;1;Industrial Production m/m;-0.9%;0.1%;-0.2%;;-0.8%;
2008.08.05 05:00:00;EUR;2;Retail Sales m/m;0.5%;-0.6%;-0.6%;;1.2%;
2008.08.05 10:00:00;USD;3;ISM Services PMI;48.2;48.6;49.5;;;
2008.08.05 10:30:00;NZD;1;GDT Price Index;1.0%;;-12.9%;;;
2008.08.05 14:13:00;USD;3;FOMC Statement;;;;;;
2008.08.05 14:13:00;USD;3;Federal Funds Rate;2.00%;2.00%;2.00%;;;
2008.08.05 19:01:00;GBP;2;Nationwide Consumer Confidence;62;59;51;;61;
2008.08.05 19:01:00;GBP;1;NIESR GDP Estimate;0.2%;;0.1%;;;
2008.08.05 21:30:00;AUD;3;Home Loans m/m;-6.9%;-2.1%;-3.7%;;-7.9%;
2008.08.06 01:00:00;JPY;1;Leading Indicators;92.9%;90.8%;91.2%;;92.6%;
2008.08.06 03:00:00;CHF;1;Foreign Currency Reserves;47B;;46B;;;
2008.08.06 05:32:00;GBP;1;BRC Shop Price Index y/y;2.5%;;3.2%;;;
2008.08.06 06:00:00;EUR;2;German Factory Orders m/m;-1.4%;0.4%;-2.9%;;-0.9%;
2008.08.06 10:00:00;CAD;3;Ivey PMI;69.6;62.0;65.5;;;
2008.08.06 10:35:00;USD;2;Crude Oil Inventories;-0.1M;0.1M;1.7M;;;
2008.08.06 13:00:00;USD;2;10-y Bond Auction;4.23|2.3;;4.08|2.6;;;
2008.08.06 18:45:00;NZD;3;Employment Change q/q;-1.3%;0.1%;1.2%;;;
2008.08.06 18:45:00;NZD;3;Unemployment Rate;3.7%;3.8%;3.9%;;3.6%;
2008.08.06 19:30:00;AUD;1;AIG Construction Index;40.3;;41.6;;;
2008.08.06 19:50:00;JPY;2;Core Machinery Orders m/m;10.4%;-9.6%;-2.6%;;;
2008.08.06 21:30:00;AUD;3;Employment Change;22.2K;4.5K;10.9K;;29.8K;
2008.08.06 21:30:00;AUD;3;Unemployment Rate;4.3%;4.3%;4.3%;;4.2%;
2008.08.07 02:00:00;EUR;1;German Trade Balance;14.5B;15.0B;18.1B;;14.6B;
2008.08.07 02:45:00;EUR;1;French Trade Balance;-4.7B;-4.6B;-5.6B;;;
2008.08.07 04:00:00;EUR;1;Italian Industrial Production m/m;-1.4%;0.2%;0.1%;;;
2008.08.07 04:00:00;GBP;3;Halifax HPI m/m;-2.0%;-1.5%;-1.7%;;;
2008.08.07 06:00:00;EUR;2;German Industrial Production m/m;-1.8%;0.8%;0.2%;;-2.4%;
2008.08.07 07:00:00;GBP;3;Official Bank Rate;5.00%;5.00%;5.00%;;;
2008.08.07 07:45:00;EUR;3;Main Refinancing Rate;4.25%;4.25%;4.25%;;;
2008.08.07 08:30:00;CAD;3;Building Permits m/m;2.0%;-1.0%;-5.3%;;1.1%;
2008.08.07 08:30:00;EUR;3;ECB Press Conference;;;;;;
2008.08.07 08:30:00;USD;2;Unemployment Claims;448K;420K;455K;;;
2008.08.07 10:00:00;USD;3;Pending Home Sales m/m;-4.9%;-1.0%;5.3%;;-4.7%;
2008.08.07 10:30:00;GBP;1;CB Leading Index m/m;-0.6%;;-1.0%;;;
2008.08.07 10:35:00;USD;1;Natural Gas Storage;65B;60B;56B;;;
2008.08.07 13:00:00;USD;1;30-y Bond Auction;4.60|2.7;;4.61|2.4;;;
2008.08.07 15:00:00;USD;1;Consumer Credit m/m;8.1B;6.6B;14.3B;;7.8B;
2008.08.07 19:50:00;JPY;1;Bank Lending y/y;1.8%;;1.8%;;;
2008.08.07 19:50:00;JPY;1;M2 Money Stock y/y;2.2%;2.2%;2.1%;;2.3%;
2008.08.08 01:00:00;JPY;1;Economy Watchers Sentiment;29.5;28.9;29.3;;;
2008.08.08 01:45:00;CHF;1;Unemployment Rate;2.5%;2.5%;2.5%;;;
2008.08.08 02:45:00;EUR;1;French Gov Budget Balance;-50.1B;;-32.8B;;;
2008.08.08 04:00:00;EUR;1;Italian Prelim GDP q/q;0.5%;0.0%;-0.3%;;0.4%;
2008.08.08 07:00:00;CAD;3;Employment Change;-5.0K;5.0K;-55.2K;;;
2008.08.08 07:00:00;CAD;3;Unemployment Rate;6.2%;6.2%;6.1%;;;
2008.08.08 08:30:00;USD;2;Prelim Nonfarm Productivity q/q;2.6%;2.5%;2.2%;;2.2%;
2008.08.08 08:30:00;USD;2;Prelim Unit Labor Costs q/q;2.2%;1.4%;1.3%;;;
2008.08.08 10:00:00;USD;1;Final Wholesale Inventories m/m;0.9%;0.5%;1.1%;;0.8%;
2008.08.10 21:30:00;AUD;3;RBA Monetary Policy Statement;;;;;;
2008.08.10 22:00:00;CNY;2;PPI y/y;8.8%;9.6%;10.0%;;;
2008.08.11 02:00:00;EUR;1;German WPI m/m;0.9%;0.5%;1.4%;;;
2008.08.11 02:00:00;JPY;1;Prelim Machine Tool Orders y/y;-2.5%;;-8.9%;;2.7%;
2008.08.11 02:25:00;CNY;3;USD-Denominated Trade Balance;21.4B;20.3B;25.3B;;;
2008.08.11 02:45:00;EUR;2;French Industrial Production m/m;-2.9%;0.5%;-0.4%;;-2.6%;
2008.08.11 04:30:00;GBP;3;PPI Input m/m;2.7%;1.0%;-0.6%;;2.1%;
2008.08.11 04:30:00;GBP;2;Goods Trade Balance;-7.4B;-7.4B;-7.7B;;-7.5B;
2008.08.11 04:30:00;GBP;1;PPI Output m/m;0.9%;0.5%;0.4%;;;
2008.08.11 08:15:00;CAD;3;Housing Starts;216K;210K;187K;;218K;
2008.08.11 08:30:00;CAD;1;NHPI m/m;0.0%;0.1%;0.1%;;;
2008.08.11 14:00:00;USD;1;Loan Officer Survey;;;;;;
2008.08.11 19:01:00;GBP;2;BRC Retail Sales Monitor y/y;-0.4%;;-0.9%;;;
2008.08.11 19:01:00;GBP;2;RICS House Price Balance;-87%;-90%;-84%;;-88%;
2008.08.11 19:50:00;JPY;1;PPI y/y;5.7%;5.8%;7.1%;;5.6%;
2008.08.11 21:30:00;AUD;1;NAB Business Confidence;-9;;-9;;;
2008.08.11 22:00:00;CNY;2;CPI y/y;7.1%;6.6%;6.3%;;;
2008.08.12 00:30:00;JPY;1;Revised Industrial Production m/m;-2.0%;-2.0%;-2.2%;;;
2008.08.12 01:00:00;JPY;1;Consumer Confidence;32.6;32.1;31.4;;;
2008.08.12 02:42:00;EUR;1;French Final CPI m/m;0.4%;-0.2%;-0.2%;;;
2008.08.12 04:15:00;CNY;1;Foreign Direct Investment ytd/y;45.6%;;44.5%;;;
2008.08.12 04:29:00;GBP;2;ONS HPI y/y;3.0%;1.5%;0.6%;;3.7%;
2008.08.12 04:30:00;GBP;3;CPI y/y;3.8%;4.1%;4.4%;;;
2008.08.12 04:30:00;GBP;2;Core CPI y/y;1.6%;1.7%;1.9%;;;
2008.08.12 04:30:00;GBP;1;RPI y/y;4.6%;4.9%;5.0%;;;
2008.08.12 07:30:00;USD;1;NFIB Small Business Index;89.2;;88.2;;;
2008.08.12 08:30:00;CAD;3;Trade Balance;5.2B;5.7B;5.8B;;5.5B;
2008.08.12 08:30:00;USD;3;Trade Balance;-59.2B;-61.8B;-56.8B;;-59.8B;
2008.08.12 10:00:00;USD;1;IBD/TIPP Economic Optimism;37.4;38.5;42.8;;;
2008.08.12 10:00:00;USD;1;JOLTS Job Openings;3.63M;;3.63M;;;
2008.08.12 14:00:00;USD;2;Federal Budget Balance;50.7B;-88.5B;-102.8B;;;
2008.08.12 19:15:00;AUD;2;RBA Deputy Gov Lowe Speaks;;;;;;
2008.08.12 19:50:00;JPY;3;Prelim GDP q/q;0.8%;-0.6%;-0.6%;;;
2008.08.12 19:50:00;JPY;2;Prelim GDP Price Index y/y;-1.5%;-1.5%;-1.6%;;-1.4%;
2008.08.12 19:50:00;JPY;1;Current Account;2.03T;1.08T;1.29T;;;
2008.08.12 20:30:00;AUD;2;Westpac Consumer Sentiment;-6.7%;;9.1%;;;
2008.08.12 21:30:00;AUD;2;Wage Price Index q/q;0.9%;1.0%;1.2%;;;
2008.08.12 22:00:00;CNY;2;New Loans;332B;;382B;;;
2008.08.12 22:00:00;CNY;1;M2 Money Supply y/y;17.4%;17.2%;16.4%;;;
2008.08.12 22:00:00;CNY;1;Retail Sales y/y;23.0%;22.3%;23.3%;;;
2008.08.13 04:30:00;GBP;3;Claimant Count Change;20.0K;17.5K;20.1K;;15.5K;
2008.08.13 04:30:00;GBP;2;Average Earnings Index 3m/y;3.8%;3.6%;3.4%;;;
2008.08.13 04:30:00;GBP;1;Unemployment Rate;5.2%;5.3%;5.4%;;;
2008.08.13 05:00:00;EUR;2;Industrial Production m/m;-1.8%;0.3%;0.0%;;-1.9%;
2008.08.13 05:07:00;EUR;1;German 10-y Bond Auction;4.66|1.1;;4.24|1.8;;;
2008.08.13 05:30:00;GBP;3;BOE Gov King Speaks;;;;;;
2008.08.13 05:30:00;GBP;3;BOE Monetary Policy Report;;;;;;
2008.08.13 08:30:00;USD;3;Core Retail Sales m/m;0.9%;0.5%;0.4%;;0.8%;
2008.08.13 08:30:00;USD;3;Retail Sales m/m;0.3%;0.0%;-0.1%;;0.1%;
2008.08.13 08:30:00;USD;2;Import Prices m/m;2.9%;1.0%;1.7%;;2.6%;
2008.08.13 10:00:00;USD;2;Business Inventories m/m;0.4%;0.5%;0.7%;;0.3%;
2008.08.13 10:35:00;USD;2;Crude Oil Inventories;1.7M;-0.1M;-0.4M;;;
2008.08.13 18:33:00;NZD;1;BusinessNZ Manufacturing Index;45.3;;48.8;;45.7;
2008.08.13 19:50:00;JPY;2;Tertiary Industry Activity m/m;-0.2%;-0.3%;-0.8%;;;
2008.08.13 20:20:00;AUD;2;RBA Deputy Gov Battellino Speaks;;;;;;
2008.08.13 21:00:00;AUD;1;MI Inflation Expectations;5.9%;;4.9%;;;
2008.08.13 22:00:00;CNY;3;Industrial Production y/y;16.0%;15.9%;14.7%;;;
2008.08.14 01:45:00;CHF;2;SECO Consumer Climate;2;-4;-17;;;
2008.08.14 02:00:00;EUR;3;German Prelim GDP q/q;1.3%;-0.8%;-0.5%;;1.5%;
2008.08.14 02:00:00;EUR;1;German Final CPI m/m;0.6%;0.6%;0.6%;;;
2008.08.14 02:45:00;EUR;2;French Prelim Private Payrolls q/q;0.4%;0.2%;-0.1%;;0.2%;
2008.08.14 02:45:00;EUR;1;French Prelim GDP q/q;0.4%;0.1%;-0.3%;;0.6%;
2008.08.14 03:00:00;EUR;1;Spanish Flash GDP q/q;0.3%;0.0%;0.1%;;;
2008.08.14 04:00:00;EUR;2;ECB Monthly Bulletin;;;;;;
2008.08.14 05:00:00;EUR;3;Final CPI y/y;4.1%;4.1%;4.0%;;;
2008.08.14 05:00:00;EUR;2;Final Core CPI y/y;1.8%;1.8%;1.7%;;;
2008.08.14 05:00:00;EUR;2;Flash GDP q/q;0.7%;-0.2%;-0.2%;;;
2008.08.14 08:30:00;USD;3;Core CPI m/m;0.3%;0.2%;0.3%;;;
2008.08.14 08:30:00;USD;2;CPI m/m;1.1%;0.4%;0.8%;;;
2008.08.14 08:30:00;USD;2;Unemployment Claims;460K;440K;450K;;455K;
2008.08.14 10:30:00;CAD;1;BOC Review;;;;;;
2008.08.14 10:35:00;USD;1;Natural Gas Storage;56B;53B;50B;;;
2008.08.14 14:30:00;USD;2;FOMC Member Stern Speaks;;;;;;
2008.08.14 18:45:00;NZD;3;Core Retail Sales m/m;0.8%;-0.8%;0.0%;;0.7%;
2008.08.14 18:45:00;NZD;3;Retail Sales m/m;-1.1%;0.1%;0.9%;;-1.2%;
2008.08.14 18:45:00;NZD;1;Core Retail Sales q/q;0.3%;;-0.7%;;0.2%;
2008.08.14 18:45:00;NZD;1;Retail Sales q/q;-1.2%;-1.6%;-1.5%;;;
2008.08.14 22:00:00;CNY;2;Fixed Asset Investment ytd/y;26.8%;26.6%;27.3%;;;
2008.08.15 00:00:00;EUR;0;French Bank Holiday (All Day);;;;;;
2008.08.15 00:00:00;EUR;0;Italian Bank Holiday (All Day);;;;;;
2008.08.15 08:30:00;CAD;2;Manufacturing Sales m/m;2.2%;1.0%;2.1%;;2.7%;
2008.08.15 08:30:00;CAD;1;New Motor Vehicle Sales m/m;0.8%;0.0%;-1.0%;;1.1%;
2008.08.15 08:30:00;USD;2;Empire State Manufacturing Index;-4.9;-4.3;2.8;;;
2008.08.15 09:00:00;USD;3;TIC Long-Term Purchases;83.2B;60.0B;53.4B;;67.0B;
2008.08.15 09:15:00;USD;2;Capacity Utilization Rate;79.8%;79.8%;79.9%;;79.9%;
2008.08.15 09:15:00;USD;2;Industrial Production m/m;0.4%;0.0%;0.2%;;0.5%;
2008.08.15 09:55:00;USD;3;Prelim UoM Consumer Sentiment;61.2;62.0;61.7;;56.6;
2008.08.15 09:55:00;USD;1;Prelim UoM Inflation Expectations;5.1%;;4.8%;;5.3%;
2008.08.17 19:01:00;GBP;2;Rightmove HPI m/m;-1.8%;;-2.3%;;;
2008.08.18 03:15:00;CHF;2;Retail Sales y/y;7.4%;3.2%;0.7%;;;
2008.08.18 05:00:00;EUR;1;Trade Balance;-1.0B;0.5B;-3.0B;;-1.5B;
2008.08.18 06:00:00;EUR;2;German Buba Monthly Report;;;;;;
2008.08.18 08:30:00;CAD;2;Foreign Securities Purchases;10.63B;5.54B;7.25B;;10.72B;
2008.08.18 13:00:00;USD;1;NAHB Housing Market Index;16;16;16;;;
2008.08.18 18:45:00;NZD;3;PPI Input q/q;2.3%;2.6%;5.6%;;;
2008.08.18 18:45:00;NZD;1;PPI Output q/q;1.8%;2.1%;3.5%;;;
2008.08.18 21:30:00;AUD;3;Monetary Policy Meeting Minutes;;;;;;
2008.08.18 23:30:00;JPY;2;Monetary Policy Statement;;;;;;
2008.08.18 23:30:00;JPY;2;Overnight Call Rate;0.50%;0.50%;0.50%;;;
2008.08.19 02:00:00;EUR;2;German PPI m/m;0.9%;0.7%;2.0%;;;
2008.08.19 03:20:00;JPY;3;BOJ Press Conference;;;;;;
2008.08.19 05:00:00;EUR;3;German ZEW Economic Sentiment;-63.9;-62.0;-55.5;;;
2008.08.19 05:00:00;EUR;2;ZEW Economic Sentiment;-63.7;-65.0;-55.7;;;
2008.08.19 08:30:00;CAD;2;Wholesale Sales m/m;1.5%;0.7%;2.0%;;1.6%;
2008.08.19 08:30:00;USD;3;Building Permits;1.14M;0.98M;0.94M;;1.09M;
2008.08.19 08:30:00;USD;3;PPI m/m;1.8%;0.6%;1.2%;;;
2008.08.19 08:30:00;USD;2;Core PPI m/m;0.2%;0.2%;0.7%;;;
2008.08.19 08:30:00;USD;2;Housing Starts;1.08M;0.97M;0.97M;;1.07M;
2008.08.19 10:00:00;USD;2;FOMC Member Fisher Speaks;;;;;;
2008.08.19 19:50:00;JPY;1;All Industries Activity m/m;0.4%;-0.8%;-0.9%;;;
2008.08.19 20:30:00;AUD;1;MI Leading Index m/m;0.0%;;0.1%;;;
2008.08.20 01:00:00;JPY;2;BOJ Monthly Report;;;;;;
2008.08.20 04:30:00;GBP;3;MPC Official Bank Rate Votes;1-1-7;0-2-7;1-1-7;;;
2008.08.20 04:30:00;GBP;1;M4 Money Supply m/m;1.8%;0.5%;0.9%;;2.0%;
2008.08.20 04:30:00;GBP;1;Public Sector Net Borrowing;9.6B;-4.5B;-4.8B;;9.2B;
2008.08.20 06:00:00;GBP;2;CBI Industrial Order Expectations;-8;-12;-13;;;
2008.08.20 08:30:00;CAD;3;Core Retail Sales m/m;0.6%;0.5%;1.4%;;0.4%;
2008.08.20 08:30:00;CAD;2;Retail Sales m/m;0.3%;0.4%;0.5%;;0.4%;
2008.08.20 08:30:00;CAD;1;Leading Index m/m;0.0%;0.1%;0.0%;;;
2008.08.20 10:35:00;USD;2;Crude Oil Inventories;-0.4M;0.7M;9.4M;;;
2008.08.20 18:45:00;NZD;1;Visitor Arrivals m/m;-1.4%;;2.1%;;;
2008.08.20 19:50:00;JPY;1;Trade Balance;0.13T;0.35T;0.17T;;0.14T;
2008.08.20 21:30:00;AUD;1;New Motor Vehicle Sales m/m;0.8%;;-3.4%;;1.0%;
2008.08.20 21:30:00;AUD;1;RBA Bulletin;;;;;;
2008.08.20 23:03:00;NZD;1;Credit Card Spending y/y;3.4%;;3.8%;;3.3%;
2008.08.21 02:15:00;CHF;1;Trade Balance;2.37B;2.00B;2.37B;;2.41B;
2008.08.21 03:00:00;EUR;2;French Flash Manufacturing PMI;47.1;47.0;45.1;;47.3;
2008.08.21 03:00:00;EUR;1;French Flash Services PMI;47.5;47.3;48.5;;47.0;
2008.08.21 03:15:00;CHF;2;PPI m/m;0.6%;0.3%;0.5%;;;
2008.08.21 03:30:00;EUR;2;German Flash Manufacturing PMI;50.9;50.5;49.9;;;
2008.08.21 03:30:00;EUR;1;German Flash Services PMI;53.1;52.2;50.6;;53.3;
2008.08.21 04:00:00;EUR;2;Flash Manufacturing PMI;47.4;47.0;47.5;;47.5;
2008.08.21 04:00:00;EUR;2;Flash Services PMI;48.3;48.0;48.2;;;
2008.08.21 04:30:00;GBP;3;Retail Sales m/m;-4.3%;-0.3%;0.8%;;-3.9%;
2008.08.21 04:30:00;GBP;2;Prelim Business Investment q/q;-1.8%;-0.7%;-1.9%;;-1.4%;
2008.08.21 05:00:00;CHF;2;Credit Suisse Economic Expectations;-76.9;;-79.6;;;
2008.08.21 07:00:00;CAD;3;Core CPI m/m;0.1%;0.2%;0.1%;;;
2008.08.21 07:00:00;CAD;2;CPI m/m;0.7%;0.3%;0.3%;;;
2008.08.21 08:30:00;CAD;1;Corporate Profits q/q;-1.1%;;2.5%;;;
2008.08.21 08:30:00;USD;2;Unemployment Claims;445K;443K;432K;;450K;
2008.08.21 10:00:00;USD;2;Philly Fed Manufacturing Index;-16.3;-14.5;-12.7;;;
2008.08.21 10:00:00;USD;1;CB Leading Index m/m;0.0%;-0.2%;-0.7%;;-0.1%;
2008.08.21 10:35:00;USD;1;Natural Gas Storage;50B;82B;88B;;;
2008.08.21 10:35:00;All;2;Jackson Hole Symposium (Day 1);;;;;;
2008.08.21 19:50:00;JPY;2;Monetary Policy Meeting Minutes;;;;;;
2008.08.22 04:00:00;EUR;2;Current Account;-5.5B;-2.0B;-8.2B;;-7.3B;
2008.08.22 04:30:00;GBP;3;Second Estimate GDP q/q;0.2%;0.1%;0.0%;;;
2008.08.22 04:30:00;GBP;1;Index of Services 3m/3m;0.4%;0.4%;0.2%;;;
2008.08.22 05:00:00;EUR;2;Industrial New Orders m/m;-5.4%;-1.1%;-0.3%;;-3.5%;
2008.08.22 09:00:00;EUR;2;Belgian NBB Business Climate;-7.6;-8.0;-5.9;;;
2008.08.22 10:00:00;USD;3;Fed Chairman Bernanke Speaks;;;;;;
2008.08.22 10:00:00;All;2;Jackson Hole Symposium (Day 2);;;;;;
2008.08.23 00:00:00;All;2;Jackson Hole Symposium (Day 3);;;;;;
2008.08.24 18:49:00;NZD;1;FPI m/m;1.3%;;0.6%;;;
2008.08.25 02:00:00;JPY;2;BOJ Gov Shirakawa Speaks;;;;;;
2008.08.25 02:00:00;GBP;0;Bank Holiday (All Day);;;;;;
2008.08.25 10:00:00;USD;3;Existing Home Sales;4.85M;4.92M;5.00M;;4.86M;
2008.08.25 18:45:00;NZD;3;Trade Balance;-207M;-536M;-781M;;-223M;
2008.08.25 19:50:00;JPY;1;SPPI y/y;1.3%;1.4%;1.3%;;1.2%;
2008.08.25 23:00:00;NZD;3;Inflation Expectations q/q;2.90%;;3.00%;;;
2008.08.26 02:00:00;EUR;2;German GfK Consumer Climate;1.9;2.0;1.5;;2.1;
2008.08.26 02:00:00;EUR;1;German Final GDP q/q;-0.5%;-0.5%;-0.5%;;;
2008.08.26 04:00:00;CHF;2;UBS Consumption Indicator;2.22;;1.85;;2.25;
2008.08.26 04:00:00;EUR;3;German ifo Business Climate;97.5;97.1;94.8;;;
2008.08.26 04:30:00;GBP;2;High Street Lending;22.4K;;22.4K;;21.1K;
2008.08.26 09:00:00;USD;1;SP/CS Composite-20 HPI y/y;-15.8%;-16.2%;-15.9%;;;
2008.08.26 10:00:00;USD;3;CB Consumer Confidence;51.9;53.0;56.9;;;
2008.08.26 10:00:00;USD;3;New Home Sales;503K;530K;515K;;530K;
2008.08.26 10:00:00;USD;1;HPI m/m;-0.3%;-0.4%;0.0%;;;
2008.08.26 10:00:00;USD;1;Richmond Manufacturing Index;-16;-10;-16;;;
2008.08.26 12:15:00;CAD;2;Gov Council Member Longworth Speaks;;;;;;
2008.08.26 14:00:00;USD;3;FOMC Meeting Minutes;;;;;;
2008.08.26 21:30:00;AUD;2;Construction Work Done q/q;5.0%;1.5%;-2.6%;;2.3%;
2008.08.26 23:02:00;NZD;3;Final ANZ Business Confidence;-43.2;;-20.5;;;
2008.08.27 02:00:00;EUR;1;German Import Prices m/m;1.5%;0.5%;0.6%;;;
2008.08.27 02:00:00;EUR;2;German Prelim CPI m/m (All Day);0.6%;-0.2%;-0.3%;;;
2008.08.27 08:30:00;USD;3;Core Durable Goods Orders m/m;2.4%;-0.5%;0.7%;;2.0%;
2008.08.27 08:30:00;USD;2;Durable Goods Orders m/m;1.3%;0.1%;1.3%;;0.8%;
2008.08.27 10:35:00;USD;2;Crude Oil Inventories;9.4M;0.9M;-0.1M;;;
2008.08.27 11:30:00;CHF;2;Gov Board Member Hildebrand Speaks;;;;;;
2008.08.27 20:00:00;AUD;1;CB Leading Index m/m;-0.1%;;-0.5%;;;
2008.08.27 21:30:00;AUD;3;Private Capital Expenditure q/q;1.0%;2.0%;5.7%;;-2.5%;
2008.08.28 02:00:00;GBP;3;Nationwide HPI m/m;-1.5%;-1.5%;-1.9%;;-1.7%;
2008.08.28 03:15:00;CHF;2;Employment Level;3.90M;3.91M;3.92M;;;
2008.08.28 03:55:00;EUR;2;German Unemployment Change;-20K;-10K;-40K;;;
2008.08.28 04:00:00;EUR;1;M3 Money Supply y/y;9.5%;9.1%;9.3%;;;
2008.08.28 04:00:00;EUR;1;Private Loans y/y;9.9%;9.5%;9.4%;;9.8%;
2008.08.28 04:00:00;EUR;1;Retail PMI;46.0;;47.7;;;
2008.08.28 05:17:00;EUR;1;Italian 10-y Bond Auction;5.00|1.3;;4.76|1.5;;;
2008.08.28 06:00:00;GBP;3;CBI Realized Sales;-36;-30;-46;;;
2008.08.28 08:30:00;CAD;2;Current Account;4.5B;8.0B;6.8B;;5.6B;
2008.08.28 08:30:00;USD;3;Prelim GDP q/q;1.9%;2.6%;3.3%;;;
2008.08.28 08:30:00;USD;2;Unemployment Claims;435K;427K;425K;;432K;
2008.08.28 08:30:00;USD;1;Prelim GDP Price Index q/q;1.1%;1.1%;1.2%;;;
2008.08.28 10:35:00;USD;1;Natural Gas Storage;88B;84B;102B;;;
2008.08.28 18:45:00;NZD;3;Building Consents m/m;-18.8%;;4.7%;;-20.1%;
2008.08.28 19:01:00;GBP;2;GfK Consumer Confidence;-39;-41;-36;;;
2008.08.28 19:15:00;JPY;1;Final Manufacturing PMI;47.0;;46.9;;;
2008.08.28 19:30:00;JPY;2;Tokyo Core CPI y/y;1.6%;1.7%;1.5%;;;
2008.08.28 19:30:00;JPY;1;Household Spending y/y;-1.8%;-1.8%;-0.5%;;;
2008.08.28 19:30:00;JPY;1;National Core CPI y/y;1.9%;2.3%;2.4%;;;
2008.08.28 19:30:00;JPY;1;Unemployment Rate;4.1%;4.1%;4.0%;;;
2008.08.28 19:50:00;JPY;2;Prelim Industrial Production m/m;-2.2%;-0.5%;0.9%;;-2.0%;
2008.08.28 19:50:00;JPY;2;Retail Sales y/y;0.3%;1.3%;1.9%;;;
2008.08.28 20:30:00;AUD;2;HIA New Home Sales m/m;4.0%;;-7.2%;;;
2008.08.28 21:30:00;AUD;2;Private Sector Credit m/m;0.4%;0.5%;0.5%;;;
2008.08.29 01:00:00;JPY;1;Housing Starts y/y;-16.7%;14.5%;19.0%;;;
2008.08.29 04:00:00;EUR;1;Italian Retail Sales m/m;0.2%;0.0%;-0.5%;;;
2008.08.29 05:00:00;EUR;2;CPI Flash Estimate y/y;4.0%;3.9%;3.8%;;4.1%;
2008.08.29 05:00:00;EUR;1;Consumer Confidence;-20;-20;-19;;;
2008.08.29 05:00:00;EUR;1;Italian Prelim CPI m/m;0.5%;0.1%;0.1%;;;
2008.08.29 05:00:00;EUR;1;Unemployment Rate;7.3%;7.3%;7.3%;;;
2008.08.29 05:30:00;CHF;2;KOF Economic Barometer;0.85;0.83;0.68;;0.90;
2008.08.29 08:30:00;CAD;3;GDP m/m;-0.1%;0.1%;0.1%;;;
2008.08.29 08:30:00;CAD;2;RMPI m/m;4.3%;0.2%;1.4%;;4.4%;
2008.08.29 08:30:00;CAD;1;IPPI m/m;1.6%;0.7%;0.4%;;1.3%;
2008.08.29 08:30:00;USD;2;Core PCE Price Index m/m;0.3%;0.3%;0.3%;;;
2008.08.29 08:30:00;USD;2;Personal Spending m/m;0.6%;0.3%;0.2%;;;
2008.08.29 08:30:00;USD;1;Personal Income m/m;0.1%;-0.1%;-0.7%;;;
2008.08.29 09:45:00;USD;2;Chicago PMI;50.8;50.1;57.9;;;
2008.08.29 09:55:00;USD;2;Revised UoM Consumer Sentiment;61.7;62.0;63.0;;;
2008.08.29 09:55:00;USD;1;Revised UoM Inflation Expectations;4.8%;;4.8%;;;
2008.08.31 19:30:00;AUD;1;AIG Manufacturing Index;46.9;;47.0;;;
2008.08.31 20:30:00;AUD;1;MI Inflation Gauge m/m;0.4%;;0.1%;;;
2008.08.31 21:00:00;CNY;3;Manufacturing PMI;48.4;;48.4;;;
2008.08.31 21:30:00;AUD;2;Current Account;-19.8B;-11.8B;-12.8B;;-19.5B;
2008.08.31 21:30:00;AUD;1;Company Operating Profits q/q;3.1%;2.5%;14.3%;;2.2%;
2008.08.31 21:30:00;JPY;2;Average Cash Earnings y/y;0.4%;0.3%;0.3%;;-0.6%;
2008.08.31 22:30:00;CNY;2;Caixin Manufacturing PMI;53.3;;49.2;;;
