2009.03.01 00:00:00;EUR;2;EU Economic Summit (All Day);;;;;;
2009.03.01 17:30:00;AUD;1;AIG Manufacturing Index;36.6;;31.7;;;
2009.03.01 18:30:00;AUD;1;MI Inflation Gauge m/m;0.8%;;0.7%;;;
2009.03.01 19:03:00;AUD;2;HIA New Home Sales m/m;-1.7%;;8.3%;;;
2009.03.01 19:30:00;AUD;1;Company Operating Profits q/q;7.3%;-1.7%;-6.5%;;5.2%;
2009.03.01 20:30:00;JPY;2;Average Cash Earnings y/y;-0.8%;-1.2%;-1.3%;;-1.4%;
2009.03.01 21:30:00;CNY;2;Caixin Manufacturing PMI;42.2;;45.1;;;
2009.03.02 00:30:00;AUD;2;Commodity Prices y/y;25.5%;;19.1%;;28.6%;
2009.03.02 03:15:00;EUR;1;Spanish Manufacturing PMI;31.5;;31.8;;;
2009.03.02 03:30:00;CHF;2;Manufacturing PMI;35.0;34.8;32.6;;;
2009.03.02 03:45:00;EUR;1;Italian Manufacturing PMI;36.1;35.4;35.0;;;
2009.03.02 03:50:00;EUR;1;French Final Manufacturing PMI;35.4;35.4;34.8;;;
2009.03.02 03:55:00;EUR;1;German Final Manufacturing PMI;32.2;32.1;32.1;;;
2009.03.02 04:00:00;EUR;2;Final Manufacturing PMI;33.6;33.6;33.5;;;
2009.03.02 04:30:00;GBP;3;Final Manufacturing PMI;35.8;34.9;34.7;;;
2009.03.02 04:30:00;GBP;1;Mortgage Approvals;31K;33K;31K;;;
2009.03.02 04:30:00;GBP;1;Net Lending to Individuals m/m;2.1B;1.8B;1.1B;;2.2B;
2009.03.02 05:00:00;EUR;2;CPI Flash Estimate y/y;1.1%;1.0%;1.2%;;;
2009.03.02 05:00:00;EUR;1;Italian Prelim CPI m/m;-0.1%;0.2%;0.2%;;;
2009.03.02 08:30:00;CAD;3;GDP m/m;-0.7%;-0.7%;-1.0%;;;
2009.03.02 08:30:00;USD;2;Core PCE Price Index m/m;0.0%;0.1%;0.1%;;;
2009.03.02 08:30:00;USD;2;Personal Spending m/m;-1.0%;0.3%;0.6%;;;
2009.03.02 08:30:00;USD;1;Personal Income m/m;-0.2%;-0.2%;0.4%;;;
2009.03.02 10:00:00;USD;3;ISM Manufacturing PMI;35.6;34.0;35.8;;;
2009.03.02 10:00:00;USD;1;Construction Spending m/m;-2.4%;-1.5%;-3.3%;;-1.4%;
2009.03.02 10:00:00;USD;1;ISM Manufacturing Prices;29.0;35.5;29.0;;;
2009.03.02 12:45:00;USD;2;FOMC Member Lacker Speaks;;;;;;
2009.03.02 13:30:00;CHF;2;SNB Chairman Roth Speaks;;;;;;
2009.03.02 18:50:00;JPY;1;Monetary Base y/y;3.9%;1.9%;6.4%;;;
2009.03.02 19:30:00;AUD;3;Retail Sales m/m;3.8%;-0.5%;0.2%;;;
2009.03.02 19:30:00;AUD;2;Current Account;-9.5B;-7.3B;-6.5B;;-9.7B;
2009.03.02 20:00:00;CNY;1;Non-Manufacturing PMI;51.0;;41.9;;;
2009.03.02 22:30:00;AUD;3;Cash Rate;3.25%;3.00%;3.25%;;;
2009.03.02 22:30:00;AUD;3;RBA Rate Statement;;;;;;
2009.03.02 22:45:00;JPY;1;10-y Bond Auction;1.30|2.2;;1.30|2.9;;;
2009.03.03 01:45:00;CHF;2;GDP q/q;-0.1%;-0.9%;-0.3%;;0.0%;
2009.03.03 02:00:00;EUR;1;German WPI m/m;-3.2%;-2.0%;-0.4%;;-3.0%;
2009.03.03 03:00:00;EUR;1;Spanish Unemployment Change;198.8K;;154.1K;;;
2009.03.03 04:30:00;GBP;2;Construction PMI;34.5;34.2;27.8;;;
2009.03.03 08:00:00;USD;2;FOMC Member Lockhart Speaks;;;;;;
2009.03.03 08:15:00;USD;3;Fed Announcement;;;;;;
2009.03.03 08:30:00;NZD;1;GDT Price Index;-8.2%;;17.5%;;;
2009.03.03 09:00:00;CAD;3;BOC Rate Statement;;;;;;
2009.03.03 09:00:00;CAD;3;Overnight Rate;1.00%;0.50%;0.50%;;;
2009.03.03 10:00:00;USD;3;Fed Chairman Bernanke Testifies;;;;;;
2009.03.03 10:00:00;USD;3;Pending Home Sales m/m;4.8%;-3.0%;-7.7%;;6.3%;
2009.03.03 10:00:00;USD;1;Total Vehicle Sales (All Day);9.6M;9.5M;9.1M;;;
2009.03.03 12:30:00;EUR;2;ECB President Trichet Speaks;;;;;;
2009.03.03 12:30:00;USD;2;Treasury Sec Geithner Speaks;;;;;;
2009.03.03 16:15:00;NZD;2;RBNZ Gov Bollard Speaks;;;;;;
2009.03.03 17:30:00;AUD;1;AIG Services Index;41.0;;32.2;;;
2009.03.03 18:40:00;AUD;2;RBA Assist Gov Edey Speaks;;;;;;
2009.03.03 19:01:00;GBP;2;Nationwide Consumer Confidence;41;38;43;;40;
2009.03.03 19:30:00;AUD;3;GDP q/q;0.1%;0.2%;-0.5%;;;
2009.03.03 20:00:00;CNY;3;Manufacturing PMI;45.3;;49.0;;;
2009.03.03 21:09:00;NZD;1;ANZ Commodity Prices m/m;-4.3%;;-4.6%;;;
2009.03.04 03:15:00;EUR;1;Spanish Services PMI;31.8;;31.7;;;
2009.03.04 03:45:00;EUR;1;Italian Services PMI;41.1;39.6;37.9;;;
2009.03.04 03:50:00;EUR;1;French Final Services PMI;40.1;40.1;40.2;;;
2009.03.04 03:55:00;EUR;1;German Final Services PMI;41.6;41.6;41.3;;;
2009.03.04 04:00:00;EUR;2;Final Services PMI;38.9;38.9;39.2;;;
2009.03.04 04:30:00;GBP;3;Final Services PMI;42.5;41.6;43.2;;;
2009.03.04 05:30:00;GBP;1;BRC Shop Price Index y/y;1.1%;;1.9%;;;
2009.03.04 05:43:00;GBP;1;30-y Bond Auction;3.98|1.7;;4.49|1.5;;;
2009.03.04 07:30:00;USD;1;Challenger Job Cuts y/y;222.4%;;158.4%;;;
2009.03.04 08:15:00;USD;3;ADP Non-Farm Employment Change;-614K;-620K;-697K;;-522K;
2009.03.04 10:00:00;USD;3;ISM Services PMI;42.9;41.2;41.6;;;
2009.03.04 10:00:00;USD;1;Treasury Sec Geithner Speaks;;;;;;
2009.03.04 10:30:00;USD;2;Crude Oil Inventories;0.7M;1.0M;-0.7M;;;
2009.03.04 12:00:00;USD;2;FOMC Member Lockhart Speaks;;;;;;
2009.03.04 14:00:00;USD;2;Beige Book;;;;;;
2009.03.04 18:50:00;JPY;2;Capital Spending q/y;-13.0%;-15.6%;-17.3%;;;
2009.03.04 19:30:00;AUD;3;Building Approvals m/m;-1.9%;1.4%;-3.7%;;-2.9%;
2009.03.04 19:30:00;AUD;3;Trade Balance;0.42B;1.10B;0.97B;;0.59B;
2009.03.04 22:45:00;JPY;1;30-y Bond Auction;1.88|3.3;;1.94|2.5;;;
2009.03.05 02:00:00;EUR;2;German Retail Sales m/m;0.5%;0.3%;-0.6%;;-0.2%;
2009.03.05 03:00:00;CHF;1;Foreign Currency Reserves;47B;;47B;;;
2009.03.05 04:00:00;GBP;3;Halifax HPI m/m;2.0%;-2.3%;-2.3%;;1.9%;
2009.03.05 05:00:00;EUR;1;Revised GDP q/q;-1.5%;-1.5%;-1.5%;;;
2009.03.05 05:06:00;EUR;1;French 10-y Bond Auction;3.85|2.6;;3.72|1.7;;;
2009.03.05 07:00:00;GBP;3;Asset Purchase Facility;;;75B;;;
2009.03.05 07:00:00;GBP;3;MPC Rate Statement;;;;;;
2009.03.05 07:00:00;GBP;3;Official Bank Rate;1.00%;0.50%;0.50%;;;
2009.03.05 07:45:00;EUR;3;Main Refinancing Rate;2.00%;1.50%;1.50%;;;
2009.03.05 08:30:00;CAD;3;Building Permits m/m;-3.6%;-5.0%;-4.6%;;-3.9%;
2009.03.05 08:30:00;EUR;3;ECB Press Conference;;;;;;
2009.03.05 08:30:00;USD;3;Unemployment Claims;670K;647K;639K;;667K;
2009.03.05 08:30:00;USD;2;Revised Nonfarm Productivity q/q;3.2%;1.4%;-0.4%;;;
2009.03.05 08:30:00;USD;1;Revised Unit Labor Costs q/q;1.8%;3.5%;5.7%;;;
2009.03.05 09:00:00;CAD;2;Gov Council Member Duguay Speaks;;;;;;
2009.03.05 10:00:00;CAD;3;Ivey PMI;36.1;37.5;45.2;;;
2009.03.05 10:00:00;USD;2;FOMC Member Kohn Speaks;;;;;;
2009.03.05 10:00:00;USD;2;Factory Orders m/m;-4.9%;-3.5%;-1.9%;;-3.9%;
2009.03.05 10:00:00;USD;2;Mortgage Delinquencies;6.99%;;7.88%;;;
2009.03.05 10:00:00;USD;1;Treasury Sec Geithner Speaks;;;;;;
2009.03.05 10:30:00;USD;1;Natural Gas Storage;-101B;-95B;-102B;;;
2009.03.05 12:45:00;USD;2;FOMC Member Lockhart Speaks;;;;;;
2009.03.05 17:30:00;AUD;1;AIG Construction Index;34.1;;29.5;;;
2009.03.06 03:15:00;CHF;2;CPI m/m;-0.8%;-0.1%;0.2%;;;
2009.03.06 04:30:00;GBP;3;PPI Input m/m;0.9%;0.1%;0.6%;;1.5%;
2009.03.06 04:30:00;GBP;1;PPI Output m/m;0.1%;0.1%;0.1%;;;
2009.03.06 08:30:00;USD;3;Non-Farm Employment Change;-655K;-647K;-651K;;-598K;
2009.03.06 08:30:00;USD;3;Unemployment Rate;7.6%;7.9%;8.1%;;;
2009.03.06 08:30:00;USD;2;Average Hourly Earnings m/m;0.2%;0.3%;0.2%;;0.3%;
2009.03.06 11:15:00;USD;2;FOMC Member Dudley Speaks;;;;;;
2009.03.06 15:00:00;USD;1;Consumer Credit m/m;-7.5B;-4.2B;1.8B;;-6.6B;
2009.03.07 15:15:00;USD;1;Fed Chairman Bernanke Speaks;;;;;;
2009.03.08 03:00:00;CAD;0;Daylight Saving Time Shift;;;;;;
2009.03.08 03:00:00;USD;0;Daylight Saving Time Shift;;;;;;
2009.03.08 19:50:00;JPY;1;Bank Lending y/y;3.6%;;3.5%;;3.7%;
2009.03.08 19:50:00;JPY;1;M2 Money Stock y/y;2.0%;1.9%;2.1%;;1.9%;
2009.03.08 19:52:00;JPY;1;Current Account;0.56T;0.40T;0.26T;;0.50T;
2009.03.09 01:00:00;JPY;1;Economy Watchers Sentiment;17.1;17.3;19.4;;;
2009.03.09 02:45:00;CHF;1;Unemployment Rate;3.0%;3.1%;3.1%;;2.9%;
2009.03.09 02:45:00;EUR;1;Eurogroup Meetings (All Day);;;;;;
2009.03.09 05:30:00;EUR;1;Sentix Investor Confidence;-36.1;-37.8;-42.7;;;
2009.03.09 08:15:00;CAD;3;Housing Starts;154K;144K;135K;;;
2009.03.09 20:01:00;GBP;2;BRC Retail Sales Monitor y/y;1.1%;;-1.8%;;;
2009.03.09 20:01:00;GBP;2;RICS House Price Balance;-77%;-76%;-78%;;-76%;
2009.03.09 20:30:00;AUD;2;ANZ Job Advertisements m/m;-6.3%;;-10.4%;;;
2009.03.09 20:30:00;AUD;2;NAB Business Confidence;-32;;-22;;;
2009.03.09 22:00:00;CNY;2;CPI y/y;1.0%;-1.0%;-1.6%;;;
2009.03.09 22:00:00;CNY;2;PPI y/y;-3.3%;-4.5%;-4.5%;;;
2009.03.10 01:00:00;JPY;1;Leading Indicators;79.4%;77.2%;77.1%;;79.8%;
2009.03.10 02:08:00;JPY;1;Prelim Machine Tool Orders y/y;-84.1%;;-83.9%;;-84.4%;
2009.03.10 03:00:00;EUR;2;German Trade Balance;11.0B;10.0B;8.3B;;10.7B;
2009.03.10 03:00:00;EUR;1;German Final CPI m/m;0.6%;0.6%;0.6%;;;
2009.03.10 03:45:00;EUR;2;French Industrial Production m/m;-1.5%;-0.7%;-3.1%;;-1.8%;
2009.03.10 03:45:00;EUR;1;French Gov Budget Balance;-56.5B;;-8.1B;;;
2009.03.10 03:45:00;EUR;1;French Trade Balance;-3.0B;-3.0B;-4.5B;;-2.5B;
2009.03.10 03:45:00;EUR;1;ECOFIN Meetings (All Day);;;;;;
2009.03.10 05:30:00;GBP;3;Manufacturing Production m/m;-1.9%;-1.5%;-2.9%;;-2.2%;
2009.03.10 05:30:00;GBP;1;Industrial Production m/m;-1.5%;-1.2%;-2.6%;;-1.7%;
2009.03.10 06:37:00;GBP;1;10-y Bond Auction;3.94|1.8;;3.07|2.1;;;
2009.03.10 08:30:00;USD;3;Fed Chairman Bernanke Speaks;;;;;;
2009.03.10 08:30:00;USD;1;NFIB Small Business Index;84.1;;82.6;;;
2009.03.10 10:00:00;USD;1;Final Wholesale Inventories m/m;-1.5%;-1.0%;-0.7%;;-1.4%;
2009.03.10 10:00:00;USD;1;IBD/TIPP Economic Optimism;44.6;42.8;45.3;;;
2009.03.10 11:00:00;USD;1;JOLTS Job Openings;3.22M;;2.99M;;2.69M;
2009.03.10 17:45:00;NZD;1;Overseas Trade Index q/q;-0.9%;-3.0%;-0.9%;;-2.3%;
2009.03.10 19:30:00;AUD;2;Westpac Consumer Sentiment;-4.6%;;-0.2%;;;
2009.03.10 19:50:00;JPY;2;Core Machinery Orders m/m;-1.7%;-4.9%;-3.2%;;;
2009.03.10 19:50:00;JPY;1;PPI y/y;-0.3%;-1.3%;-1.1%;;-0.2%;
2009.03.10 20:01:00;GBP;1;NIESR GDP Estimate;-1.7%;;-1.8%;;;
2009.03.10 20:30:00;AUD;3;Home Loans m/m;6.7%;4.0%;3.5%;;6.4%;
2009.03.10 22:00:00;CNY;2;Fixed Asset Investment ytd/y;26.1%;21.5%;26.5%;;;
2009.03.11 00:00:00;CNY;3;USD-Denominated Trade Balance;39.1B;28.3B;4.8B;;;
2009.03.11 03:00:00;EUR;2;German PPI m/m;-0.8%;-0.1%;-1.2%;;-1.0%;
2009.03.11 05:30:00;GBP;2;Goods Trade Balance;-7.2B;-7.5B;-7.7B;;-7.4B;
2009.03.11 07:00:00;EUR;2;German Factory Orders m/m;-7.6%;-1.9%;-8.0%;;-6.9%;
2009.03.11 08:30:00;CAD;1;NHPI m/m;-0.1%;-0.3%;-0.6%;;;
2009.03.11 10:00:00;USD;1;Assist Treasury Sec Kashkari Speaks;;;;;;
2009.03.11 10:30:00;USD;2;Crude Oil Inventories;-0.7M;0.1M;0.7M;;;
2009.03.11 13:00:00;USD;1;Treasury Sec Geithner Speaks;;;;;;
2009.03.11 14:00:00;USD;2;10-y Bond Auction;2.82|2.2;;3.04|2.1;;;
2009.03.11 14:00:00;USD;2;Federal Budget Balance;-83.8B;-203.0B;-192.8B;;;
2009.03.11 16:00:00;NZD;3;Official Cash Rate;3.50%;3.00%;3.00%;;;
2009.03.11 16:00:00;NZD;3;RBNZ Press Conference;;;;;;
2009.03.11 16:00:00;NZD;3;RBNZ Rate Statement;;;;;;
2009.03.11 16:00:00;NZD;2;RBNZ Monetary Policy Statement;;;;;;
2009.03.11 17:26:00;NZD;1;BusinessNZ Manufacturing Index;41.8;;38.6;;42.0;
2009.03.11 17:51:00;NZD;1;FPI m/m;0.8%;;0.2%;;;
2009.03.11 19:50:00;JPY;2;Final GDP q/q;-3.3%;-3.5%;-3.2%;;;
2009.03.11 19:50:00;JPY;1;Final GDP Price Index y/y;0.9%;0.9%;0.7%;;;
2009.03.11 20:00:00;AUD;1;MI Inflation Expectations;2.3%;;2.2%;;;
2009.03.11 20:30:00;AUD;3;Employment Change;0.3K;-20.6K;1.8K;;1.2K;
2009.03.11 20:30:00;AUD;3;Unemployment Rate;4.8%;5.0%;5.2%;;;
2009.03.11 22:00:00;CNY;3;Industrial Production y/y;5.7%;11.3%;3.8%;;;
2009.03.11 22:00:00;CNY;2;New Loans;1620B;;1070B;;;
2009.03.11 22:00:00;CNY;1;M2 Money Supply y/y;18.8%;19.3%;20.5%;;;
2009.03.12 03:45:00;EUR;1;French Final CPI m/m;-0.4%;0.2%;0.4%;;;
2009.03.12 03:45:00;EUR;1;French Final Private Payrolls q/q;-0.6%;-0.6%;-0.7%;;;
2009.03.12 05:00:00;EUR;2;ECB Monthly Bulletin;;;;;;
2009.03.12 05:30:00;GBP;2;Consumer Inflation Expectations;2.8%;;2.1%;;;
2009.03.12 06:00:00;EUR;1;PPI m/m;-1.5%;-0.1%;-0.8%;;-1.3%;
2009.03.12 06:00:00;GBP;1;CB Leading Index m/m;-0.7%;;-0.4%;;-0.6%;
2009.03.12 07:00:00;EUR;2;German Industrial Production m/m;-3.9%;-3.3%;-7.5%;;-4.6%;
2009.03.12 08:00:00;EUR;2;ECB President Trichet Speaks;;;;;;
2009.03.12 08:30:00;USD;3;Core Retail Sales m/m;1.6%;-0.1%;0.7%;;0.9%;
2009.03.12 08:30:00;USD;3;Retail Sales m/m;1.8%;-0.5%;-0.1%;;1.0%;
2009.03.12 08:30:00;USD;3;Unemployment Claims;645K;642K;654K;;639K;
2009.03.12 09:00:00;CHF;3;Libor Rate;0.50%;0.25%;0.25%;;;
2009.03.12 09:00:00;CHF;3;SNB Monetary Policy Assessment;;;;;;
2009.03.12 10:00:00;USD;2;Business Inventories m/m;-1.6%;-1.2%;-1.1%;;-1.3%;
2009.03.12 10:00:00;USD;2;Treasury Sec Geithner Speaks;;;;;;
2009.03.12 10:30:00;USD;1;Natural Gas Storage;-102B;-104B;-112B;;;
2009.03.12 12:45:00;CAD;2;Gov Council Member Longworth Speaks;;;;;;
2009.03.12 13:00:00;USD;1;30-y Bond Auction;3.54|2.0;;3.64|2.4;;;
2009.03.12 14:30:00;GBP;2;MPC Member Barker Speaks;;;;;;
2009.03.12 17:45:00;NZD;3;Core Retail Sales m/m;-0.7%;0.2%;0.3%;;-0.6%;
2009.03.12 17:45:00;NZD;3;Retail Sales m/m;-0.7%;-0.1%;-1.1%;;-1.0%;
2009.03.12 22:00:00;CNY;1;Retail Sales y/y;19.0%;15.6%;15.2%;;;
2009.03.13 00:30:00;JPY;1;Revised Industrial Production m/m;-10.0%;-9.9%;-10.2%;;;
2009.03.13 01:00:00;JPY;1;Consumer Confidence;26.4;26.4;26.7;;;
2009.03.13 03:00:00;EUR;1;German WPI m/m;-0.4%;0.2%;-0.1%;;;
2009.03.13 04:15:00;CHF;2;PPI m/m;-0.8%;-0.2%;-0.6%;;;
2009.03.13 06:00:00;EUR;2;Retail Sales m/m;-0.3%;0.2%;0.1%;;0.0%;
2009.03.13 06:00:00;All;2;G20 Meetings (Day 1);;;;;;
2009.03.13 07:00:00;CAD;3;Employment Change;-129.0K;-50.5K;-82.6K;;;
2009.03.13 07:00:00;CAD;3;Unemployment Rate;7.2%;7.4%;7.7%;;;
2009.03.13 08:30:00;CAD;3;Trade Balance;-0.7B;-1.0B;-1.0B;;-0.5B;
2009.03.13 08:30:00;USD;3;Trade Balance;-39.9B;-38.3B;-36.0B;;;
2009.03.13 08:30:00;USD;2;Import Prices m/m;-1.2%;-0.7%;-0.2%;;-1.1%;
2009.03.13 09:55:00;USD;3;Prelim UoM Consumer Sentiment;56.3;55.0;56.6;;56.2;
2009.03.13 09:55:00;USD;1;Prelim UoM Inflation Expectations;1.9%;;2.2%;;1.6%;
2009.03.14 00:00:00;All;2;G20 Meetings (Day 2);;;;;;
2009.03.14 12:00:00;USD;3;Treasury Sec Geithner Speaks;;;;;;
2009.03.15 00:00:00;All;1;OPEC Meetings (All Day);;;;;;
2009.03.15 17:55:00;NZD;1;Manufacturing Sales q/q;1.3%;;0.0%;;;
2009.03.15 19:00:00;USD;3;Fed Chairman Bernanke Speaks;;;;;;
2009.03.15 20:01:00;GBP;2;Rightmove HPI m/m;1.2%;;0.9%;;;
2009.03.15 20:01:00;GBP;1;BOE Quarterly Bulletin;;;;;;
2009.03.15 23:09:00;CNY;1;Foreign Direct Investment ytd/y;-32.6%;;-26.2%;;;
2009.03.16 06:00:00;EUR;2;Final CPI y/y;1.2%;1.2%;1.2%;;;
2009.03.16 06:00:00;EUR;2;Final Core CPI y/y;1.6%;1.6%;1.7%;;;
2009.03.16 06:00:00;EUR;1;Final Employment Change q/q;-0.1%;;-0.3%;;;
2009.03.16 08:30:00;CAD;1;Capacity Utilization Rate;78.1%;75.2%;74.7%;;77.4%;
2009.03.16 08:30:00;USD;2;Empire State Manufacturing Index;-34.7;-31.5;-38.2;;;
2009.03.16 09:00:00;USD;3;TIC Long-Term Purchases;34.7B;44.3B;-43.0B;;34.8B;
2009.03.16 09:15:00;USD;2;Capacity Utilization Rate;71.9%;71.1%;70.9%;;72.0%;
2009.03.16 09:15:00;USD;2;Industrial Production m/m;-1.9%;-1.2%;-1.4%;;-1.8%;
2009.03.16 12:30:00;EUR;2;ECB President Trichet Speaks;;;;;;
2009.03.16 13:00:00;USD;1;NAHB Housing Market Index;9;9;9;;;
2009.03.16 19:50:00;JPY;2;Tertiary Industry Activity m/m;-1.6%;-0.5%;0.4%;;;
2009.03.16 20:30:00;AUD;3;Monetary Policy Meeting Minutes;;;;;;
2009.03.17 02:45:00;CHF;2;SECO Economic Forecasts;;;;;;
2009.03.17 04:15:00;CHF;2;Industrial Production q/q;-5.1%;-0.1%;0.1%;;-5.2%;
2009.03.17 05:33:00;GBP;1;ONS HPI y/y;-10.2%;-11.7%;-11.5%;;;
2009.03.17 06:00:00;EUR;3;German ZEW Economic Sentiment;-5.8;-7.7;-3.5;;;
2009.03.17 06:00:00;EUR;2;ZEW Economic Sentiment;-8.7;-11.7;-6.5;;;
2009.03.17 06:00:00;JPY;2;BOJ Gov Shirakawa Speaks;;;;;;
2009.03.17 08:30:00;CAD;2;Labor Productivity q/q;0.1%;0.0%;-0.5%;;0.0%;
2009.03.17 08:30:00;CAD;2;Manufacturing Sales m/m;-8.2%;-5.7%;-5.4%;;-8.0%;
2009.03.17 08:30:00;USD;3;Building Permits;0.53M;0.50M;0.55M;;0.52M;
2009.03.17 08:30:00;USD;3;PPI m/m;0.8%;0.3%;0.1%;;;
2009.03.17 08:30:00;USD;2;Core PPI m/m;0.4%;0.1%;0.2%;;;
2009.03.17 08:30:00;USD;2;Housing Starts;0.48M;0.45M;0.58M;;0.47M;
2009.03.17 15:15:00;EUR;2;ECB President Trichet Speaks;;;;;;
2009.03.17 15:30:00;EUR;2;German Buba President Weber Speaks;;;;;;
2009.03.17 16:10:00;GBP;3;BOE Gov King Speaks;;;;;;
2009.03.17 19:30:00;AUD;1;MI Leading Index m/m;-0.4%;;-0.2%;;;
2009.03.17 23:27:00;JPY;2;Monetary Policy Statement;;;;;;
2009.03.17 23:27:00;JPY;2;Overnight Call Rate;0.10%;0.10%;0.10%;;;
2009.03.18 03:24:00;JPY;3;BOJ Press Conference;;;;;;
2009.03.18 04:15:00;CHF;2;Retail Sales y/y;3.6%;-0.6%;1.2%;;;
2009.03.18 05:00:00;EUR;1;Italian Industrial Production m/m;-3.9%;-2.3%;-0.2%;;-2.5%;
2009.03.18 05:30:00;GBP;3;Claimant Count Change;93.5K;84.5K;138.4K;;73.8K;
2009.03.18 05:30:00;GBP;3;MPC Asset Purchase Facility Votes;;9-0-0;9-0-0;;;
2009.03.18 05:30:00;GBP;3;MPC Official Bank Rate Votes;0-9-0;0-9-0;0-9-0;;;
2009.03.18 05:30:00;GBP;2;Average Earnings Index 3m/y;3.1%;3.0%;1.8%;;3.2%;
2009.03.18 05:30:00;GBP;1;Unemployment Rate;6.3%;6.5%;6.5%;;;
2009.03.18 06:06:00;EUR;1;German 10-y Bond Auction;3.28|1.2;;3.23|2.1;;;
2009.03.18 06:41:00;EUR;1;Spanish 10-y Bond Auction;3.81|1.8;;4.20|1.6;;;
2009.03.18 08:30:00;CAD;2;Wholesale Sales m/m;-3.1%;-2.6%;-4.2%;;-3.4%;
2009.03.18 08:30:00;USD;3;Core CPI m/m;0.2%;0.1%;0.2%;;;
2009.03.18 08:30:00;USD;2;CPI m/m;0.3%;0.3%;0.4%;;;
2009.03.18 08:30:00;USD;2;Current Account;-181B;-137B;-133B;;-174B;
2009.03.18 10:30:00;USD;2;Crude Oil Inventories;0.7M;1.2M;2.0M;;;
2009.03.18 14:17:00;USD;3;FOMC Statement;;;;;;
2009.03.18 14:17:00;USD;3;Federal Funds Rate;<0.25%;<0.25%;<0.25%;;;
2009.03.18 16:50:00;AUD;2;RBA Assist Gov Edey Speaks;;;;;;
2009.03.18 19:50:00;JPY;1;All Industries Activity m/m;-2.6%;-2.0%;-1.7%;;-2.7%;
2009.03.18 20:30:00;AUD;1;Housing Starts q/q;-8.9%;1.0%;-9.9%;;-10.7%;
2009.03.18 20:30:00;AUD;1;New Motor Vehicle Sales m/m;-1.1%;;-3.5%;;;
2009.03.18 20:30:00;AUD;1;RBA Bulletin;;;;;;
2009.03.19 01:00:00;JPY;2;BOJ Monthly Report;;;;;;
2009.03.19 02:20:00;JPY;1;BOJ Gov Shirakawa Speaks;;;;;;
2009.03.19 03:15:00;CHF;1;Trade Balance;1.99B;1.01B;0.73B;;2.03B;
2009.03.19 05:00:00;EUR;1;Italian Trade Balance;-0.41B;-2.47B;-3.59B;;;
2009.03.19 05:30:00;GBP;2;Public Sector Net Borrowing;-2.6B;8.0B;9.0B;;-3.3B;
2009.03.19 05:30:00;GBP;1;M4 Money Supply m/m;2.4%;1.4%;1.4%;;2.5%;
2009.03.19 06:00:00;CHF;2;Credit Suisse Economic Expectations;-57.7;;-57.1;;;
2009.03.19 07:00:00;CAD;3;Core CPI m/m;-0.4%;0.2%;0.5%;;;
2009.03.19 07:00:00;CAD;2;CPI m/m;-0.3%;0.3%;0.7%;;;
2009.03.19 07:00:00;GBP;2;CBI Industrial Order Expectations;-56;-55;-58;;;
2009.03.19 08:30:00;CAD;2;Foreign Securities Purchases;-2.42B;-2.00B;10.43B;;-2.84B;
2009.03.19 08:30:00;USD;3;Unemployment Claims;658K;652K;646K;;654K;
2009.03.19 09:15:00;GBP;2;Chancellor Darling Speaks;;;;;;
2009.03.19 10:00:00;USD;2;Philly Fed Manufacturing Index;-41.3;-39.1;-35.0;;;
2009.03.19 10:00:00;USD;1;CB Leading Index m/m;0.1%;-0.6%;-0.4%;;0.4%;
2009.03.19 10:30:00;USD;2;FOMC Member Tarullo Speaks;;;;;;
2009.03.19 10:30:00;USD;1;Natural Gas Storage;-112B;-26B;-30B;;;
2009.03.19 12:00:00;CHF;2;Gov Board Member Jordan Speaks;;;;;;
2009.03.19 15:00:00;USD;3;Fed Announcement;;;;;;
2009.03.19 17:45:00;NZD;1;Visitor Arrivals m/m;-7.4%;;2.9%;;-3.0%;
2009.03.19 17:45:00;JPY;0;Bank Holiday (All Day);;;;;;
2009.03.19 22:16:00;NZD;1;Credit Card Spending y/y;-2.2%;;-1.9%;;;
2009.03.20 03:00:00;EUR;2;German PPI m/m;-1.2%;-0.2%;-0.5%;;;
2009.03.20 06:00:00;EUR;2;Industrial Production m/m;-2.7%;-3.8%;-3.5%;;-2.6%;
2009.03.20 06:30:00;EUR;1;Italian Quarterly Unemployment Rate;6.7%;7.0%;6.9%;;;
2009.03.20 08:30:00;CAD;3;Core Retail Sales m/m;-3.1%;0.4%;1.3%;;-3.2%;
2009.03.20 08:30:00;CAD;2;Retail Sales m/m;-5.2%;0.8%;1.9%;;-5.4%;
2009.03.20 08:30:00;CAD;1;New Motor Vehicle Sales m/m;-10.8%;6.0%;5.5%;;-14.8%;
2009.03.20 10:00:00;USD;1;FOMC Member Duke Speaks;;;;;;
2009.03.20 12:00:00;USD;3;Fed Chairman Bernanke Speaks;;;;;;
2009.03.22 19:50:00;JPY;2;BSI Manufacturing Index;-44.5;-47.3;-66.0;;;
2009.03.23 06:00:00;EUR;1;Trade Balance;-1.7B;-1.9B;-5.5B;;-0.3B;
2009.03.23 07:00:00;EUR;1;German Buba Monthly Report;;;;;;
2009.03.23 07:00:00;EUR;1;German Buba Monthly Report;;;;;;
2009.03.23 08:30:00;CAD;1;Leading Index m/m;-0.9%;-0.9%;-1.1%;;-0.8%;
2009.03.23 08:45:00;USD;3;Treasury Sec Geithner Speaks;;;;;;
2009.03.23 10:00:00;USD;3;Existing Home Sales;4.49M;4.45M;4.72M;;;
2009.03.23 16:30:00;USD;3;Fed Announcement;;;;;;
2009.03.23 18:00:00;USD;1;Treasury Sec Geithner Speaks;;;;;;
2009.03.23 18:30:00;AUD;2;RBA Deputy Gov Lowe Speaks;;;;;;
2009.03.23 19:00:00;EUR;2;ECB President Trichet Speaks;;;;;;
2009.03.23 19:50:00;JPY;2;Monetary Policy Meeting Minutes;;;;;;
2009.03.24 03:45:00;EUR;2;French Consumer Spending m/m;1.7%;-1.0%;-2.0%;;1.8%;
2009.03.24 04:00:00;EUR;2;French Flash Manufacturing PMI;34.8;35.0;36.3;;35.4;
2009.03.24 04:00:00;EUR;2;French Flash Services PMI;40.2;40.2;42.9;;40.1;
2009.03.24 04:30:00;EUR;2;German Flash Manufacturing PMI;32.1;32.1;32.4;;32.2;
2009.03.24 04:30:00;EUR;2;German Flash Services PMI;41.3;41.2;41.7;;41.6;
2009.03.24 05:00:00;EUR;2;Current Account;-7.6B;-6.7B;-12.7B;;-7.3B;
2009.03.24 05:00:00;EUR;2;Flash Manufacturing PMI;33.5;33.5;34.0;;33.6;
2009.03.24 05:00:00;EUR;2;Flash Services PMI;39.2;39.2;40.1;;38.9;
2009.03.24 05:30:00;GBP;3;CPI y/y;3.0%;2.6%;3.2%;;;
2009.03.24 05:30:00;GBP;2;Core CPI y/y;1.3%;1.3%;1.6%;;;
2009.03.24 05:30:00;GBP;2;High Street Lending;24.3K;22.3K;28.2K;;23.4K;
2009.03.24 05:30:00;GBP;2;RPI y/y;0.1%;-0.7%;0.0%;;;
2009.03.24 05:31:00;GBP;3;BOE Inflation Letter;;;;;;
2009.03.24 05:45:00;GBP;3;Monetary Policy Report Hearings;;;;;;
2009.03.24 06:00:00;USD;2;FOMC Member Evans Speaks;;;;;;
2009.03.24 09:59:00;USD;1;Richmond Manufacturing Index;-51;-52;-20;;;
2009.03.24 10:00:00;EUR;2;Belgian NBB Business Climate;-31.6;-31.9;-28.6;;;
2009.03.24 10:00:00;USD;3;Fed Chairman Bernanke Testifies;;;;;;
2009.03.24 10:00:00;USD;1;HPI m/m;-0.2%;-0.7%;1.7%;;0.1%;
2009.03.24 11:30:00;GBP;3;BOE Gov King Speaks;;;;;;
2009.03.24 13:15:00;CHF;3;SNB Chairman Roth Speaks;;;;;;
2009.03.24 14:30:00;GBP;3;MPC Member Blanchflower Speaks;;;;;;
2009.03.24 19:50:00;JPY;2;Trade Balance;-0.40T;-0.29T;-0.04T;;-0.36T;
2009.03.24 20:00:00;USD;1;President Obama Speaks;;;;;;
2009.03.24 21:00:00;NZD;1;Westpac Consumer Sentiment;101.3;;96.0;;;
2009.03.25 03:30:00;AUD;3;RBA Gov Stevens Speaks;;;;;;
2009.03.25 05:00:00;EUR;3;German ifo Business Climate;82.6;82.2;82.1;;;
2009.03.25 07:00:00;GBP;3;CBI Realized Sales;-25;-35;-44;;;
2009.03.25 08:30:00;USD;3;Core Durable Goods Orders m/m;-5.9%;-2.0%;3.9%;;-2.5%;
2009.03.25 08:30:00;USD;2;Durable Goods Orders m/m;-7.3%;-2.3%;3.4%;;-5.2%;
2009.03.25 10:00:00;USD;3;New Home Sales;322K;302K;337K;;309K;
2009.03.25 10:00:00;USD;1;FOMC Member Duke Speaks;;;;;;
2009.03.25 10:15:00;USD;3;Treasury Sec Geithner Speaks;;;;;;
2009.03.25 10:30:00;USD;2;Crude Oil Inventories;2.0M;1.2M;3.3M;;;
2009.03.25 13:00:00;USD;2;FOMC Member Yellen Speaks;;;;;;
2009.03.25 17:45:00;NZD;3;Current Account;-6.00B;-4.02B;-4.03B;;-5.99M;
2009.03.25 19:00:00;AUD;2;CB Leading Index m/m;-1.1%;;-0.6%;;-0.9%;
2009.03.25 19:50:00;JPY;1;SPPI y/y;-2.4%;-2.5%;-2.6%;;-2.2%;
2009.03.25 20:30:00;AUD;2;RBA Financial Stability Review;;;;;;
2009.03.26 00:30:00;JPY;1;BOJ Gov Shirakawa Speaks;;;;;;
2009.03.26 03:00:00;EUR;2;German GfK Consumer Climate;2.5;2.5;2.4;;2.6;
2009.03.26 05:00:00;EUR;1;M3 Money Supply y/y;6.0%;5.5%;5.9%;;5.9%;
2009.03.26 05:00:00;EUR;1;Private Loans y/y;5.0%;4.5%;4.2%;;;
2009.03.26 05:00:00;USD;1;FOMC Member Lockhart Speaks;;;;;;
2009.03.26 05:30:00;GBP;3;Retail Sales m/m;0.8%;-0.3%;-1.9%;;0.7%;
2009.03.26 05:30:00;GBP;1;Revised Business Investment q/q;-3.9%;-3.9%;-1.5%;;;
2009.03.26 06:00:00;CHF;1;SNB Quarterly Bulletin;;;;;;
2009.03.26 08:30:00;USD;3;Unemployment Claims;644K;649K;652K;;646K;
2009.03.26 08:30:00;USD;2;Final GDP q/q;-6.2%;-6.6%;-6.3%;;;
2009.03.26 08:30:00;USD;1;Final GDP Price Index q/q;0.5%;0.5%;0.5%;;;
2009.03.26 09:25:00;USD;1;FOMC Member Lacker Speaks;;;;;;
2009.03.26 10:00:00;USD;2;Treasury Sec Geithner Speaks;;;;;;
2009.03.26 10:30:00;USD;1;Natural Gas Storage;-30B;-10B;3B;;;
2009.03.26 12:30:00;USD;2;FOMC Member Lacker Speaks;;;;;;
2009.03.26 17:45:00;NZD;3;GDP q/q;-0.5%;-1.1%;-0.9%;;-0.4%;
2009.03.26 17:45:00;NZD;3;Trade Balance;-104M;77M;489M;;-187M;
2009.03.26 19:30:00;JPY;2;Tokyo Core CPI y/y;0.6%;0.4%;0.4%;;;
2009.03.26 19:30:00;JPY;1;National Core CPI y/y;0.0%;0.0%;0.0%;;;
2009.03.26 19:50:00;JPY;2;Retail Sales y/y;-2.4%;-3.1%;-5.8%;;;
2009.03.27 03:00:00;EUR;1;German Import Prices m/m;-3.6%;-0.4%;-0.5%;;-4.0%;
2009.03.27 03:00:00;EUR;2;German Prelim CPI m/m (All Day);0.6%;0.1%;-0.1%;;;
2009.03.27 05:30:00;GBP;3;Current Account;-8.2B;-5.8B;-7.6B;;-7.7B;
2009.03.27 05:30:00;GBP;2;MPC Member Dale Speaks;;;;;;
2009.03.27 05:30:00;GBP;1;Final GDP q/q;-1.5%;-1.5%;-1.6%;;;
2009.03.27 06:00:00;EUR;2;Industrial New Orders m/m;-8.0%;-5.7%;-3.4%;;-5.2%;
2009.03.27 06:30:00;CHF;2;KOF Economic Barometer;-1.37;-1.55;-1.79;;-1.41;
2009.03.27 07:45:00;GBP;2;MPC Member Tucker Speaks;;;;;;
2009.03.27 08:30:00;USD;2;Core PCE Price Index m/m;0.2%;0.1%;0.2%;;0.1%;
2009.03.27 08:30:00;USD;2;Personal Spending m/m;1.0%;0.2%;0.2%;;0.6%;
2009.03.27 08:30:00;USD;1;Personal Income m/m;0.2%;-0.1%;-0.2%;;0.4%;
2009.03.27 09:55:00;USD;2;Revised UoM Consumer Sentiment;56.6;56.7;57.3;;;
2009.03.27 09:55:00;USD;1;Revised UoM Inflation Expectations;2.2%;;2.0%;;;
2009.03.28 21:00:00;CHF;0;Daylight Saving Time Shift;;;;;;
2009.03.28 21:00:00;EUR;0;Daylight Saving Time Shift;;;;;;
2009.03.28 21:00:00;GBP;0;Daylight Saving Time Shift;;;;;;
2009.03.29 17:45:00;NZD;3;Building Consents m/m;13.0%;;11.6%;;-13.1%;
2009.03.29 18:21:00;AUD;2;HIA New Home Sales m/m;8.3%;;3.9%;;;
2009.03.29 18:30:00;USD;2;Treasury Sec Geithner Speaks;;;;;;
2009.03.29 19:50:00;JPY;3;Prelim Industrial Production m/m;-10.2%;-9.1%;-9.4%;;-10.0%;
2009.03.30 04:30:00;GBP;2;Net Lending to Individuals m/m;1.2B;1.3B;1.3B;;1.1B;
2009.03.30 04:30:00;GBP;1;Mortgage Approvals;32K;34K;38K;;31K;
2009.03.30 05:00:00;EUR;1;Consumer Confidence;-33;-33;-34;;;
2009.03.30 05:00:00;EUR;1;Retail PMI;42.3;;44.1;;;
2009.03.30 05:28:00;EUR;1;Italian 10-y Bond Auction;4.57|1.3;;4.39|1.2;;;
2009.03.30 10:30:00;EUR;3;ECB President Trichet Speaks;;;;;;
2009.03.30 11:30:00;USD;1;FOMC Member Duke Speaks;;;;;;
2009.03.30 14:05:00;CAD;2;BOC Gov Carney Speaks;;;;;;
2009.03.30 19:01:00;GBP;2;GfK Consumer Confidence;-35;-35;-30;;;
2009.03.30 19:15:00;JPY;1;Final Manufacturing PMI;31.6;;33.8;;;
2009.03.30 19:30:00;JPY;2;Household Spending y/y;-5.9%;-4.6%;-3.5%;;;
2009.03.30 19:30:00;JPY;1;Unemployment Rate;4.1%;4.3%;4.4%;;;
2009.03.30 20:00:00;AUD;2;RBA Deputy Gov Battellino Speaks;;;;;;
2009.03.30 20:30:00;AUD;2;Private Sector Credit m/m;0.6%;0.5%;0.0%;;;
2009.03.30 21:30:00;JPY;2;Average Cash Earnings y/y;-2.7%;-1.4%;-2.7%;;-1.3%;
2009.03.30 22:00:00;NZD;3;Final ANZ Business Confidence;-41.2;;-39.3;;;
2009.03.30 22:20:00;AUD;2;RBA Deputy Gov Debelle Speaks;;;;;;
2009.03.31 01:00:00;JPY;1;Housing Starts y/y;-18.7%;-17.6%;-24.9%;;;
2009.03.31 02:00:00;CHF;2;UBS Consumption Indicator;0.92;;0.89;;0.99;
2009.03.31 03:55:00;EUR;2;German Unemployment Change;50K;53K;69K;;40K;
2009.03.31 04:00:00;EUR;1;Italian Retail Sales m/m;-0.3%;-0.4%;0.3%;;0.0%;
2009.03.31 04:30:00;GBP;1;Index of Services 3m/3m;-0.8%;-1.0%;-1.3%;;-0.9%;
2009.03.31 05:00:00;EUR;3;CPI Flash Estimate y/y;1.2%;0.7%;0.6%;;;
2009.03.31 05:00:00;EUR;1;Italian Prelim CPI m/m;0.2%;0.2%;0.1%;;;
2009.03.31 08:30:00;CAD;3;GDP m/m;-1.0%;-0.6%;-0.7%;;;
2009.03.31 08:30:00;CAD;2;RMPI m/m;1.5%;0.2%;1.7%;;1.4%;
2009.03.31 08:30:00;CAD;1;IPPI m/m;0.0%;0.4%;0.4%;;-0.1%;
2009.03.31 09:00:00;GBP;2;MPC Member Tucker Speaks;;;;;;
2009.03.31 09:00:00;USD;1;SP/CS Composite-20 HPI y/y;-18.6%;-18.5%;-19.0%;;-18.5%;
2009.03.31 09:45:00;USD;2;Chicago PMI;34.2;34.3;31.4;;;
2009.03.31 10:00:00;USD;3;CB Consumer Confidence;25.3;27.8;26.0;;25.0;
2009.03.31 18:30:00;AUD;1;AIG Manufacturing Index;31.7;;33.4;;;
2009.03.31 19:50:00;JPY;3;Tankan Manufacturing Index;-24;-55;-58;;;
2009.03.31 19:50:00;JPY;2;Tankan Non-Manufacturing Index;-9;-26;-31;;;
2009.03.31 20:30:00;AUD;3;Building Approvals m/m;-4.0%;1.5%;7.8%;;-3.7%;
2009.03.31 20:30:00;AUD;3;Retail Sales m/m;0.5%;-0.5%;-2.0%;;0.2%;
2009.03.31 22:30:00;CNY;2;Caixin Manufacturing PMI;45.1;;44.8;;;
