2011.02.01 00:30:00;AUD;2;Commodity Prices y/y;48.8%;;48.7%;;47.7%;
2011.02.01 02:00:00;GBP;3;Nationwide HPI m/m;0.4%;-0.3%;-0.1%;;;
2011.02.01 03:15:00;CHF;3;Retail Sales y/y;1.8%;2.6%;-0.4%;;2.5%;
2011.02.01 03:15:00;EUR;2;Spanish Manufacturing PMI;51.5;;52.0;;;
2011.02.01 03:30:00;CHF;2;Manufacturing PMI;59.6;59.3;60.5;;;
2011.02.01 03:45:00;EUR;2;Italian Manufacturing PMI;54.7;54.9;56.6;;;
2011.02.01 03:50:00;EUR;1;French Final Manufacturing PMI;54.3;54.3;54.9;;;
2011.02.01 03:55:00;EUR;2;German Unemployment Change;1K;-11K;-13K;;3K;
2011.02.01 03:55:00;EUR;1;German Final Manufacturing PMI;60.2;60.2;60.5;;;
2011.02.01 04:00:00;EUR;1;Final Manufacturing PMI;56.9;56.9;57.3;;;
2011.02.01 04:00:00;EUR;1;Italian Monthly Unemployment Rate;8.6%;8.7%;8.6%;;8.7%;
2011.02.01 04:30:00;GBP;3;Final Manufacturing PMI;58.7;58.0;62.0;;58.3;
2011.02.01 04:30:00;GBP;2;Net Lending to Individuals m/m;0.4B;0.6B;-0.1B;;0.7B;
2011.02.01 04:30:00;GBP;1;M4 Money Supply m/m;-0.6%;0.3%;-1.3%;;-0.8%;
2011.02.01 04:30:00;GBP;1;Mortgage Approvals;47K;47K;43K;;48K;
2011.02.01 05:00:00;EUR;2;Unemployment Rate;10.0%;10.1%;10.0%;;10.1%;
2011.02.01 08:30:00;NZD;1;GDT Price Index;0.7%;;6.7%;;;
2011.02.01 10:00:00;USD;3;ISM Manufacturing PMI;57.0;57.8;60.8;;;
2011.02.01 10:00:00;USD;1;Construction Spending m/m;-0.2%;0.1%;-2.5%;;0.4%;
2011.02.01 10:00:00;USD;1;ISM Manufacturing Prices;72.5;73.6;81.5;;;
2011.02.01 11:15:00;EUR;2;ECB President Trichet Speaks;;;;;;
2011.02.01 11:15:00;USD;1;Total Vehicle Sales (All Day);12.6M;12.8M;12.6M;;;
2011.02.01 11:30:00;CHF;2;Gov Board Member Jordan Speaks;;;;;;
2011.02.01 14:30:00;CAD;1;Gov Council Member Macklem Speaks;;;;;;
2011.02.01 18:50:00;JPY;1;Monetary Base y/y;7.0%;7.6%;5.5%;;;
2011.02.01 19:00:00;AUD;2;HIA New Home Sales m/m;-0.2%;;-0.6%;;;
2011.02.01 19:00:00;CNY;0;Bank Holiday (All Day);;;;;;
2011.02.02 03:00:00;EUR;2;Spanish Unemployment Change;-10.2K;;130.9K;;;
2011.02.02 04:30:00;GBP;2;Construction PMI;49.1;49.8;53.7;;;
2011.02.02 05:00:00;EUR;1;PPI m/m;0.3%;0.8%;0.8%;;;
2011.02.02 07:30:00;USD;1;Challenger Job Cuts y/y;-29.0%;;-46.0%;;;
2011.02.02 08:15:00;USD;3;ADP Non-Farm Employment Change;247K;148K;187K;;297K;
2011.02.02 10:30:00;USD;2;Crude Oil Inventories;4.8M;2.5M;2.6M;;;
2011.02.02 14:30:00;CAD;1;Gov Council Member Macklem Speaks;;;;;;
2011.02.02 16:45:00;NZD;3;Employment Change q/q;1.0%;0.2%;-0.5%;;;
2011.02.02 16:45:00;NZD;3;Unemployment Rate;6.4%;6.5%;6.8%;;;
2011.02.02 17:28:00;AUD;2;AIG Services Index;46.4;;45.5;;;
2011.02.02 17:30:00;USD;1;FOMC Member Duke Speaks;;;;;;
2011.02.02 17:30:00;CNY;0;Bank Holiday (All Day);;;;;;
2011.02.02 19:30:00;AUD;3;Building Approvals m/m;-3.9%;1.6%;8.7%;;-4.2%;
2011.02.02 19:30:00;AUD;3;Trade Balance;2.08B;1.63B;1.98B;;1.93B;
2011.02.02 20:00:00;CNY;1;Non-Manufacturing PMI;56.5;;56.4;;;
2011.02.03 02:15:00;CHF;2;Trade Balance;1.79B;1.72B;1.28B;;1.93B;
2011.02.03 03:15:00;EUR;1;Spanish Services PMI;46.2;;49.3;;;
2011.02.03 03:45:00;EUR;1;Italian Services PMI;50.2;50.6;49.9;;;
2011.02.03 03:50:00;EUR;1;French Final Services PMI;57.1;57.1;57.8;;;
2011.02.03 03:55:00;EUR;1;German Final Services PMI;60.0;60.0;60.3;;;
2011.02.03 04:00:00;EUR;1;Final Services PMI;55.2;55.2;55.9;;;
2011.02.03 04:30:00;GBP;3;Final Services PMI;49.7;51.2;54.5;;;
2011.02.03 05:00:00;EUR;2;Retail Sales m/m;-0.3%;0.6%;-0.6%;;-0.8%;
2011.02.03 05:04:00;EUR;2;French 10-y Bond Auction;3.36|2.0;;3.61|2.8;;;
2011.02.03 05:38:00;GBP;1;30-y Bond Auction;4.60|2.0;;4.52|1.9;;;
2011.02.03 07:45:00;EUR;3;Main Refinancing Rate;1.00%;1.00%;1.00%;;;
2011.02.03 08:30:00;EUR;3;ECB Press Conference;;;;;;
2011.02.03 08:30:00;USD;3;Unemployment Claims;457K;420K;415K;;454K;
2011.02.03 08:30:00;USD;2;Prelim Nonfarm Productivity q/q;2.3%;2.1%;2.6%;;1.9%;
2011.02.03 08:30:00;USD;2;Prelim Unit Labor Costs q/q;-0.1%;0.4%;-0.6%;;;
2011.02.03 10:00:00;USD;3;ISM Services PMI;57.1;57.2;59.4;;;
2011.02.03 10:00:00;USD;2;Factory Orders m/m;1.3%;-0.2%;0.2%;;0.7%;
2011.02.03 10:30:00;USD;1;Natural Gas Storage;-174B;-185B;-189B;;;
2011.02.03 12:30:00;USD;3;Fed Chairman Bernanke Speaks;;;;;;
2011.02.03 16:45:00;NZD;1;Visitor Arrivals m/m;0.6%;;1.4%;;0.5%;
2011.02.03 16:45:00;CNY;0;Bank Holiday (All Day);;;;;;
2011.02.03 19:30:00;AUD;3;RBA Monetary Policy Statement;;;;;;
2011.02.03 20:00:00;USD;2;FOMC Member Kocherlakota Speaks;;;;;;
2011.02.04 03:00:00;CHF;3;Foreign Currency Reserves;203B;;208B;;;
2011.02.04 03:00:00;GBP;3;Halifax HPI m/m;-1.1%;-0.2%;0.8%;;-1.3%;
2011.02.04 03:00:00;EUR;2;EU Economic Summit (All Day);;;;;;
2011.02.04 05:00:00;EUR;1;Italian Prelim CPI m/m;0.4%;0.3%;0.4%;;;
2011.02.04 06:30:00;EUR;2;ECB President Trichet Speaks;;;;;;
2011.02.04 07:00:00;CAD;3;Employment Change;22.0K;18.9K;69.2K;;;
2011.02.04 07:00:00;CAD;3;Unemployment Rate;7.6%;7.6%;7.8%;;;
2011.02.04 08:30:00;USD;3;Non-Farm Employment Change;121K;138K;36K;;103K;
2011.02.04 08:30:00;USD;3;Unemployment Rate;9.4%;9.5%;9.0%;;;
2011.02.04 08:30:00;USD;2;Average Hourly Earnings m/m;0.1%;0.2%;0.4%;;;
2011.02.04 10:00:00;CAD;3;Ivey PMI;50.0;53.4;41.4;;;
2011.02.04 13:00:00;USD;2;FOMC Member Fisher Speaks;;;;;;
2011.02.04 16:00:00;USD;2;Treasury Currency Report;;;;;;
2011.02.06 17:30:00;AUD;1;AIG Construction Index;43.8;;40.2;;;
2011.02.06 17:30:00;CNY;0;Bank Holiday (All Day);;;;;;
2011.02.06 19:30:00;AUD;3;ANZ Job Advertisements m/m;1.2%;;2.4%;;2.0%;
2011.02.06 19:30:00;AUD;3;Retail Sales m/m;0.4%;0.5%;0.2%;;0.3%;
2011.02.06 22:30:00;JPY;2;BOJ Gov Shirakawa Speaks;;;;;;
2011.02.07 00:00:00;JPY;1;Leading Indicators;100.6%;101.5%;101.4%;;101.0%;
2011.02.07 04:30:00;EUR;1;Sentix Investor Confidence;10.6;14.1;16.7;;;
2011.02.07 06:00:00;EUR;2;German Factory Orders m/m;5.2%;-1.4%;-3.4%;;;
2011.02.07 08:00:00;EUR;2;German Buba President Weber Speaks;;;;;;
2011.02.07 08:30:00;CAD;3;Building Permits m/m;-10.5%;2.9%;2.4%;;-11.2%;
2011.02.07 09:00:00;EUR;3;ECB President Trichet Speaks;;;;;;
2011.02.07 15:00:00;USD;1;Consumer Credit m/m;2.0B;2.2B;6.1B;;1.3B;
2011.02.07 18:50:00;JPY;1;Bank Lending y/y;-2.0%;;-1.8%;;-1.9%;
2011.02.07 18:50:00;JPY;1;Current Account;1.15T;1.55T;1.56T;;;
2011.02.07 18:50:00;JPY;1;M2 Money Stock y/y;2.3%;2.3%;2.3%;;;
2011.02.07 18:50:00;CNY;0;Bank Holiday (All Day);;;;;;
2011.02.07 19:00:00;GBP;2;BRC Retail Sales Monitor y/y;-0.3%;;2.3%;;;
2011.02.07 19:01:00;GBP;2;RICS House Price Balance;-39%;-38%;-31%;;;
2011.02.07 19:30:00;AUD;2;NAB Business Confidence;-3;;4;;;
2011.02.08 00:00:00;JPY;1;Economy Watchers Sentiment;45.1;45.6;44.3;;;
2011.02.08 01:45:00;CHF;1;Unemployment Rate;3.5%;3.5%;3.5%;;3.6%;
2011.02.08 02:45:00;EUR;1;French Gov Budget Balance;-140.7B;;-148.8B;;;
2011.02.08 02:45:00;EUR;1;French Trade Balance;-4.1B;-4.1B;-5.1B;;-3.9B;
2011.02.08 06:00:00;EUR;2;German Industrial Production m/m;-0.6%;0.2%;-1.5%;;-0.7%;
2011.02.08 07:30:00;USD;1;NFIB Small Business Index;92.6;94.0;94.1;;;
2011.02.08 08:15:00;CAD;3;Housing Starts;169K;171K;170K;;172K;
2011.02.08 10:00:00;USD;1;IBD/TIPP Economic Optimism;51.9;52.8;50.9;;;
2011.02.08 10:00:00;USD;1;JOLTS Job Openings;3.20M;;3.06M;;3.25M;
2011.02.08 13:00:00;USD;2;FOMC Member Fisher Speaks;;;;;;
2011.02.08 18:30:00;AUD;2;Westpac Consumer Sentiment;-5.7%;;1.9%;;;
2011.02.08 18:48:00;GBP;1;BRC Shop Price Index y/y;2.1%;;2.5%;;;
2011.02.09 00:00:00;JPY;1;Consumer Confidence;40.1;40.5;41.1;;;
2011.02.09 01:00:00;JPY;1;Prelim Machine Tool Orders y/y;64.0%;;89.4%;;63.5%;
2011.02.09 02:00:00;EUR;1;German Trade Balance;11.8B;11.9B;14.0B;;;
2011.02.09 04:30:00;GBP;2;Goods Trade Balance;-8.5B;-8.6B;-9.2B;;-8.7B;
2011.02.09 10:00:00;USD;3;Fed Chairman Bernanke Testifies;;;;;;
2011.02.09 10:30:00;USD;2;Crude Oil Inventories;2.6M;2.2M;1.9M;;;
2011.02.09 13:00:00;USD;2;10-y Bond Auction;3.39|3.3;;3.67|3.2;;;
2011.02.09 18:50:00;JPY;2;Core Machinery Orders m/m;-3.0%;5.1%;1.7%;;;
2011.02.09 18:50:00;JPY;1;PPI y/y;1.2%;1.4%;1.6%;;;
2011.02.09 19:00:00;AUD;2;MI Inflation Expectations;4.6%;;4.3%;;;
2011.02.09 19:30:00;AUD;3;Employment Change;1.8K;18.4K;24.0K;;2.3K;
2011.02.09 19:30:00;AUD;3;Unemployment Rate;5.0%;5.0%;5.0%;;;
2011.02.10 01:45:00;CHF;2;SECO Consumer Climate;7;11;10;;;
2011.02.10 02:45:00;EUR;2;French Industrial Production m/m;2.3%;-0.3%;0.3%;;;
2011.02.10 03:15:00;CHF;2;CPI m/m;0.0%;-0.1%;-0.4%;;;
2011.02.10 04:00:00;EUR;2;ECB Monthly Bulletin;;;;;;
2011.02.10 04:00:00;EUR;1;Italian Industrial Production m/m;1.3%;0.4%;0.3%;;1.1%;
2011.02.10 04:30:00;GBP;3;Manufacturing Production m/m;0.6%;0.5%;-0.1%;;;
2011.02.10 04:30:00;GBP;1;Industrial Production m/m;0.6%;0.5%;0.5%;;0.4%;
2011.02.10 07:00:00;GBP;3;Asset Purchase Facility;200B;200B;200B;;;
2011.02.10 07:00:00;GBP;3;Official Bank Rate;0.50%;0.50%;0.50%;;;
2011.02.10 07:28:00;EUR;3;German Buba President Weber Speaks;;;;;;
2011.02.10 08:30:00;CAD;2;NHPI m/m;0.3%;0.6%;0.1%;;;
2011.02.10 08:30:00;USD;3;Unemployment Claims;419K;411K;383K;;415K;
2011.02.10 10:00:00;GBP;2;NIESR GDP Estimate;-0.5%;;-0.1%;;0.5%;
2011.02.10 10:00:00;USD;1;Final Wholesale Inventories m/m;0.0%;0.7%;1.0%;;-0.2%;
2011.02.10 10:30:00;USD;1;Natural Gas Storage;-189B;-191B;-209B;;;
2011.02.10 13:00:00;USD;1;30-y Bond Auction;4.52|2.7;;4.75|2.5;;;
2011.02.10 13:30:00;CAD;2;Gov Council Member Murray Speaks;;;;;;
2011.02.10 13:55:00;USD;2;Federal Budget Balance;-80.0B;-69.5B;-49.8B;;;
2011.02.10 16:45:00;NZD;1;FPI m/m;-0.8%;;1.8%;;;
2011.02.10 17:30:00;AUD;3;RBA Gov Stevens Speaks;;;;;;
2011.02.10 17:30:00;JPY;0;Bank Holiday (All Day);;;;;;
2011.02.10 21:30:00;NZD;2;REINZ HPI m/m;-0.6%;;-2.6%;;;
2011.02.11 02:00:00;EUR;1;German Final CPI m/m;-0.5%;-0.5%;-0.4%;;;
2011.02.11 02:00:00;EUR;1;German WPI m/m;1.8%;0.9%;1.2%;;;
2011.02.11 02:45:00;EUR;2;French Prelim Private Payrolls q/q;0.1%;0.2%;0.2%;;0.3%;
2011.02.11 03:00:00;EUR;2;Spanish Flash GDP q/q;0.0%;0.1%;0.2%;;;
2011.02.11 04:30:00;GBP;3;PPI Input m/m;3.9%;1.3%;1.7%;;3.4%;
2011.02.11 04:30:00;GBP;1;PPI Output m/m;0.4%;0.4%;1.0%;;0.5%;
2011.02.11 08:30:00;CAD;3;Trade Balance;-0.1B;-0.4B;3.0B;;;
2011.02.11 08:30:00;USD;3;Trade Balance;-38.3B;-40.4B;-40.6B;;;
2011.02.11 09:55:00;USD;3;Prelim UoM Consumer Sentiment;74.2;74.8;75.1;;72.7;
2011.02.11 09:55:00;USD;1;Prelim UoM Inflation Expectations;3.4%;;3.4%;;3.3%;
2011.02.11 12:30:00;EUR;2;ECB President Trichet Speaks;;;;;;
2011.02.11 21:00:00;USD;2;FOMC Member Raskin Speaks;;;;;;
2011.02.13 12:00:00;EUR;2;ECB President Trichet Speaks;;;;;;
2011.02.13 16:45:00;NZD;3;Core Retail Sales m/m;-0.4%;-0.3%;-1.2%;;-0.2%;
2011.02.13 16:45:00;NZD;2;Retail Sales m/m;1.2%;-0.3%;-1.1%;;1.5%;
2011.02.13 16:45:00;NZD;1;Core Retail Sales q/q;0.0%;;0.0%;;0.9%;
2011.02.13 16:45:00;NZD;1;Retail Sales q/q;-0.4%;-0.4%;-0.4%;;0.7%;
2011.02.13 18:50:00;JPY;3;Prelim GDP q/q;0.8%;-0.5%;-0.3%;;0.9%;
2011.02.13 18:50:00;JPY;2;Prelim GDP Price Index y/y;-2.1%;-1.5%;-1.6%;;-2.0%;
2011.02.13 19:30:00;AUD;3;Home Loans m/m;1.9%;1.8%;2.1%;;2.5%;
2011.02.13 23:07:00;CNY;3;USD-Denominated Trade Balance;13.1B;10.5B;6.5B;;;
2011.02.14 00:00:00;EUR;2;Eurogroup Meetings (All Day);;;;;;
2011.02.14 05:00:00;EUR;2;Industrial Production m/m;1.4%;-0.1%;-0.1%;;1.2%;
2011.02.14 08:30:00;CAD;1;New Motor Vehicle Sales m/m;0.3%;-3.7%;-4.8%;;;
2011.02.14 10:00:00;USD;1;FOMC Member Dudley Speaks;;;;;;
2011.02.14 19:30:00;AUD;3;Monetary Policy Meeting Minutes;;;;;;
2011.02.14 21:00:00;CNY;3;CPI y/y;4.6%;5.3%;4.9%;;;
2011.02.14 21:00:00;CNY;2;PPI y/y;5.9%;6.1%;6.6%;;;
2011.02.14 22:37:00;JPY;3;Monetary Policy Statement;;;;;;
2011.02.14 22:37:00;JPY;3;Overnight Call Rate;<0.10%;<0.10%;<0.10%;;;
2011.02.14 23:30:00;JPY;1;Revised Industrial Production m/m;3.1%;3.1%;3.3%;;;
2011.02.15 01:30:00;EUR;2;French Prelim GDP q/q;0.3%;0.6%;0.3%;;0.4%;
2011.02.15 01:59:00;CNY;2;New Loans;481B;1201B;1040B;;;
2011.02.15 01:59:00;CNY;1;M2 Money Supply y/y;19.7%;19.1%;17.2%;;;
2011.02.15 02:00:00;EUR;3;German Prelim GDP q/q;0.7%;0.5%;0.4%;;;
2011.02.15 02:13:00;JPY;3;BOJ Press Conference;;;;;;
2011.02.15 04:00:00;EUR;1;Italian Prelim GDP q/q;0.2%;0.2%;0.1%;;;
2011.02.15 04:00:00;EUR;2;ECOFIN Meetings (All Day);;;;;;
2011.02.15 04:30:00;GBP;3;CPI y/y;3.7%;4.0%;4.0%;;;
2011.02.15 04:30:00;GBP;2;RPI y/y;4.8%;5.1%;5.1%;;;
2011.02.15 04:30:00;GBP;1;Core CPI y/y;2.9%;3.0%;3.0%;;;
2011.02.15 04:30:00;GBP;1;ONS HPI y/y;4.0%;4.3%;3.8%;;;
2011.02.15 05:00:00;EUR;3;German ZEW Economic Sentiment;15.4;20.1;15.7;;;
2011.02.15 05:00:00;EUR;2;Flash GDP q/q;0.3%;0.4%;0.3%;;0.4%;
2011.02.15 05:00:00;EUR;2;ZEW Economic Sentiment;25.4;31.3;29.5;;;
2011.02.15 05:00:00;EUR;1;Trade Balance;-3.2B;-0.9B;-2.3B;;-1.9B;
2011.02.15 05:00:00;EUR;1;Italian Trade Balance;-3.38B;-2.83B;-2.72B;;;
2011.02.15 05:00:00;GBP;1;CB Leading Index m/m;0.0%;;0.7%;;;
2011.02.15 05:30:00;GBP;3;BOE Inflation Letter;;;;;;
2011.02.15 08:30:00;NZD;1;GDT Price Index;6.7%;;4.6%;;;
2011.02.15 08:30:00;USD;3;Core Retail Sales m/m;0.3%;0.6%;0.3%;;0.5%;
2011.02.15 08:30:00;USD;3;Retail Sales m/m;0.5%;0.5%;0.3%;;0.6%;
2011.02.15 08:30:00;USD;2;Empire State Manufacturing Index;11.9;14.7;15.4;;;
2011.02.15 08:30:00;USD;2;Import Prices m/m;1.2%;0.9%;1.5%;;1.1%;
2011.02.15 09:00:00;USD;3;TIC Long-Term Purchases;85.1B;91.3B;65.9B;;;
2011.02.15 10:00:00;USD;2;Business Inventories m/m;0.4%;0.7%;0.8%;;0.2%;
2011.02.15 10:00:00;USD;1;NAHB Housing Market Index;16;16;16;;;
2011.02.15 13:00:00;USD;1;Treasury Sec Geithner Speaks;;;;;;
2011.02.15 18:30:00;AUD;2;MI Leading Index m/m;0.0%;;0.8%;;;
2011.02.15 18:50:00;JPY;2;Tertiary Industry Activity m/m;0.5%;-0.5%;-0.8%;;0.6%;
2011.02.15 19:01:00;GBP;2;Nationwide Consumer Confidence;54;49;47;;53;
2011.02.15 19:30:00;AUD;2;New Motor Vehicle Sales m/m;1.0%;;-1.9%;;0.8%;
2011.02.16 00:00:00;JPY;2;BOJ Monthly Report;;;;;;
2011.02.16 04:30:00;GBP;3;Claimant Count Change;-3.4K;-3.2K;2.4K;;-4.1K;
2011.02.16 04:30:00;GBP;2;Average Earnings Index 3m/y;2.1%;2.0%;1.8%;;;
2011.02.16 04:30:00;GBP;1;Unemployment Rate;7.9%;7.9%;7.9%;;;
2011.02.16 05:04:00;EUR;2;German 10-y Bond Auction;2.87|1.6;;3.28|1.9;;;
2011.02.16 05:30:00;GBP;3;BOE Gov King Speaks;;;;;;
2011.02.16 05:30:00;GBP;3;BOE Monetary Policy Report;;;;;;
2011.02.16 08:30:00;CAD;2;Foreign Securities Purchases;8.06B;7.12B;9.63B;;8.01B;
2011.02.16 08:30:00;CAD;2;Leading Index m/m;0.4%;0.3%;0.3%;;0.5%;
2011.02.16 08:30:00;CAD;2;Manufacturing Sales m/m;-0.6%;2.3%;0.4%;;-0.8%;
2011.02.16 08:30:00;USD;3;Building Permits;0.63M;0.57M;0.56M;;0.64M;
2011.02.16 08:30:00;USD;3;PPI m/m;1.1%;0.9%;0.8%;;;
2011.02.16 08:30:00;USD;2;Core PPI m/m;0.2%;0.2%;0.5%;;;
2011.02.16 08:30:00;USD;2;Housing Starts;0.52M;0.55M;0.60M;;0.53M;
2011.02.16 09:15:00;USD;2;Capacity Utilization Rate;76.2%;76.4%;76.1%;;76.0%;
2011.02.16 09:15:00;USD;2;Industrial Production m/m;1.2%;0.5%;-0.1%;;0.8%;
2011.02.16 10:00:00;USD;1;Treasury Sec Geithner Speaks;;;;;;
2011.02.16 10:30:00;USD;2;Crude Oil Inventories;1.9M;1.8M;0.9M;;;
2011.02.16 14:00:00;USD;3;FOMC Meeting Minutes;;;;;;
2011.02.16 14:00:00;USD;1;Treasury Sec Geithner Speaks;;;;;;
2011.02.16 16:28:00;NZD;1;BusinessNZ Manufacturing Index;53.2;;53.7;;53.1;
2011.02.16 16:45:00;NZD;3;PPI Input q/q;0.7%;0.9%;0.9%;;;
2011.02.16 16:45:00;NZD;1;PPI Output q/q;1.2%;0.9%;0.2%;;;
2011.02.16 17:10:00;AUD;2;RBA Deputy Gov Lowe Speaks;;;;;;
2011.02.16 21:00:00;CNY;1;Foreign Direct Investment ytd/y;17.4%;;23.4%;;;
2011.02.17 04:00:00;EUR;2;Current Account;-10.5B;-5.1B;-13.3B;;-11.2B;
2011.02.17 04:35:00;GBP;2;MPC Member Sentance Speaks;;;;;;
2011.02.17 04:37:00;GBP;2;10-y Bond Auction;3.69|2.0;;3.89|2.1;;;
2011.02.17 04:50:00;EUR;2;Spanish 10-y Bond Auction;5.45|1.7;;5.20|1.5;;;
2011.02.17 05:00:00;CHF;2;Credit Suisse Economic Expectations;-18.4;;-17.2;;;
2011.02.17 06:00:00;GBP;2;CBI Industrial Order Expectations;-16;-11;-8;;;
2011.02.17 08:30:00;CAD;2;Wholesale Sales m/m;1.0%;1.3%;0.8%;;1.2%;
2011.02.17 08:30:00;USD;3;Core CPI m/m;0.1%;0.1%;0.2%;;;
2011.02.17 08:30:00;USD;3;Unemployment Claims;385K;401K;410K;;383K;
2011.02.17 08:30:00;USD;2;CPI m/m;0.5%;0.3%;0.4%;;;
2011.02.17 10:00:00;EUR;1;Consumer Confidence;-11;-11;-10;;;
2011.02.17 10:00:00;USD;3;Fed Chairman Bernanke Testifies;;;;;;
2011.02.17 10:00:00;USD;3;Philly Fed Manufacturing Index;19.3;20.8;35.9;;;
2011.02.17 10:00:00;USD;2;FOMC Member Raskin Speaks;;;;;;
2011.02.17 10:00:00;USD;2;Mortgage Delinquencies;9.13%;;8.22%;;;
2011.02.17 10:00:00;USD;1;CB Leading Index m/m;0.8%;0.3%;0.1%;;1.0%;
2011.02.17 10:30:00;CAD;1;BOC Review;;;;;;
2011.02.17 10:30:00;USD;1;Natural Gas Storage;-209B;-233B;-233B;;;
2011.02.17 12:20:00;USD;2;FOMC Member Evans Speaks;;;;;;
2011.02.17 13:10:00;USD;2;FOMC Member Fisher Speaks;;;;;;
2011.02.17 18:50:00;JPY;2;Monetary Policy Meeting Minutes;;;;;;
2011.02.17 21:00:00;CNY;1;CB Leading Index m/m;0.5%;;-0.5%;;;
2011.02.18 02:00:00;EUR;2;German PPI m/m;0.7%;0.6%;1.2%;;;
2011.02.18 02:00:00;All;2;G20 Meetings (Day 1);;;;;;
2011.02.18 04:30:00;GBP;3;Retail Sales m/m;-1.4%;0.6%;1.9%;;-0.8%;
2011.02.18 04:34:00;GBP;2;Prelim Mortgage Approvals;41K;46K;41K;;40K;
2011.02.18 07:00:00;CAD;3;Core CPI m/m;-0.3%;0.2%;0.0%;;;
2011.02.18 07:00:00;CAD;2;CPI m/m;0.0%;0.3%;0.3%;;;
2011.02.18 08:00:00;USD;3;Fed Chairman Bernanke Speaks;;;;;;
2011.02.18 08:20:00;GBP;3;BOE Gov King Speaks;;;;;;
2011.02.18 09:45:00;USD;2;Treasury Sec Geithner Speaks;;;;;;
2011.02.18 13:30:00;GBP;2;MPC Member Tucker Speaks;;;;;;
2011.02.19 00:00:00;All;2;G20 Meetings (Day 2);;;;;;
2011.02.19 10:30:00;USD;2;Treasury Sec Geithner Speaks;;;;;;
2011.02.20 18:54:00;GBP;2;Rightmove HPI m/m;0.3%;;3.1%;;;
2011.02.20 21:00:00;CNY;2;Caixin Flash Manufacturing PMI;54.5;;51.5;;;
2011.02.20 21:00:00;NZD;1;Credit Card Spending y/y;2.1%;;5.6%;;2.0%;
2011.02.20 23:30:00;JPY;1;All Industries Activity m/m;-0.2%;0.1%;-0.2%;;-0.1%;
2011.02.21 03:00:00;EUR;2;French Flash Manufacturing PMI;54.9;55.0;55.3;;54.3;
2011.02.21 03:00:00;EUR;2;French Flash Services PMI;57.8;58.0;60.8;;57.1;
2011.02.21 03:30:00;EUR;2;German Flash Manufacturing PMI;60.5;60.3;62.6;;60.2;
2011.02.21 03:30:00;EUR;2;German Flash Services PMI;60.3;60.3;59.5;;60.0;
2011.02.21 04:00:00;EUR;3;German ifo Business Climate;110.3;110.3;111.2;;;
2011.02.21 04:00:00;EUR;2;Flash Manufacturing PMI;57.3;57.3;59.0;;56.9;
2011.02.21 04:00:00;EUR;2;Flash Services PMI;55.9;56.0;57.2;;55.2;
2011.02.21 06:00:00;EUR;1;German Buba Monthly Report;;;;;;
2011.02.21 06:00:00;USD;0;Bank Holiday (All Day);;;;;;
2011.02.21 19:30:00;AUD;2;NAB Quarterly Business Confidence;9;;5;;;
2011.02.21 21:00:00;NZD;3;Inflation Expectations q/q;2.60%;;2.64%;;;
2011.02.22 02:00:00;CHF;2;Trade Balance;1.26B;1.65B;1.96B;;1.28B;
2011.02.22 02:00:00;CHF;2;UBS Consumption Indicator;1.83;;1.68;;1.84;
2011.02.22 02:00:00;EUR;2;German GfK Consumer Climate;5.8;5.8;6.0;;5.7;
2011.02.22 04:30:00;GBP;3;Public Sector Net Borrowing;14.5B;-0.2B;-5.3B;;15.3B;
2011.02.22 08:30:00;CAD;3;Core Retail Sales m/m;0.9%;0.7%;0.6%;;1.0%;
2011.02.22 08:30:00;CAD;2;Retail Sales m/m;1.5%;0.0%;-0.2%;;1.3%;
2011.02.22 09:00:00;EUR;2;Belgian NBB Business Climate;4.5;4.6;5.8;;;
2011.02.22 09:00:00;USD;2;SP/CS Composite-20 HPI y/y;-1.6%;-2.2%;-2.4%;;;
2011.02.22 09:59:00;USD;1;Richmond Manufacturing Index;18;18;25;;;
2011.02.22 10:00:00;USD;3;CB Consumer Confidence;64.8;65.1;70.4;;60.6;
2011.02.22 12:00:00;GBP;2;MPC Member Posen Speaks;;;;;;
2011.02.22 13:00:00;USD;2;FOMC Member Kocherlakota Speaks;;;;;;
2011.02.22 17:00:00;AUD;3;RBA Gov Stevens Speaks;;;;;;
2011.02.22 18:50:00;JPY;2;Trade Balance;0.58T;0.70T;0.19T;;0.71T;
2011.02.22 18:50:00;JPY;1;SPPI y/y;-1.3%;-1.3%;-1.1%;;;
2011.02.22 19:30:00;AUD;2;Construction Work Done q/q;-1.5%;1.5%;0.8%;;-2.1%;
2011.02.22 19:30:00;AUD;2;Wage Price Index q/q;1.1%;0.9%;1.0%;;;
2011.02.23 01:30:00;EUR;1;French Final CPI m/m;0.5%;-0.1%;-0.2%;;;
2011.02.23 03:15:00;CHF;2;PPI m/m;0.3%;0.1%;0.1%;;;
2011.02.23 04:30:00;GBP;3;MPC Asset Purchase Facility Votes;1-0-8;1-0-8;1-0-8;;;
2011.02.23 04:30:00;GBP;3;MPC Official Bank Rate Votes;2-0-7;3-0-6;3-0-6;;;
2011.02.23 04:30:00;GBP;2;High Street Lending;28.9K;29.0K;28.9K;;28.7K;
2011.02.23 05:00:00;EUR;2;Industrial New Orders m/m;2.2%;-0.8%;2.1%;;2.1%;
2011.02.23 08:30:00;CAD;1;Corporate Profits q/q;-0.3%;;7.9%;;;
2011.02.23 10:00:00;USD;3;Existing Home Sales;5.22M;5.27M;5.36M;;5.28M;
2011.02.23 12:00:00;EUR;2;ECB President Trichet Speaks;;;;;;
2011.02.23 12:15:00;EUR;2;German Buba President Weber Speaks;;;;;;
2011.02.23 13:30:00;GBP;2;MPC Member Miles Speaks;;;;;;
2011.02.23 13:30:00;USD;2;FOMC Member Plosser Speaks;;;;;;
2011.02.23 18:00:00;AUD;2;CB Leading Index m/m;0.2%;;0.7%;;0.3%;
2011.02.23 19:30:00;AUD;3;Private Capital Expenditure q/q;6.9%;2.5%;1.3%;;6.2%;
2011.02.24 02:00:00;EUR;1;German Final GDP q/q;0.4%;0.4%;0.4%;;;
2011.02.24 03:15:00;CHF;2;Employment Level;4.08M;4.10M;4.09M;;;
2011.02.24 04:00:00;EUR;1;Italian Retail Sales m/m;-0.3%;0.2%;0.2%;;;
2011.02.24 06:00:00;GBP;2;CBI Realized Sales;37;30;6;;;
2011.02.24 08:30:00;USD;3;Core Durable Goods Orders m/m;3.0%;0.4%;-3.6%;;0.5%;
2011.02.24 08:30:00;USD;3;Unemployment Claims;413K;403K;391K;;410K;
2011.02.24 08:30:00;USD;2;Durable Goods Orders m/m;-0.4%;2.5%;2.7%;;-2.5%;
2011.02.24 10:00:00;USD;3;New Home Sales;325K;330K;284K;;329K;
2011.02.24 10:06:00;USD;1;HPI m/m;-0.3%;-0.2%;-0.3%;;0.0%;
2011.02.24 10:30:00;GBP;2;MPC Member Weale Speaks;;;;;;
2011.02.24 10:30:00;USD;1;Natural Gas Storage;-233B;-73B;-81B;;;
2011.02.24 11:00:00;USD;2;Crude Oil Inventories;0.9M;1.1M;0.8M;;;
2011.02.24 13:30:00;GBP;2;MPC Member Sentance Speaks;;;;;;
2011.02.24 18:30:00;JPY;2;Tokyo Core CPI y/y;-0.2%;-0.3%;-0.4%;;;
2011.02.24 18:30:00;JPY;1;National Core CPI y/y;-0.4%;-0.3%;-0.2%;;;
2011.02.24 19:01:00;GBP;2;GfK Consumer Confidence;-29;-27;-28;;;
2011.02.24 23:00:00;GBP;2;MPC Member Posen Speaks;;;;;;
2011.02.25 00:00:00;EUR;2;German Prelim CPI m/m (All Day);-0.4%;0.5%;0.5%;;-0.5%;
2011.02.25 02:45:00;EUR;2;French Consumer Spending m/m;0.4%;-0.7%;-0.5%;;0.6%;
2011.02.25 04:00:00;EUR;2;M3 Money Supply y/y;1.7%;2.1%;1.5%;;;
2011.02.25 04:00:00;EUR;1;Private Loans y/y;1.9%;2.1%;2.4%;;;
2011.02.25 04:00:00;EUR;1;Retail PMI;55.8;;49.9;;;
2011.02.25 04:30:00;GBP;3;Second Estimate GDP q/q;-0.5%;-0.5%;-0.6%;;;
2011.02.25 04:30:00;GBP;2;Prelim Business Investment q/q;4.0%;-0.3%;-2.5%;;-0.2%;
2011.02.25 04:30:00;GBP;1;Index of Services 3m/3m;0.3%;-0.4%;-0.7%;;0.5%;
2011.02.25 05:19:00;EUR;2;Italian 10-y Bond Auction;4.73|1.5;;4.84|1.3;;;
2011.02.25 05:30:00;CHF;3;KOF Economic Barometer;2.16;2.08;2.18;;2.10;
2011.02.25 08:30:00;USD;3;Prelim GDP q/q;3.2%;3.3%;2.8%;;;
2011.02.25 08:30:00;USD;1;Prelim GDP Price Index q/q;0.3%;0.3%;0.4%;;;
2011.02.25 09:55:00;USD;2;Revised UoM Consumer Sentiment;75.1;75.5;77.5;;;
2011.02.25 09:55:00;USD;1;Revised UoM Inflation Expectations;3.4%;;3.4%;;;
2011.02.25 13:30:00;USD;2;FOMC Member Yellen Speaks;;;;;;
2011.02.27 16:45:00;NZD;2;Trade Balance;-264M;-25M;11M;;-250M;
2011.02.27 18:15:00;JPY;1;Final Manufacturing PMI;51.4;;52.9;;;
2011.02.27 18:30:00;AUD;1;MI Inflation Gauge m/m;0.4%;;0.2%;;;
2011.02.27 18:50:00;JPY;2;Prelim Industrial Production m/m;3.3%;4.1%;2.4%;;3.1%;
2011.02.27 18:50:00;JPY;2;Retail Sales y/y;-2.1%;-1.5%;0.1%;;-2.0%;
2011.02.27 19:30:00;AUD;2;Private Sector Credit m/m;0.2%;0.3%;0.3%;;;
2011.02.27 19:30:00;AUD;1;Company Operating Profits q/q;-2.8%;0.8%;-2.8%;;-1.5%;
2011.02.27 21:00:00;NZD;3;Final ANZ Business Confidence;29.5;;34.5;;;
2011.02.27 21:00:00;NZD;1;Overseas Trade Index q/q;3.0%;3.2%;0.6%;;;
2011.02.28 00:00:00;JPY;1;Housing Starts y/y;7.5%;5.6%;2.7%;;;
2011.02.28 02:00:00;EUR;1;German Import Prices m/m;2.3%;1.1%;1.5%;;;
2011.02.28 05:00:00;EUR;2;Final CPI y/y;2.4%;2.4%;2.3%;;;
2011.02.28 05:00:00;EUR;2;Final Core CPI y/y;1.0%;1.2%;1.1%;;1.1%;
2011.02.28 08:30:00;CAD;3;GDP m/m;0.4%;0.3%;0.5%;;;
2011.02.28 08:30:00;CAD;2;Current Account;-17.0B;-9.4B;-11.0B;;-17.5B;
2011.02.28 08:30:00;USD;2;Core PCE Price Index m/m;0.0%;0.1%;0.1%;;;
2011.02.28 08:30:00;USD;2;Personal Spending m/m;0.5%;0.5%;0.2%;;0.7%;
2011.02.28 08:30:00;USD;1;FOMC Member Dudley Speaks;;;;;;
2011.02.28 08:30:00;USD;1;Personal Income m/m;0.4%;0.4%;1.0%;;;
2011.02.28 09:45:00;USD;2;Chicago PMI;68.8;67.9;71.2;;;
2011.02.28 10:00:00;USD;3;Pending Home Sales m/m;-3.2%;-2.2%;-2.8%;;2.0%;
2011.02.28 17:25:00;AUD;1;AIG Manufacturing Index;46.7;;51.1;;;
2011.02.28 18:30:00;JPY;2;Household Spending y/y;-3.3%;-1.3%;-1.0%;;;
2011.02.28 18:30:00;JPY;1;Unemployment Rate;4.9%;4.9%;4.9%;;;
2011.02.28 19:30:00;AUD;3;Retail Sales m/m;0.2%;0.3%;0.4%;;;
2011.02.28 19:30:00;AUD;2;Current Account;-6.5B;-6.9B;-7.3B;;-7.8B;
2011.02.28 19:58:00;CNY;3;Manufacturing PMI;52.9;52.2;52.2;;;
2011.02.28 20:30:00;JPY;2;Average Cash Earnings y/y;0.1%;0.4%;0.2%;;-0.4%;
2011.02.28 21:00:00;NZD;1;ANZ Commodity Prices m/m;3.8%;;2.7%;;;
2011.02.28 21:30:00;CNY;2;Caixin Manufacturing PMI;51.5;;51.7;;;
2011.02.28 22:30:00;AUD;3;Cash Rate;4.75%;4.75%;4.75%;;;
2011.02.28 22:30:00;AUD;3;RBA Rate Statement;;;;;;
2011.02.28 22:45:00;JPY;1;10-y Bond Auction;1.24|2.7;;1.31|2.9;;;
