2011.06.01 02:30:00;AUD;2;Commodity Prices y/y;31.9%;;29.4%;;32.3%;
2011.06.01 03:15:00;EUR;2;Spanish Manufacturing PMI;50.6;;48.2;;;
2011.06.01 03:19:00;CHF;3;Retail Sales y/y;-0.2%;1.9%;7.5%;;;
2011.06.01 03:30:00;CHF;2;Manufacturing PMI;58.4;57.9;59.2;;;
2011.06.01 03:45:00;EUR;2;Italian Manufacturing PMI;55.5;53.6;52.8;;;
2011.06.01 03:50:00;EUR;1;French Final Manufacturing PMI;55.0;55.1;54.9;;;
2011.06.01 03:55:00;EUR;1;German Final Manufacturing PMI;58.2;58.2;57.7;;;
2011.06.01 04:00:00;EUR;1;Final Manufacturing PMI;54.8;54.8;54.6;;;
2011.06.01 04:30:00;GBP;3;Final Manufacturing PMI;54.4;54.2;52.1;;54.6;
2011.06.01 04:30:00;GBP;2;Net Lending to Individuals m/m;1.1B;1.1B;1.2B;;0.5B;
2011.06.01 04:30:00;GBP;1;M4 Money Supply m/m;0.1%;0.3%;0.1%;;;
2011.06.01 04:30:00;GBP;1;Mortgage Approvals;47K;48K;45K;;48K;
2011.06.01 05:03:00;EUR;2;French 10-y Bond Auction;3.64|3.3;;3.50|2.5;;;
2011.06.01 07:30:00;USD;1;Challenger Job Cuts y/y;-4.8%;;-4.3%;;;
2011.06.01 08:15:00;USD;3;ADP Non-Farm Employment Change;177K;177K;38K;;179K;
2011.06.01 09:00:00;EUR;2;ECB President Trichet Speaks;;;;;;
2011.06.01 10:00:00;USD;3;ISM Manufacturing PMI;60.4;58.1;53.5;;;
2011.06.01 10:00:00;USD;2;Treasury Sec Geithner Speaks;;;;;;
2011.06.01 10:00:00;USD;1;Construction Spending m/m;0.1%;0.4%;0.4%;;1.4%;
2011.06.01 10:00:00;USD;1;ISM Manufacturing Prices;85.5;81.9;76.5;;;
2011.06.01 10:30:00;NZD;1;GDT Price Index;-2.2%;;1.7%;;;
2011.06.01 10:30:00;USD;1;Total Vehicle Sales (All Day);13.2M;12.9M;11.8M;;;
2011.06.01 13:35:00;GBP;2;MPC Member Tucker Speaks;;;;;;
2011.06.01 19:50:00;JPY;2;Capital Spending q/y;3.8%;3.2%;3.3%;;;
2011.06.01 19:50:00;JPY;1;Monetary Base y/y;23.9%;24.7%;16.2%;;;
2011.06.01 21:30:00;AUD;3;Retail Sales m/m;-0.3%;0.4%;1.1%;;-0.5%;
2011.06.01 21:30:00;AUD;3;Trade Balance;1.69B;2.07B;1.60B;;1.74B;
2011.06.02 00:00:00;CHF;0;Bank Holiday (All Day);;;;;;
2011.06.02 00:00:00;EUR;0;German Bank Holiday (All Day);;;;;;
2011.06.02 00:00:00;EUR;0;French Bank Holiday (All Day);;;;;;
2011.06.02 00:00:00;EUR;0;Italian Bank Holiday (All Day);;;;;;
2011.06.02 03:00:00;EUR;2;Spanish Unemployment Change;-64.3K;;-79.7K;;;
2011.06.02 04:30:00;GBP;3;Construction PMI;53.3;53.7;54.0;;;
2011.06.02 05:15:00;EUR;2;ECB President Trichet Speaks;;;;;;
2011.06.02 05:36:00;GBP;2;10-y Bond Auction;3.88|1.7;;3.42|1.6;;;
2011.06.02 08:30:00;USD;3;Unemployment Claims;428K;416K;422K;;424K;
2011.06.02 08:30:00;USD;2;Revised Nonfarm Productivity q/q;1.6%;1.8%;1.8%;;;
2011.06.02 08:30:00;USD;1;Revised Unit Labor Costs q/q;1.0%;0.8%;0.7%;;;
2011.06.02 09:30:00;CAD;1;Manufacturing PMI;;;54.8;;;
2011.06.02 10:00:00;USD;2;Factory Orders m/m;3.8%;-0.7%;-1.2%;;3.0%;
2011.06.02 10:30:00;USD;1;Natural Gas Storage;105B;92B;83B;;;
2011.06.02 11:00:00;USD;2;Crude Oil Inventories;0.6M;-1.5M;2.9M;;;
2011.06.02 18:45:00;NZD;3;Building Consents m/m;2.0%;;-1.6%;;2.2%;
2011.06.02 19:30:00;AUD;2;AIG Services Index;51.5;;49.9;;;
2011.06.02 21:00:00;CNY;1;Non-Manufacturing PMI;62.5;;61.9;;;
2011.06.02 22:30:00;CNY;1;Caixin Services PMI;51.6;;54.3;;;
2011.06.03 03:15:00;EUR;1;Spanish Services PMI;50.4;;50.9;;;
2011.06.03 03:45:00;EUR;1;Italian Services PMI;52.2;51.9;50.1;;;
2011.06.03 03:50:00;EUR;1;French Final Services PMI;62.8;62.8;62.5;;;
2011.06.03 03:55:00;EUR;1;German Final Services PMI;54.9;54.9;56.1;;;
2011.06.03 04:00:00;EUR;1;Final Services PMI;55.4;55.4;56.0;;;
2011.06.03 04:30:00;GBP;3;Final Services PMI;54.3;54.4;53.8;;;
2011.06.03 08:30:00;USD;3;Non-Farm Employment Change;232K;161K;54K;;244K;
2011.06.03 08:30:00;USD;3;Unemployment Rate;9.0%;9.0%;9.1%;;;
2011.06.03 08:30:00;USD;2;Average Hourly Earnings m/m;0.1%;0.2%;0.3%;;;
2011.06.03 10:00:00;USD;3;ISM Services PMI;52.8;53.8;54.6;;;
2011.06.03 12:30:00;USD;1;FOMC Member Tarullo Speaks;;;;;;
2011.06.05 00:00:00;NZD;0;Bank Holiday (All Day);;;;;;
2011.06.05 00:00:00;CNY;0;Bank Holiday (All Day);;;;;;
2011.06.05 20:30:00;AUD;1;MI Inflation Gauge m/m;0.3%;;0.2%;;;
2011.06.05 21:30:00;AUD;3;ANZ Job Advertisements m/m;-0.4%;;-6.5%;;1.0%;
2011.06.06 03:00:00;CHF;3;Foreign Currency Reserves;202B;;194B;;200B;
2011.06.06 03:30:00;USD;2;FOMC Member Plosser Speaks;;;;;;
2011.06.06 04:30:00;EUR;1;Sentix Investor Confidence;10.9;9.4;3.5;;;
2011.06.06 05:00:00;EUR;1;PPI m/m;0.8%;0.8%;0.9%;;0.7%;
2011.06.06 08:30:00;CAD;3;Building Permits m/m;16.8%;-2.3%;-21.1%;;17.2%;
2011.06.06 10:00:00;CAD;3;Ivey PMI;57.8;59.9;65.5;;;
2011.06.06 10:30:00;CAD;1;Gov Council Member Macklem Speaks;;;;;;
2011.06.06 13:15:00;USD;2;Treasury Sec Geithner Speaks;;;;;;
2011.06.06 17:30:00;USD;2;FOMC Member Fisher Speaks;;;;;;
2011.06.06 19:01:00;GBP;2;BRC Retail Sales Monitor y/y;5.2%;;-2.1%;;;
2011.06.06 19:24:00;AUD;1;AIG Construction Index;37.9;;39.6;;;
2011.06.06 23:45:00;JPY;1;30-y Bond Auction;2.24|3.4;;2.04|3.2;;;
2011.06.07 00:30:00;AUD;3;Cash Rate;4.75%;4.75%;4.75%;;;
2011.06.07 00:30:00;AUD;3;RBA Rate Statement;;;;;;
2011.06.07 01:00:00;JPY;1;Leading Indicators;100.1%;96.8%;96.4%;;99.5%;
2011.06.07 03:00:00;GBP;3;Halifax HPI m/m;-1.4%;0.4%;0.1%;;;
2011.06.07 03:15:00;CHF;2;CPI m/m;0.1%;0.0%;0.0%;;;
2011.06.07 05:00:00;EUR;2;Retail Sales m/m;-0.9%;0.4%;0.9%;;-1.0%;
2011.06.07 06:00:00;EUR;2;German Factory Orders m/m;-2.7%;2.1%;2.8%;;-4.0%;
2011.06.07 10:00:00;USD;1;IBD/TIPP Economic Optimism;42.8;42.1;44.6;;;
2011.06.07 10:00:00;USD;1;JOLTS Job Openings;3.12M;;2.97M;;3.12M;
2011.06.07 15:00:00;USD;1;Consumer Credit m/m;4.8B;5.2B;6.2B;;6.0B;
2011.06.07 15:45:00;USD;3;Fed Chairman Bernanke Speaks;;;;;;
2011.06.07 19:01:00;GBP;1;BRC Shop Price Index y/y;2.5%;;2.3%;;;
2011.06.07 19:50:00;JPY;1;Bank Lending y/y;-0.9%;;-0.7%;;;
2011.06.07 19:50:00;JPY;1;M2 Money Stock y/y;2.7%;2.7%;2.7%;;;
2011.06.07 19:52:00;JPY;1;Current Account;0.75T;0.28T;0.55T;;;
2011.06.07 21:00:00;USD;1;FOMC Member Dudley Speaks;;;;;;
2011.06.07 21:30:00;AUD;3;Home Loans m/m;-1.1%;2.4%;4.8%;;-1.5%;
2011.06.08 01:00:00;JPY;1;Economy Watchers Sentiment;28.3;33.3;36.0;;;
2011.06.08 01:45:00;CHF;1;Unemployment Rate;3.1%;3.0%;3.0%;;;
2011.06.08 02:00:00;EUR;1;German Trade Balance;15.1B;14.0B;12.0B;;15.2B;
2011.06.08 02:45:00;EUR;1;French Gov Budget Balance;-33.6B;;-61.4B;;;
2011.06.08 02:45:00;EUR;1;French Trade Balance;-5.9B;-5.6B;-7.1B;;-5.7B;
2011.06.08 02:45:00;All;1;OPEC Meetings (All Day);;;;;;
2011.06.08 05:00:00;EUR;1;Revised GDP q/q;0.8%;0.8%;0.8%;;;
2011.06.08 06:00:00;EUR;2;German Industrial Production m/m;1.2%;0.1%;-0.6%;;0.7%;
2011.06.08 08:15:00;CAD;3;Housing Starts;179K;184K;184K;;;
2011.06.08 10:30:00;USD;2;Crude Oil Inventories;2.9M;-1.4M;-4.8M;;;
2011.06.08 13:00:00;USD;2;10-y Bond Auction;3.21|3.0;;2.97|3.2;;;
2011.06.08 14:00:00;USD;2;Beige Book;;;;;;
2011.06.08 17:00:00;NZD;3;Official Cash Rate;2.50%;2.50%;2.50%;;;
2011.06.08 17:00:00;NZD;3;RBNZ Press Conference;;;;;;
2011.06.08 17:00:00;NZD;3;RBNZ Rate Statement;;;;;;
2011.06.08 17:00:00;NZD;2;RBNZ Monetary Policy Statement;;;;;;
2011.06.08 19:50:00;JPY;2;Final GDP q/q;-0.9%;-0.8%;-0.9%;;;
2011.06.08 19:50:00;JPY;1;Final GDP Price Index y/y;-1.9%;-1.9%;-1.9%;;;
2011.06.08 21:15:00;NZD;3;RBNZ Gov Bollard Speaks;;;;;;
2011.06.08 21:30:00;AUD;3;Employment Change;-29.4K;25.6K;7.8K;;-22.1K;
2011.06.08 21:30:00;AUD;3;Unemployment Rate;4.9%;4.9%;4.9%;;;
2011.06.09 01:00:00;JPY;1;Consumer Confidence;33.1;34.7;34.2;;;
2011.06.09 01:30:00;EUR;1;French Final Private Payrolls q/q;0.4%;0.4%;0.4%;;;
2011.06.09 02:02:00;JPY;1;Prelim Machine Tool Orders y/y;32.3%;;34.2%;;;
2011.06.09 04:30:00;GBP;2;Goods Trade Balance;-7.7B;-7.5B;-7.4B;;;
2011.06.09 07:00:00;GBP;3;Asset Purchase Facility;200B;200B;200B;;;
2011.06.09 07:00:00;GBP;3;Official Bank Rate;0.50%;0.50%;0.50%;;;
2011.06.09 07:45:00;EUR;3;Main Refinancing Rate;1.25%;1.25%;1.25%;;;
2011.06.09 08:30:00;CAD;3;Trade Balance;-0.4B;0.4B;-0.9B;;0.6B;
2011.06.09 08:30:00;CAD;2;NHPI m/m;0.0%;0.6%;0.3%;;;
2011.06.09 08:30:00;EUR;3;ECB Press Conference;;;;;;
2011.06.09 08:30:00;USD;3;Trade Balance;-46.8B;-48.6B;-43.7B;;-48.2B;
2011.06.09 08:30:00;USD;3;Unemployment Claims;426K;424K;427K;;422K;
2011.06.09 10:00:00;USD;1;Final Wholesale Inventories m/m;1.3%;1.0%;0.8%;;1.1%;
2011.06.09 10:30:00;USD;1;Natural Gas Storage;83B;77B;80B;;;
2011.06.09 11:30:00;USD;2;FOMC Member Yellen Speaks;;;;;;
2011.06.09 13:00:00;USD;1;30-y Bond Auction;4.38|2.4;;4.24|2.6;;;
2011.06.09 14:00:00;USD;2;FOMC Member Plosser Speaks;;;;;;
2011.06.09 19:50:00;JPY;2;Tertiary Industry Activity m/m;-5.9%;2.8%;2.6%;;-6.0%;
2011.06.09 19:50:00;JPY;1;PPI y/y;2.5%;2.4%;2.2%;;;
2011.06.09 20:00:00;NZD;2;RBNZ Gov Bollard Speaks;;;;;;
2011.06.09 22:59:00;CNY;3;USD-Denominated Trade Balance;11.4B;19.8B;13.1B;;;
2011.06.10 02:00:00;EUR;1;German Final CPI m/m;0.0%;0.0%;0.0%;;;
2011.06.10 02:00:00;EUR;1;German WPI m/m;0.2%;0.5%;0.0%;;;
2011.06.10 02:45:00;EUR;2;French Industrial Production m/m;-1.1%;0.4%;-0.3%;;-0.9%;
2011.06.10 02:50:00;EUR;2;ECB President Trichet Speaks;;;;;;
2011.06.10 04:30:00;GBP;3;Manufacturing Production m/m;0.2%;0.0%;-1.5%;;;
2011.06.10 04:30:00;GBP;3;PPI Input m/m;2.8%;-1.2%;-2.0%;;2.6%;
2011.06.10 04:30:00;GBP;2;Consumer Inflation Expectations;4.0%;;3.9%;;;
2011.06.10 04:30:00;GBP;1;Industrial Production m/m;0.2%;0.1%;-1.7%;;0.3%;
2011.06.10 04:30:00;GBP;1;PPI Output m/m;1.0%;0.3%;0.2%;;0.8%;
2011.06.10 07:00:00;CAD;3;Employment Change;58.3K;21.8K;22.3K;;;
2011.06.10 07:00:00;CAD;3;Unemployment Rate;7.6%;7.6%;7.4%;;;
2011.06.10 08:30:00;CAD;2;Labor Productivity q/q;0.3%;0.7%;0.4%;;0.5%;
2011.06.10 08:30:00;USD;2;Import Prices m/m;2.1%;-0.6%;0.2%;;2.2%;
2011.06.10 09:00:00;USD;2;FOMC Member Dudley Speaks;;;;;;
2011.06.10 10:00:00;GBP;2;NIESR GDP Estimate;0.1%;;0.4%;;0.3%;
2011.06.10 14:00:00;USD;2;Federal Budget Balance;-40.5B;-123.2B;-57.6B;;;
2011.06.12 00:00:00;AUD;0;Bank Holiday (All Day);;;;;;
2011.06.12 19:01:00;GBP;1;BOE Quarterly Bulletin;;;;;;
2011.06.12 19:50:00;JPY;2;Core Machinery Orders m/m;2.9%;2.0%;-3.3%;;;
2011.06.12 21:59:00;CNY;2;New Loans;740B;655B;552B;;;
2011.06.12 21:59:00;CNY;1;M2 Money Supply y/y;15.3%;15.5%;15.1%;;;
2011.06.12 23:41:00;NZD;2;REINZ HPI m/m;1.1%;;-1.8%;;;
2011.06.13 00:00:00;CHF;0;Bank Holiday (All Day);;;;;;
2011.06.13 00:00:00;EUR;0;German Bank Holiday (All Day);;;;;;
2011.06.13 00:00:00;EUR;0;French Bank Holiday (All Day);;;;;;
2011.06.13 04:00:00;EUR;1;Italian Industrial Production m/m;0.7%;0.2%;1.0%;;0.4%;
2011.06.13 09:00:00;EUR;2;ECB President Trichet Speaks;;;;;;
2011.06.13 13:45:00;USD;1;President Obama Speaks;;;;;;
2011.06.13 14:00:00;GBP;2;MPC Member Weale Speaks;;;;;;
2011.06.13 18:45:00;NZD;1;FPI m/m;0.1%;;0.5%;;;
2011.06.13 19:00:00;USD;2;FOMC Member Fisher Speaks;;;;;;
2011.06.13 19:01:00;GBP;2;RICS House Price Balance;-21%;-20%;-28%;;;
2011.06.13 19:50:00;JPY;2;BSI Manufacturing Index;-3.2;-2.1;-23.3;;;
2011.06.13 21:30:00;AUD;2;NAB Business Confidence;7;;6;;;
2011.06.13 22:00:00;CNY;3;CPI y/y;5.3%;5.5%;5.5%;;;
2011.06.13 22:00:00;CNY;2;Fixed Asset Investment ytd/y;25.4%;25.3%;25.8%;;;
2011.06.13 22:00:00;CNY;2;Industrial Production y/y;13.4%;13.1%;13.3%;;;
2011.06.13 22:00:00;CNY;2;NBS Press Conference;;;;;;
2011.06.13 22:00:00;CNY;2;PPI y/y;6.8%;6.6%;6.8%;;;
2011.06.13 22:00:00;CNY;1;Retail Sales y/y;17.1%;17.0%;16.9%;;;
2011.06.13 23:42:00;JPY;3;Monetary Policy Statement;;;;;;
2011.06.13 23:42:00;JPY;3;Overnight Call Rate;<0.10%;<0.10%;<0.10%;;;
2011.06.14 00:30:00;JPY;2;Revised Industrial Production m/m;1.0%;1.0%;1.6%;;;
2011.06.14 01:45:00;CHF;2;SECO Economic Forecasts;;;;;;
2011.06.14 03:17:00;JPY;3;BOJ Press Conference;;;;;;
2011.06.14 04:30:00;GBP;3;CPI y/y;4.5%;4.5%;4.5%;;;
2011.06.14 04:30:00;GBP;2;RPI y/y;5.2%;5.3%;5.2%;;;
2011.06.14 04:30:00;GBP;1;Core CPI y/y;3.7%;3.6%;3.3%;;;
2011.06.14 04:30:00;GBP;1;ONS HPI y/y;0.9%;1.2%;-0.3%;;;
2011.06.14 05:00:00;GBP;1;CB Leading Index m/m;0.4%;;0.4%;;;
2011.06.14 07:30:00;USD;1;NFIB Small Business Index;91.2;90.6;90.9;;;
2011.06.14 08:30:00;CAD;2;Capacity Utilization Rate;76.8%;77.0%;79.0%;;76.4%;
2011.06.14 08:30:00;CAD;1;New Motor Vehicle Sales m/m;2.0%;1.8%;-1.1%;;;
2011.06.14 08:30:00;USD;3;Core Retail Sales m/m;0.5%;0.3%;0.3%;;0.6%;
2011.06.14 08:30:00;USD;3;PPI m/m;0.8%;0.1%;0.2%;;;
2011.06.14 08:30:00;USD;3;Retail Sales m/m;0.3%;-0.3%;-0.2%;;0.5%;
2011.06.14 08:30:00;USD;2;Core PPI m/m;0.3%;0.2%;0.2%;;;
2011.06.14 10:00:00;USD;2;Business Inventories m/m;1.3%;0.9%;0.8%;;1.0%;
2011.06.14 14:30:00;USD;3;Fed Chairman Bernanke Speaks;;;;;;
2011.06.14 18:45:00;NZD;2;Retail Sales q/q;-0.4%;1.0%;0.9%;;;
2011.06.14 18:50:00;NZD;3;Core Retail Sales q/q;0.0%;0.7%;0.7%;;;
2011.06.14 19:01:00;GBP;2;Nationwide Consumer Confidence;44;41;55;;43;
2011.06.14 20:30:00;AUD;2;Westpac Consumer Sentiment;-1.3%;;-2.6%;;;
2011.06.14 21:30:00;AUD;1;Housing Starts q/q;-4.0%;-0.6%;3.1%;;-5.3%;
2011.06.14 21:48:00;CNY;1;Foreign Direct Investment ytd/y;26.0%;;23.4%;;;
2011.06.14 23:00:00;AUD;3;RBA Gov Stevens Speaks;;;;;;
2011.06.15 01:00:00;JPY;2;BOJ Monthly Report;;;;;;
2011.06.15 01:30:00;EUR;1;French Final CPI m/m;0.3%;0.1%;0.1%;;;
2011.06.15 03:15:00;CHF;2;PPI m/m;0.3%;0.1%;-0.2%;;;
2011.06.15 04:30:00;GBP;3;Claimant Count Change;16.9K;7.1K;19.6K;;12.4K;
2011.06.15 04:30:00;GBP;2;Average Earnings Index 3m/y;2.4%;2.1%;1.8%;;2.3%;
2011.06.15 04:30:00;GBP;1;Unemployment Rate;7.7%;7.7%;7.7%;;;
2011.06.15 05:00:00;EUR;2;Industrial Production m/m;0.0%;-0.1%;0.2%;;-0.2%;
2011.06.15 06:00:00;EUR;1;ECB Financial Stability Review;;;;;;
2011.06.15 08:30:00;CAD;2;Manufacturing Sales m/m;1.9%;-1.7%;-1.3%;;;
2011.06.15 08:30:00;USD;3;Core CPI m/m;0.2%;0.2%;0.3%;;;
2011.06.15 08:30:00;USD;2;CPI m/m;0.4%;0.2%;0.2%;;;
2011.06.15 08:30:00;USD;2;Empire State Manufacturing Index;11.9;13.0;-7.8;;;
2011.06.15 09:00:00;USD;3;TIC Long-Term Purchases;24.0B;45.3B;30.6B;;;
2011.06.15 09:15:00;USD;2;Capacity Utilization Rate;76.7%;77.1%;76.7%;;76.9%;
2011.06.15 09:15:00;USD;2;Industrial Production m/m;0.0%;0.3%;0.1%;;;
2011.06.15 10:00:00;USD;1;NAHB Housing Market Index;16;16;13;;;
2011.06.15 10:30:00;NZD;1;GDT Price Index;1.7%;;-0.8%;;;
2011.06.15 10:30:00;USD;2;Crude Oil Inventories;-4.8M;-0.9M;-3.4M;;;
2011.06.15 15:45:00;GBP;3;BOE Gov King Speaks;;;;;;
2011.06.15 15:50:00;CAD;2;BOC Gov Carney Speaks;;;;;;
2011.06.15 18:00:00;NZD;1;Westpac Consumer Sentiment;97.9;;112.0;;;
2011.06.15 18:30:00;NZD;1;BusinessNZ Manufacturing Index;52.0;;54.7;;51.5;
2011.06.15 21:00:00;AUD;2;MI Inflation Expectations;3.3%;;3.3%;;;
2011.06.15 21:30:00;AUD;2;New Motor Vehicle Sales m/m;-4.1%;;-7.6%;;-3.5%;
2011.06.15 21:30:00;AUD;1;RBA Bulletin;;;;;;
2011.06.15 22:00:00;CNY;1;CB Leading Index m/m;0.9%;;0.2%;;1.0%;
2011.06.16 03:15:00;CHF;2;Industrial Production q/q;7.7%;-7.5%;-9.2%;;7.4%;
2011.06.16 03:30:00;CHF;3;Libor Rate;0.25%;0.25%;0.25%;;;
2011.06.16 03:30:00;CHF;3;SNB Monetary Policy Assessment;;;;;;
2011.06.16 03:30:00;CHF;3;SNB Press Conference;;;;;;
2011.06.16 04:00:00;CHF;2;SNB Financial Stability Report;;;;;;
2011.06.16 04:00:00;EUR;2;ECB Monthly Bulletin;;;;;;
2011.06.16 04:30:00;GBP;3;Retail Sales m/m;1.1%;-0.5%;-1.4%;;;
2011.06.16 05:00:00;EUR;2;Final CPI y/y;2.7%;2.7%;2.7%;;;
2011.06.16 05:00:00;EUR;2;Final Core CPI y/y;1.6%;1.6%;1.5%;;;
2011.06.16 05:00:00;EUR;1;Final Employment Change q/q;0.2%;0.2%;0.0%;;0.1%;
2011.06.16 08:30:00;CAD;2;Foreign Securities Purchases;6.44B;5.45B;8.22B;;6.34B;
2011.06.16 08:30:00;USD;3;Building Permits;0.56M;0.55M;0.61M;;0.55M;
2011.06.16 08:30:00;USD;3;Unemployment Claims;430K;421K;414K;;427K;
2011.06.16 08:30:00;USD;2;Current Account;-112B;-126B;-119B;;-113B;
2011.06.16 08:30:00;USD;2;Housing Starts;0.54M;0.54M;0.56M;;0.52M;
2011.06.16 10:00:00;USD;3;Philly Fed Manufacturing Index;3.9;7.1;-7.7;;;
2011.06.16 10:30:00;USD;1;Natural Gas Storage;80B;65B;69B;;;
2011.06.16 13:10:00;USD;2;FOMC Member Fisher Speaks;;;;;;
2011.06.16 19:50:00;JPY;2;Monetary Policy Meeting Minutes;;;;;;
2011.06.16 20:00:00;EUR;2;ECB President Trichet Speaks;;;;;;
2011.06.17 04:00:00;EUR;1;Italian Trade Balance;-3.94B;-2.14B;-3.76B;;;
2011.06.17 05:00:00;EUR;1;Trade Balance;-2.2B;-2.0B;-2.9B;;-0.9B;
2011.06.17 08:30:00;CAD;2;Wholesale Sales m/m;0.3%;-0.2%;-0.1%;;0.1%;
2011.06.17 09:55:00;USD;3;Prelim UoM Consumer Sentiment;74.3;74.2;71.8;;72.4;
2011.06.17 09:55:00;USD;1;Prelim UoM Inflation Expectations;4.1%;;4.0%;;4.4%;
2011.06.17 10:00:00;USD;1;CB Leading Index m/m;-0.4%;0.3%;0.8%;;-0.3%;
2011.06.19 05:00:00;EUR;2;ECB President Trichet Speaks;;;;;;
2011.06.19 18:45:00;NZD;1;Manufacturing Sales q/q;3.0%;;2.9%;;3.1%;
2011.06.19 19:01:00;GBP;2;Rightmove HPI m/m;1.3%;;0.6%;;;
2011.06.19 19:50:00;JPY;2;Trade Balance;-0.47T;-0.54T;-0.47T;;-0.50T;
2011.06.20 02:00:00;EUR;2;German PPI m/m;1.0%;0.2%;0.0%;;;
2011.06.20 04:00:00;EUR;2;Current Account;-3.0B;-4.8B;-5.1B;;-4.7B;
2011.06.20 04:00:00;EUR;3;Eurogroup Meetings (All Day);;;;;;
2011.06.20 04:00:00;EUR;2;ECOFIN Meetings (All Day);;;;;;
2011.06.20 05:00:00;GBP;2;MPC Member Posen Speaks;;;;;;
2011.06.20 06:00:00;EUR;1;German Buba Monthly Report;;;;;;
2011.06.20 13:00:00;CAD;2;BOC Gov Carney Speaks;;;;;;
2011.06.20 18:50:00;NZD;1;Visitor Arrivals m/m;8.1%;;-0.3%;;8.2%;
2011.06.20 21:30:00;AUD;3;Monetary Policy Meeting Minutes;;;;;;
2011.06.21 00:30:00;JPY;1;All Industries Activity m/m;-6.4%;1.9%;1.5%;;-6.3%;
2011.06.21 04:10:00;GBP;2;MPC Member Fisher Speaks;;;;;;
2011.06.21 04:30:00;GBP;3;Public Sector Net Borrowing;7.7B;16.1B;15.2B;;;
2011.06.21 05:00:00;EUR;3;German ZEW Economic Sentiment;3.1;-1.7;-9.0;;;
2011.06.21 05:00:00;EUR;2;ZEW Economic Sentiment;13.6;9.4;-5.9;;;
2011.06.21 06:00:00;GBP;2;CBI Industrial Order Expectations;-2;-5;1;;;
2011.06.21 08:30:00;CAD;3;Core Retail Sales m/m;-0.2%;0.5%;0.0%;;-0.1%;
2011.06.21 08:30:00;CAD;2;Leading Index m/m;0.9%;0.6%;1.0%;;0.8%;
2011.06.21 08:30:00;CAD;2;Retail Sales m/m;-0.1%;0.6%;0.3%;;0.0%;
2011.06.21 10:00:00;USD;3;Existing Home Sales;5.00M;4.82M;4.81M;;5.05M;
2011.06.21 13:00:00;CHF;2;SNB Chairman Hildebrand Speaks;;;;;;
2011.06.21 17:50:00;EUR;3;Greek Gov Debt Crisis Vote;;Pass;Pass;;;
2011.06.21 18:45:00;NZD;3;Current Account;-3.63B;-2.47B;-0.10B;;-3.52B;
2011.06.21 20:30:00;AUD;2;MI Leading Index m/m;0.6%;;0.2%;;0.5%;
2011.06.21 23:00:00;NZD;1;Credit Card Spending y/y;6.1%;;5.1%;;6.0%;
2011.06.22 04:30:00;GBP;3;MPC Asset Purchase Facility Votes;1-0-8;1-0-8;1-0-8;;;
2011.06.22 04:30:00;GBP;3;MPC Official Bank Rate Votes;3-0-6;2-0-7;2-0-7;;;
2011.06.22 05:00:00;CHF;2;Credit Suisse Economic Expectations;-11.5;;-24.3;;;
2011.06.22 05:00:00;EUR;2;Industrial New Orders m/m;-1.5%;1.1%;0.7%;;-1.8%;
2011.06.22 05:05:00;EUR;2;German 10-y Bond Auction;3.04|1.7;;2.96|1.6;;;
2011.06.22 10:00:00;EUR;1;Consumer Confidence;-10;-10;-10;;;
2011.06.22 10:07:00;USD;1;HPI m/m;-0.4%;-0.2%;0.8%;;-0.3%;
2011.06.22 10:30:00;CAD;1;BOC Financial System Review;;;;;;
2011.06.22 10:30:00;USD;2;Crude Oil Inventories;-3.4M;-0.1M;-1.7M;;;
2011.06.22 12:27:00;USD;3;FOMC Statement;;;;;;
2011.06.22 12:27:00;USD;3;Federal Funds Rate;<0.25%;<0.25%;<0.25%;;;
2011.06.22 14:00:00;USD;2;FOMC Economic Projections;;;;;;
2011.06.22 14:15:00;USD;3;FOMC Press Conference;;;;;;
2011.06.22 20:00:00;AUD;2;CB Leading Index m/m;-0.1%;;0.1%;;0.4%;
2011.06.22 22:30:00;CNY;2;Caixin Flash Manufacturing PMI;51.6;;50.1;;51.1;
2011.06.23 02:00:00;CHF;2;Trade Balance;1.44B;1.68B;3.31B;;1.52B;
2011.06.23 03:00:00;EUR;2;French Flash Manufacturing PMI;54.9;54.2;52.5;;55.0;
2011.06.23 03:00:00;EUR;2;French Flash Services PMI;62.5;61.1;56.7;;62.8;
2011.06.23 03:30:00;EUR;2;German Flash Manufacturing PMI;57.7;57.1;54.9;;58.2;
2011.06.23 03:30:00;EUR;2;German Flash Services PMI;56.1;55.8;58.3;;54.9;
2011.06.23 04:00:00;EUR;2;Flash Manufacturing PMI;54.6;53.9;52.0;;54.8;
2011.06.23 04:00:00;EUR;2;Flash Services PMI;56.0;55.5;54.2;;55.4;
2011.06.23 04:30:00;GBP;2;High Street Lending;29.7K;30.0K;30.5K;;29.4K;
2011.06.23 04:30:00;EUR;2;EU Economic Summit (Day 1);;;;;;
2011.06.23 06:00:00;GBP;2;CBI Realized Sales;18;11;-2;;;
2011.06.23 08:30:00;USD;3;Unemployment Claims;420K;414K;429K;;414K;
2011.06.23 09:00:00;EUR;2;Belgian NBB Business Climate;-0.5;-1.1;-1.1;;;
2011.06.23 09:15:00;CAD;2;Gov Council Member Murray Speaks;;;;;;
2011.06.23 10:00:00;USD;3;New Home Sales;326K;311K;319K;;323K;
2011.06.23 10:30:00;USD;1;Natural Gas Storage;69B;91B;98B;;;
2011.06.23 12:00:00;EUR;2;ECB President Trichet Speaks;;;;;;
2011.06.23 12:00:00;GBP;2;MPC Member Posen Speaks;;;;;;
2011.06.23 14:45:00;CAD;2;Gov Council Member Murray Speaks;;;;;;
2011.06.23 19:50:00;JPY;1;SPPI y/y;-0.7%;-0.7%;-0.9%;;-0.8%;
2011.06.23 23:30:00;AUD;2;RBA Deputy Gov Lowe Speaks;;;;;;
2011.06.24 03:30:00;CHF;1;SNB Quarterly Bulletin;;;;;;
2011.06.24 04:00:00;EUR;3;German ifo Business Climate;114.2;113.6;114.5;;;
2011.06.24 04:00:00;EUR;1;Italian Retail Sales m/m;-0.2%;-0.1%;0.4%;;;
2011.06.24 04:30:00;GBP;1;FPC Meeting Minutes;;;;;;
2011.06.24 04:30:00;GBP;1;FPC Statement;;;;;;
2011.06.24 04:30:00;EUR;2;EU Economic Summit (Day 2);;;;;;
2011.06.24 05:30:00;GBP;3;BOE Gov King Speaks;;;;;;
2011.06.24 05:30:00;GBP;1;BOE Financial Stability Report;;;;;;
2011.06.24 08:30:00;USD;3;Core Durable Goods Orders m/m;-0.4%;1.0%;0.6%;;-1.5%;
2011.06.24 08:30:00;USD;2;Durable Goods Orders m/m;-2.7%;1.6%;1.9%;;-3.6%;
2011.06.24 08:30:00;USD;2;Final GDP q/q;1.8%;1.9%;1.9%;;;
2011.06.24 08:30:00;USD;1;Final GDP Price Index q/q;1.9%;1.9%;2.0%;;;
2011.06.26 18:45:00;NZD;2;Trade Balance;1148M;1000M;605M;;1113M;
2011.06.27 08:30:00;USD;2;Core PCE Price Index m/m;0.2%;0.2%;0.3%;;;
2011.06.27 08:30:00;USD;2;Personal Spending m/m;0.3%;0.2%;0.0%;;0.4%;
2011.06.27 08:30:00;USD;1;Personal Income m/m;0.3%;0.4%;0.3%;;0.4%;
2011.06.27 11:00:00;USD;2;FOMC Member Kocherlakota Speaks;;;;;;
2011.06.27 19:50:00;JPY;2;Retail Sales y/y;-4.8%;-2.3%;-1.3%;;;
2011.06.27 21:00:00;AUD;2;RBA Deputy Gov Debelle Speaks;;;;;;
2011.06.28 02:00:00;CHF;2;UBS Consumption Indicator;1.57;;1.91;;1.59;
2011.06.28 02:00:00;EUR;2;German GfK Consumer Climate;5.6;5.4;5.7;;5.5;
2011.06.28 02:00:00;EUR;1;German Import Prices m/m;0.3%;-0.4%;-0.6%;;;
2011.06.28 02:00:00;EUR;2;German Prelim CPI m/m (All Day);0.0%;0.1%;0.1%;;;
2011.06.28 04:30:00;GBP;3;Current Account;-13.0B;-5.0B;-9.4B;;-10.5B;
2011.06.28 04:30:00;GBP;2;Final GDP q/q;0.5%;0.5%;0.5%;;;
2011.06.28 04:30:00;GBP;1;Revised Business Investment q/q;-7.1%;-7.1%;-3.2%;;;
2011.06.28 05:00:00;GBP;3;Monetary Policy Report Hearings;;;;;;
2011.06.28 05:24:00;EUR;2;Italian 10-y Bond Auction;4.73|1.5;;4.94|1.3;;;
2011.06.28 09:00:00;USD;2;SP/CS Composite-20 HPI y/y;-3.8%;-3.9%;-4.0%;;-3.6%;
2011.06.28 09:43:00;USD;3;CB Consumer Confidence;61.7;60.8;58.5;;60.8;
2011.06.28 10:00:00;USD;1;Richmond Manufacturing Index;-6;2;3;;;
2011.06.28 12:00:00;USD;2;FOMC Member Fisher Speaks;;;;;;
2011.06.28 12:45:00;CAD;1;Gov Council Member Cote Speaks;;;;;;
2011.06.28 14:45:00;EUR;2;ECB President Trichet Speaks;;;;;;
2011.06.28 19:50:00;JPY;2;Prelim Industrial Production m/m;1.6%;5.6%;5.7%;;1.0%;
2011.06.29 00:00:00;EUR;0;Italian Bank Holiday (All Day);;;;;;
2011.06.29 04:00:00;EUR;1;Retail PMI;48.8;;48.8;;;
2011.06.29 04:30:00;GBP;2;Net Lending to Individuals m/m;1.6B;1.2B;1.3B;;1.2B;
2011.06.29 04:30:00;GBP;1;Index of Services 3m/3m;0.9%;0.7%;0.9%;;;
2011.06.29 04:30:00;GBP;1;M4 Money Supply m/m;0.1%;0.3%;0.1%;;;
2011.06.29 04:30:00;GBP;1;Mortgage Approvals;45K;46K;46K;;;
2011.06.29 05:30:00;CHF;3;KOF Economic Barometer;2.30;2.23;2.23;;;
2011.06.29 07:00:00;CAD;3;Core CPI m/m;0.2%;0.2%;0.5%;;;
2011.06.29 07:00:00;CAD;2;CPI m/m;0.3%;0.2%;0.7%;;;
2011.06.29 09:00:00;USD;2;Fed Announcement;;;;;;
2011.06.29 09:03:00;EUR;3;Greek Gov Debt Crisis Vote;;Pass;Pass;;;
2011.06.29 10:00:00;USD;3;Pending Home Sales m/m;-11.3%;2.4%;8.2%;;-11.6%;
2011.06.29 10:30:00;USD;2;Crude Oil Inventories;-1.7M;-1.5M;-4.4M;;;
2011.06.29 12:00:00;USD;2;FOMC Member Raskin Speaks;;;;;;
2011.06.29 18:45:00;NZD;3;Building Consents m/m;-1.2%;;2.2%;;-1.6%;
2011.06.29 19:00:00;GBP;2;GfK Consumer Confidence;-21;-23;-25;;;
2011.06.29 19:15:00;JPY;1;Final Manufacturing PMI;51.3;;50.7;;;
2011.06.29 21:00:00;NZD;3;Final ANZ Business Confidence;38.3;;46.5;;;
2011.06.29 21:30:00;AUD;2;Private Sector Credit m/m;0.0%;0.4%;0.3%;;;
2011.06.30 01:00:00;JPY;1;Housing Starts y/y;0.3%;3.3%;6.4%;;;
2011.06.30 02:00:00;EUR;2;German Retail Sales m/m;0.0%;0.6%;-2.8%;;0.6%;
2011.06.30 02:00:00;GBP;3;Nationwide HPI m/m;0.3%;0.1%;0.0%;;;
2011.06.30 02:45:00;EUR;2;French Consumer Spending m/m;-1.4%;1.0%;-0.8%;;-1.8%;
2011.06.30 03:00:00;EUR;3;ECB President Trichet Speaks;;;;;;
2011.06.30 03:00:00;EUR;1;Spanish Flash CPI y/y;3.5%;3.5%;3.2%;;;
2011.06.30 03:55:00;EUR;2;German Unemployment Change;-8K;-17K;-8K;;;
2011.06.30 04:00:00;EUR;2;M3 Money Supply y/y;2.0%;2.2%;2.4%;;;
2011.06.30 04:00:00;EUR;1;Private Loans y/y;2.6%;2.8%;2.7%;;;
2011.06.30 04:30:00;GBP;2;BOE Credit Conditions Survey;;;;;;
2011.06.30 05:00:00;EUR;2;CPI Flash Estimate y/y;2.7%;2.8%;2.7%;;;
2011.06.30 05:00:00;EUR;1;Italian Prelim CPI m/m;0.1%;0.2%;0.1%;;;
2011.06.30 08:30:00;CAD;3;GDP m/m;0.3%;-0.1%;0.0%;;;
2011.06.30 08:30:00;USD;3;Unemployment Claims;429K;419K;428K;;;
2011.06.30 09:45:00;USD;2;Chicago PMI;56.6;54.1;61.1;;;
2011.06.30 09:57:00;EUR;3;Greek Gov Debt Crisis Vote;;Pass;Pass;;;
2011.06.30 10:30:00;USD;1;Natural Gas Storage;98B;80B;78B;;;
2011.06.30 19:28:00;AUD;1;AIG Manufacturing Index;47.7;;52.9;;;
2011.06.30 19:30:00;JPY;2;Household Spending y/y;-3.0%;-1.7%;-1.9%;;;
2011.06.30 19:30:00;JPY;2;Tokyo Core CPI y/y;0.1%;0.2%;0.1%;;;
2011.06.30 19:30:00;JPY;1;National Core CPI y/y;0.6%;0.5%;0.6%;;;
2011.06.30 19:30:00;JPY;1;Unemployment Rate;4.7%;4.8%;4.5%;;;
2011.06.30 19:50:00;JPY;3;Tankan Manufacturing Index;6;-7;-9;;;
2011.06.30 19:50:00;JPY;2;Tankan Non-Manufacturing Index;3;-3;-5;;;
2011.06.30 21:00:00;AUD;2;HIA New Home Sales m/m;0.2%;;-0.2%;;;
2011.06.30 21:00:00;CNY;3;Manufacturing PMI;52.0;51.6;50.9;;;
2011.06.30 22:30:00;CNY;2;Caixin Manufacturing PMI;50.1;;50.1;;;
