2011.04.01 01:30:00;AUD;2;Commodity Prices y/y;44.9%;;41.3%;;47.8%;
2011.04.01 03:15:00;CHF;3;Retail Sales y/y;-2.4%;-0.8%;1.5%;;-2.6%;
2011.04.01 03:15:00;EUR;2;Spanish Manufacturing PMI;52.1;;51.6;;;
2011.04.01 03:30:00;CHF;2;Manufacturing PMI;63.5;62.2;59.3;;;
2011.04.01 03:45:00;EUR;2;Italian Manufacturing PMI;59.0;58.0;56.2;;;
2011.04.01 03:50:00;EUR;1;French Final Manufacturing PMI;56.6;56.6;55.4;;;
2011.04.01 03:55:00;EUR;1;German Final Manufacturing PMI;60.9;60.9;60.9;;;
2011.04.01 04:00:00;EUR;1;Final Manufacturing PMI;57.7;57.7;57.5;;;
2011.04.01 04:00:00;EUR;1;Italian Monthly Unemployment Rate;8.6%;8.5%;8.4%;;;
2011.04.01 04:00:00;EUR;1;Italian Quarterly Unemployment Rate;8.4%;8.3%;8.5%;;8.3%;
2011.04.01 04:30:00;GBP;3;Final Manufacturing PMI;60.9;60.7;57.1;;61.5;
2011.04.01 05:00:00;EUR;2;Unemployment Rate;10.0%;9.9%;9.9%;;9.9%;
2011.04.01 08:15:00;USD;2;FOMC Member Plosser Speaks;;;;;;
2011.04.01 08:30:00;USD;3;Non-Farm Employment Change;194K;191K;216K;;192K;
2011.04.01 08:30:00;USD;3;Unemployment Rate;8.9%;8.9%;8.8%;;;
2011.04.01 08:30:00;USD;2;Average Hourly Earnings m/m;0.0%;0.2%;0.0%;;;
2011.04.01 10:00:00;USD;3;ISM Manufacturing PMI;61.4;61.1;61.2;;;
2011.04.01 10:00:00;USD;1;Construction Spending m/m;-1.8%;-0.1%;-1.4%;;-0.7%;
2011.04.01 10:00:00;USD;1;FOMC Member Dudley Speaks;;;;;;
2011.04.01 10:00:00;USD;1;ISM Manufacturing Prices;82.0;83.1;85.0;;;
2011.04.01 10:00:00;USD;1;Total Vehicle Sales (All Day);13.4M;13.3M;13.1M;;;
2011.04.02 10:00:00;NZD;0;Daylight Saving Time Shift;;;;;;
2011.04.02 12:00:00;AUD;0;Daylight Saving Time Shift;;;;;;
2011.04.02 21:00:00;CNY;1;Non-Manufacturing PMI;44.1;;60.2;;;
2011.04.03 19:50:00;JPY;1;Monetary Base y/y;5.6%;5.8%;16.9%;;;
2011.04.03 19:50:00;CNY;0;Bank Holiday (All Day);;;;;;
2011.04.03 20:30:00;AUD;1;MI Inflation Gauge m/m;0.2%;;0.6%;;;
2011.04.03 21:30:00;AUD;3;ANZ Job Advertisements m/m;1.1%;;1.3%;;1.2%;
2011.04.03 23:00:00;NZD;1;ANZ Commodity Prices m/m;2.7%;;4.7%;;;
2011.04.04 03:00:00;EUR;2;Spanish Unemployment Change;68.3K;;34.4K;;;
2011.04.04 04:30:00;EUR;1;Sentix Investor Confidence;17.1;16.1;14.2;;;
2011.04.04 04:30:00;GBP;3;Construction PMI;56.5;54.7;56.4;;;
2011.04.04 04:30:00;GBP;1;Housing Equity Withdrawal q/q;-6.6B;-5.6B;-7.0B;;-6.1B;
2011.04.04 05:00:00;EUR;1;PPI m/m;1.3%;0.7%;0.8%;;1.5%;
2011.04.04 09:30:00;USD;2;FOMC Member Evans Speaks;;;;;;
2011.04.04 10:30:00;CAD;3;BOC Business Outlook Survey;;;;;;
2011.04.04 18:00:00;NZD;3;NZIER Business Confidence;8;;-27;;;
2011.04.04 19:15:00;USD;3;Fed Chairman Bernanke Speaks;;;;;;
2011.04.04 19:27:00;AUD;2;AIG Services Index;48.7;;46.5;;;
2011.04.04 19:27:00;CNY;0;Bank Holiday (All Day);;;;;;
2011.04.04 21:30:00;AUD;3;Trade Balance;1.43B;1.15B;-0.21B;;1.88B;
2011.04.04 23:45:00;JPY;1;10-y Bond Auction;1.31|2.9;;1.30|4.0;;;
2011.04.05 00:30:00;AUD;3;Cash Rate;4.75%;4.75%;4.75%;;;
2011.04.05 00:30:00;AUD;3;RBA Rate Statement;;;;;;
2011.04.05 03:15:00;EUR;1;Spanish Services PMI;50.8;;48.7;;;
2011.04.05 03:45:00;EUR;1;Italian Services PMI;53.1;52.3;53.3;;;
2011.04.05 03:50:00;EUR;1;French Final Services PMI;60.7;60.7;60.4;;;
2011.04.05 03:55:00;EUR;1;German Final Services PMI;60.1;60.1;60.1;;;
2011.04.05 04:00:00;EUR;1;Final Services PMI;56.9;56.9;57.2;;;
2011.04.05 04:30:00;GBP;3;Final Services PMI;52.6;52.5;57.1;;;
2011.04.05 05:00:00;EUR;2;Retail Sales m/m;0.2%;0.1%;-0.1%;;0.4%;
2011.04.05 06:38:00;GBP;2;10-y Bond Auction;3.66|2.0;;3.88|1.7;;;
2011.04.05 10:00:00;USD;3;ISM Services PMI;59.7;59.8;57.3;;;
2011.04.05 10:30:00;NZD;1;GDT Price Index;-8.4%;;-3.8%;;;
2011.04.05 11:15:00;USD;2;FOMC Member Plosser Speaks;;;;;;
2011.04.05 14:00:00;USD;3;FOMC Meeting Minutes;;;;;;
2011.04.05 19:01:00;GBP;1;BRC Shop Price Index y/y;2.7%;;2.4%;;;
2011.04.05 21:30:00;AUD;3;Home Loans m/m;-6.3%;-2.6%;-5.6%;;-4.5%;
2011.04.06 01:00:00;JPY;1;Leading Indicators;101.5%;104.3%;104.2%;;101.9%;
2011.04.06 03:00:00;CHF;3;Foreign Currency Reserves;208B;;206B;;206B;
2011.04.06 03:00:00;GBP;3;Halifax HPI m/m;-0.9%;0.2%;0.1%;;;
2011.04.06 03:15:00;CHF;2;CPI m/m;0.4%;0.2%;0.6%;;;
2011.04.06 04:30:00;GBP;3;Manufacturing Production m/m;0.9%;0.6%;0.0%;;1.0%;
2011.04.06 04:30:00;GBP;1;Industrial Production m/m;0.3%;0.4%;-1.2%;;0.5%;
2011.04.06 05:00:00;EUR;1;Final GDP q/q;0.3%;0.3%;0.3%;;;
2011.04.06 06:00:00;EUR;2;German Factory Orders m/m;3.1%;0.6%;2.4%;;2.9%;
2011.04.06 10:00:00;CAD;3;Ivey PMI;70.8;65.7;73.2;;;
2011.04.06 10:00:00;GBP;2;NIESR GDP Estimate;0.1%;;0.7%;;0.2%;
2011.04.06 10:30:00;USD;2;Crude Oil Inventories;2.9M;1.3M;2.0M;;;
2011.04.06 19:29:00;AUD;1;AIG Construction Index;44.6;;39.4;;;
2011.04.06 21:30:00;AUD;3;Employment Change;-8.6K;22.7K;37.8K;;-10.1K;
2011.04.06 21:30:00;AUD;3;Unemployment Rate;5.0%;5.0%;4.9%;;;
2011.04.07 00:10:00;JPY;3;Monetary Policy Statement;;;;;;
2011.04.07 00:10:00;JPY;3;Overnight Call Rate;<0.10%;<0.10%;<0.10%;;;
2011.04.07 02:45:00;EUR;1;French Trade Balance;-6.1B;-5.6B;-6.6B;;-5.9B;
2011.04.07 03:32:00;JPY;3;BOJ Press Conference;;;;;;
2011.04.07 03:32:00;EUR;2;ECOFIN Meetings (Day 1);;;;;;
2011.04.07 06:00:00;EUR;2;German Industrial Production m/m;2.0%;0.6%;1.6%;;1.8%;
2011.04.07 06:04:00;EUR;2;French 10-y Bond Auction;3.61|2.3;;3.77|2.5;;;
2011.04.07 07:00:00;GBP;3;Asset Purchase Facility;200B;200B;200B;;;
2011.04.07 07:00:00;GBP;3;Official Bank Rate;0.50%;0.50%;0.50%;;;
2011.04.07 07:45:00;EUR;3;Main Refinancing Rate;1.00%;1.25%;1.25%;;;
2011.04.07 08:30:00;CAD;3;Building Permits m/m;-6.6%;1.6%;9.9%;;-5.1%;
2011.04.07 08:30:00;EUR;3;ECB Press Conference;;;;;;
2011.04.07 08:30:00;USD;3;Unemployment Claims;392K;385K;382K;;388K;
2011.04.07 10:30:00;USD;1;Natural Gas Storage;12B;-51B;-45B;;;
2011.04.07 15:00:00;USD;1;Consumer Credit m/m;4.4B;4.8B;7.6B;;5.0B;
2011.04.07 19:50:00;JPY;1;Current Account;1.09T;1.33T;1.21T;;;
2011.04.08 01:00:00;JPY;2;BOJ Monthly Report;;;;;;
2011.04.08 01:00:00;JPY;1;Economy Watchers Sentiment;48.4;49.6;27.7;;;
2011.04.08 01:45:00;CHF;1;Unemployment Rate;3.4%;3.3%;3.3%;;;
2011.04.08 02:00:00;EUR;1;German Trade Balance;11.8B;13.3B;11.4B;;;
2011.04.08 02:45:00;EUR;1;French Gov Budget Balance;-13.4B;;-28.0B;;;
2011.04.08 02:45:00;EUR;2;ECOFIN Meetings (Day 2);;;;;;
2011.04.08 04:30:00;GBP;3;PPI Input m/m;1.4%;2.2%;3.7%;;1.1%;
2011.04.08 04:30:00;GBP;1;PPI Output m/m;0.5%;0.7%;0.9%;;;
2011.04.08 05:00:00;GBP;1;CB Leading Index m/m;0.4%;;0.6%;;;
2011.04.08 07:00:00;CAD;3;Employment Change;15.1K;27.8K;-1.5K;;;
2011.04.08 07:00:00;CAD;3;Unemployment Rate;7.8%;7.7%;7.7%;;;
2011.04.08 08:15:00;CAD;3;Housing Starts;184K;180K;189K;;182K;
2011.04.08 10:00:00;USD;1;Final Wholesale Inventories m/m;1.0%;1.1%;1.0%;;1.1%;
2011.04.08 10:15:00;USD;2;FOMC Member Fisher Speaks;;;;;;
2011.04.09 00:00:00;EUR;2;ECOFIN Meetings (Day 3);;;;;;
2011.04.09 14:00:00;USD;2;FOMC Member Yellen Speaks;;;;;;
2011.04.09 22:04:00;CNY;3;USD-Denominated Trade Balance;-7.3B;-3.4B;0.1B;;;
2011.04.10 19:50:00;JPY;2;Core Machinery Orders m/m;4.2%;-0.9%;-2.3%;;;
2011.04.11 02:45:00;EUR;2;French Industrial Production m/m;0.7%;0.5%;0.4%;;1.0%;
2011.04.11 04:00:00;EUR;1;Italian Industrial Production m/m;-1.7%;1.4%;1.4%;;-1.5%;
2011.04.11 05:15:00;USD;2;FOMC Member Dudley Speaks;;;;;;
2011.04.11 11:00:00;USD;2;FOMC Member Evans Speaks;;;;;;
2011.04.11 11:30:00;EUR;2;German Buba President Weber Speaks;;;;;;
2011.04.11 12:15:00;USD;2;FOMC Member Yellen Speaks;;;;;;
2011.04.11 19:01:00;GBP;2;BRC Retail Sales Monitor y/y;-0.4%;;-3.5%;;;
2011.04.11 19:01:00;GBP;2;RICS House Price Balance;-26%;-23%;-23%;;;
2011.04.11 19:50:00;JPY;2;Monetary Policy Meeting Minutes;;;;;;
2011.04.11 19:50:00;JPY;1;Bank Lending y/y;-1.9%;;-1.7%;;-1.8%;
2011.04.11 19:50:00;JPY;1;M2 Money Stock y/y;2.4%;2.6%;2.7%;;;
2011.04.11 21:30:00;AUD;2;NAB Business Confidence;14;;9;;;
2011.04.11 23:45:00;JPY;1;30-y Bond Auction;2.18|3.6;;2.24|3.4;;;
2011.04.12 02:00:00;EUR;1;German Final CPI m/m;0.5%;0.5%;0.5%;;;
2011.04.12 02:00:00;JPY;1;Prelim Machine Tool Orders y/y;73.9%;;49.5%;;73.7%;
2011.04.12 04:30:00;GBP;3;CPI y/y;4.4%;4.4%;4.0%;;;
2011.04.12 04:30:00;GBP;2;Goods Trade Balance;-7.8B;-8.1B;-6.8B;;-7.1B;
2011.04.12 04:30:00;GBP;2;RPI y/y;5.5%;5.5%;5.3%;;;
2011.04.12 04:30:00;GBP;1;Core CPI y/y;3.4%;3.4%;3.2%;;;
2011.04.12 04:30:00;GBP;1;ONS HPI y/y;0.5%;1.3%;0.7%;;;
2011.04.12 05:00:00;EUR;3;German ZEW Economic Sentiment;14.1;11.7;7.6;;;
2011.04.12 05:00:00;EUR;2;ZEW Economic Sentiment;31.0;29.8;19.7;;;
2011.04.12 06:15:00;USD;2;FOMC Member Dudley Speaks;;;;;;
2011.04.12 07:30:00;USD;1;NFIB Small Business Index;94.5;95.0;91.9;;;
2011.04.12 08:30:00;CAD;3;Trade Balance;0.4B;0.6B;0.0B;;0.1B;
2011.04.12 08:30:00;CAD;2;NHPI m/m;0.2%;0.3%;0.4%;;;
2011.04.12 08:30:00;USD;3;Trade Balance;-47.0B;-44.1B;-45.8B;;-46.3B;
2011.04.12 08:30:00;USD;2;Import Prices m/m;1.4%;2.1%;2.7%;;;
2011.04.12 09:00:00;CAD;3;BOC Rate Statement;;;;;;
2011.04.12 09:00:00;CAD;3;Overnight Rate;1.00%;1.00%;1.00%;;;
2011.04.12 10:00:00;USD;1;IBD/TIPP Economic Optimism;43.0;45.7;40.8;;;
2011.04.12 14:00:00;USD;2;Federal Budget Balance;-222.5B;-163.5B;-188.2B;;;
2011.04.12 14:45:00;USD;1;FOMC Member Tarullo Speaks;;;;;;
2011.04.12 14:50:00;USD;2;FOMC Member Fisher Speaks;;;;;;
2011.04.12 18:00:00;NZD;2;REINZ HPI m/m;2.3%;;0.5%;;;
2011.04.12 18:45:00;NZD;1;FPI m/m;0.1%;;0.3%;;;
2011.04.12 18:51:00;NZD;1;Visitor Arrivals m/m;1.8%;;-4.0%;;2.0%;
2011.04.12 19:50:00;JPY;1;PPI y/y;1.7%;1.9%;2.0%;;;
2011.04.12 20:30:00;AUD;2;Westpac Consumer Sentiment;-2.4%;;1.2%;;;
2011.04.13 01:30:00;EUR;1;French Final CPI m/m;0.5%;0.6%;0.8%;;;
2011.04.13 02:00:00;EUR;1;German WPI m/m;1.4%;1.3%;1.3%;;;
2011.04.13 03:15:00;CHF;2;PPI m/m;0.2%;0.4%;0.4%;;;
2011.04.13 04:30:00;GBP;3;Claimant Count Change;-8.5K;-3.6K;0.7K;;-10.2K;
2011.04.13 04:30:00;GBP;2;Average Earnings Index 3m/y;2.3%;2.6%;2.0%;;;
2011.04.13 04:30:00;GBP;1;Unemployment Rate;8.0%;8.0%;7.8%;;;
2011.04.13 05:00:00;EUR;2;Industrial Production m/m;0.2%;0.8%;0.4%;;0.3%;
2011.04.13 06:06:00;EUR;1;German 30-y Bond Auction;3.58|1.2;;3.93|1.5;;;
2011.04.13 08:30:00;USD;3;Core Retail Sales m/m;1.1%;0.7%;0.8%;;0.7%;
2011.04.13 08:30:00;USD;3;Retail Sales m/m;1.1%;0.6%;0.4%;;1.0%;
2011.04.13 10:00:00;USD;2;Business Inventories m/m;1.0%;0.8%;0.5%;;0.9%;
2011.04.13 10:00:00;USD;1;JOLTS Job Openings;2.74M;;3.09M;;2.76M;
2011.04.13 10:30:00;CAD;3;BOC Monetary Policy Report;;;;;;
2011.04.13 10:30:00;USD;2;Crude Oil Inventories;2.0M;0.9M;1.6M;;;
2011.04.13 11:15:00;CAD;3;BOC Press Conference;;;;;;
2011.04.13 13:00:00;AUD;3;RBA Gov Stevens Speaks;;;;;;
2011.04.13 13:30:00;USD;1;President Obama Speaks;;;;;;
2011.04.13 14:00:00;USD;2;10-y Bond Auction;3.50|3.3;;3.49|3.1;;;
2011.04.13 14:00:00;USD;2;Beige Book;;;;;;
2011.04.13 17:00:00;EUR;2;German Buba President Weber Speaks;;;;;;
2011.04.13 18:00:00;GBP;2;MPC Member Posen Speaks;;;;;;
2011.04.13 18:34:00;NZD;1;BusinessNZ Manufacturing Index;53.2;;50.1;;53.7;
2011.04.13 19:01:00;GBP;2;Nationwide Consumer Confidence;39;40;44;;38;
2011.04.13 21:00:00;AUD;2;MI Inflation Expectations;3.6%;;3.5%;;;
2011.04.13 21:30:00;AUD;2;New Motor Vehicle Sales m/m;0.2%;;3.4%;;;
2011.04.14 03:03:00;CNY;2;New Loans;536B;603B;679B;;;
2011.04.14 03:03:00;CNY;1;M2 Money Supply y/y;15.7%;15.4%;16.6%;;;
2011.04.14 04:00:00;EUR;2;ECB Monthly Bulletin;;;;;;
2011.04.14 05:00:00;CHF;2;Credit Suisse Economic Expectations;-13.5;;8.8;;;
2011.04.14 06:38:00;GBP;1;30-y Bond Auction;4.52|1.9;;4.32|1.7;;;
2011.04.14 08:30:00;CAD;2;Manufacturing Sales m/m;4.4%;0.6%;-1.5%;;4.5%;
2011.04.14 08:30:00;CAD;1;New Motor Vehicle Sales m/m;3.2%;2.8%;-0.6%;;;
2011.04.14 08:30:00;CHF;2;Gov Board Member Danthine Speaks;;;;;;
2011.04.14 08:30:00;USD;3;PPI m/m;1.6%;1.1%;0.7%;;;
2011.04.14 08:30:00;USD;3;Unemployment Claims;385K;379K;412K;;382K;
2011.04.14 08:30:00;USD;2;Core PPI m/m;0.2%;0.2%;0.3%;;;
2011.04.14 09:00:00;USD;1;FOMC Member Duke Speaks;;;;;;
2011.04.14 09:20:00;USD;2;FOMC Member Kocherlakota Speaks;;;;;;
2011.04.14 09:20:00;All;3;G7 Meetings (All Day);;;;;;
2011.04.14 10:30:00;USD;1;Natural Gas Storage;-45B;34B;28B;;;
2011.04.14 12:30:00;USD;2;FOMC Member Plosser Speaks;;;;;;
2011.04.14 13:00:00;USD;1;30-y Bond Auction;4.57|3.0;;4.53|2.8;;;
2011.04.14 13:15:00;USD;2;FOMC Member Tarullo Speaks;;;;;;
2011.04.14 19:05:00;GBP;2;MPC Member Tucker Speaks;;;;;;
2011.04.14 22:00:00;CNY;3;CPI y/y;4.9%;5.2%;5.4%;;;
2011.04.14 22:00:00;CNY;3;GDP q/y;9.8%;9.5%;9.7%;;;
2011.04.14 22:00:00;CNY;2;Fixed Asset Investment ytd/y;24.9%;25.1%;25.0%;;;
2011.04.14 22:00:00;CNY;2;Industrial Production y/y;14.1%;14.1%;14.8%;;;
2011.04.14 22:00:00;CNY;2;NBS Press Conference;;;;;;
2011.04.14 22:00:00;CNY;2;PPI y/y;7.2%;7.2%;7.3%;;;
2011.04.14 22:00:00;CNY;1;Retail Sales y/y;15.8%;16.5%;17.4%;;;
2011.04.15 00:30:00;JPY;1;Revised Industrial Production m/m;0.4%;0.4%;1.8%;;;
2011.04.15 04:00:00;EUR;1;Italian Trade Balance;-6.60B;-4.36B;-3.63B;;-6.56B;
2011.04.15 05:00:00;EUR;2;Final CPI y/y;2.6%;2.6%;2.7%;;;
2011.04.15 05:00:00;EUR;2;Final Core CPI y/y;1.0%;1.1%;1.3%;;;
2011.04.15 05:00:00;EUR;1;Trade Balance;-3.1B;-3.4B;-2.4B;;-3.3B;
2011.04.15 08:30:00;USD;3;Core CPI m/m;0.2%;0.2%;0.1%;;;
2011.04.15 08:30:00;USD;2;CPI m/m;0.5%;0.5%;0.5%;;;
2011.04.15 08:30:00;USD;2;Empire State Manufacturing Index;17.5;17.1;21.7;;;
2011.04.15 08:45:00;CAD;2;Gov Council Member Boivin Speaks;;;;;;
2011.04.15 09:00:00;USD;3;TIC Long-Term Purchases;51.1B;59.4B;26.9B;;51.5B;
2011.04.15 09:15:00;USD;2;Capacity Utilization Rate;76.9%;77.5%;77.4%;;76.3%;
2011.04.15 09:15:00;USD;2;Industrial Production m/m;0.1%;0.5%;0.8%;;-0.1%;
2011.04.15 09:55:00;USD;3;Prelim UoM Consumer Sentiment;67.5;68.7;69.6;;68.2;
2011.04.15 09:55:00;USD;1;Prelim UoM Inflation Expectations;4.6%;;4.6%;;;
2011.04.15 10:00:00;USD;2;FOMC Member Evans Speaks;;;;;;
2011.04.15 10:00:00;All;2;G20 Meetings (All Day);;;;;;
2011.04.16 00:00:00;All;1;IMF Meetings (Day 1);;;;;;
2011.04.17 00:00:00;All;2;IMF Meetings (Day 2);;;;;;
2011.04.17 18:45:00;NZD;3;CPI q/q;2.3%;1.0%;0.8%;;;
2011.04.17 19:01:00;GBP;2;Rightmove HPI m/m;0.8%;;1.7%;;;
2011.04.18 06:00:00;EUR;1;German Buba Monthly Report;;;;;;
2011.04.18 08:30:00;CAD;2;Foreign Securities Purchases;13.37B;11.23B;2.50B;;13.29B;
2011.04.18 10:00:00;USD;1;NAHB Housing Market Index;17;17;16;;;
2011.04.18 10:30:00;USD;2;FOMC Member Fisher Speaks;;;;;;
2011.04.18 12:30:00;USD;2;FOMC Member Fisher Speaks;;;;;;
2011.04.18 21:30:00;AUD;3;Monetary Policy Meeting Minutes;;;;;;
2011.04.18 21:46:00;CNY;1;Foreign Direct Investment ytd/y;27.1%;;29.4%;;;
2011.04.18 22:30:00;CNY;2;Caixin Flash Manufacturing PMI;51.8;;51.8;;52.5;
2011.04.19 01:00:00;JPY;1;Consumer Confidence;40.6;39.9;38.6;;;
2011.04.19 03:00:00;EUR;2;French Flash Manufacturing PMI;55.4;55.2;56.9;;56.6;
2011.04.19 03:00:00;EUR;2;French Flash Services PMI;60.4;60.1;63.4;;60.7;
2011.04.19 03:30:00;EUR;2;German Flash Manufacturing PMI;60.9;60.1;61.7;;;
2011.04.19 03:30:00;EUR;2;German Flash Services PMI;60.1;59.9;57.7;;;
2011.04.19 03:30:00;EUR;1;Consumer Confidence;-11;-10;-11;;;
2011.04.19 04:00:00;EUR;2;Current Account;-5.6B;-2.3B;-7.2B;;-0.7B;
2011.04.19 04:00:00;EUR;2;Flash Manufacturing PMI;57.5;57.2;57.7;;57.7;
2011.04.19 04:00:00;EUR;2;Flash Services PMI;57.2;57.0;56.9;;56.9;
2011.04.19 07:00:00;CAD;3;Core CPI m/m;0.2%;0.3%;0.7%;;;
2011.04.19 07:00:00;CAD;2;CPI m/m;0.3%;0.7%;1.1%;;;
2011.04.19 08:30:00;CAD;2;Leading Index m/m;1.1%;0.5%;0.8%;;0.8%;
2011.04.19 08:30:00;CAD;2;Wholesale Sales m/m;1.6%;0.1%;-0.6%;;1.5%;
2011.04.19 08:30:00;USD;3;Building Permits;0.53M;0.55M;0.59M;;0.52M;
2011.04.19 08:30:00;USD;2;Housing Starts;0.51M;0.53M;0.55M;;0.48M;
2011.04.19 10:30:00;NZD;1;GDT Price Index;-3.8%;;0.1%;;;
2011.04.19 19:50:00;JPY;2;Tertiary Industry Activity m/m;-0.1%;0.2%;0.8%;;2.1%;
2011.04.19 19:50:00;JPY;2;Trade Balance;0.48T;0.33T;0.10T;;0.56T;
2011.04.19 20:30:00;AUD;2;MI Leading Index m/m;0.3%;;0.4%;;-0.1%;
2011.04.19 21:30:00;AUD;2;Import Prices q/q;-3.7%;0.8%;1.4%;;-3.8%;
2011.04.19 22:00:00;CNY;1;CB Leading Index m/m;0.2%;;0.3%;;0.3%;
2011.04.20 02:00:00;EUR;2;German PPI m/m;0.7%;0.8%;0.4%;;;
2011.04.20 04:30:00;GBP;3;MPC Asset Purchase Facility Votes;1-0-8;1-0-8;1-0-8;;;
2011.04.20 04:30:00;GBP;3;MPC Official Bank Rate Votes;3-0-6;3-0-6;3-0-6;;;
2011.04.20 04:45:00;EUR;2;Spanish 10-y Bond Auction;5.16|1.8;;5.47|2.1;;;
2011.04.20 10:00:00;USD;3;Existing Home Sales;4.92M;5.02M;5.10M;;4.88M;
2011.04.20 10:30:00;USD;2;Crude Oil Inventories;1.6M;0.7M;-2.3M;;;
2011.04.20 12:30:00;USD;3;Fed Chairman Bernanke Testifies;;;;;;
2011.04.20 21:30:00;AUD;3;PPI q/q;0.1%;1.0%;1.2%;;;
2011.04.20 21:30:00;AUD;2;NAB Quarterly Business Confidence;5;;11;;;
2011.04.20 23:00:00;NZD;1;Credit Card Spending y/y;5.2%;;1.5%;;5.3%;
2011.04.21 04:00:00;EUR;3;German ifo Business Climate;111.1;110.6;110.4;;;
2011.04.21 04:30:00;GBP;3;Public Sector Net Borrowing;7.9B;18.8B;16.4B;;10.3B;
2011.04.21 04:30:00;GBP;3;Retail Sales m/m;-0.9%;-0.5%;0.2%;;-0.8%;
2011.04.21 04:35:00;GBP;2;Prelim Mortgage Approvals;43K;48K;44K;;;
2011.04.21 08:30:00;CAD;3;Core Retail Sales m/m;-0.2%;0.5%;0.7%;;0.0%;
2011.04.21 08:30:00;CAD;2;Retail Sales m/m;-0.4%;0.6%;0.4%;;-0.3%;
2011.04.21 08:30:00;USD;3;Unemployment Claims;416K;394K;403K;;412K;
2011.04.21 09:00:00;EUR;2;Belgian NBB Business Climate;6.2;5.9;2.8;;;
2011.04.21 10:00:00;USD;3;Philly Fed Manufacturing Index;43.4;37.1;18.5;;;
2011.04.21 10:00:00;USD;1;CB Leading Index m/m;1.0%;0.3%;0.4%;;0.8%;
2011.04.21 10:00:00;USD;1;HPI m/m;-1.0%;0.2%;-1.6%;;-0.3%;
2011.04.21 10:30:00;USD;1;Natural Gas Storage;28B;53B;47B;;;
2011.04.21 10:30:00;NZD;0;Bank Holiday (All Day);;;;;;
2011.04.21 10:30:00;AUD;0;Bank Holiday (All Day);;;;;;
2011.04.22 00:00:00;CHF;0;Bank Holiday (All Day);;;;;;
2011.04.22 00:00:00;EUR;0;German Bank Holiday (All Day);;;;;;
2011.04.22 00:00:00;GBP;0;Bank Holiday (All Day);;;;;;
2011.04.22 04:00:00;EUR;1;Italian Retail Sales m/m;-0.3%;0.2%;0.1%;;;
2011.04.22 04:00:00;CAD;0;Bank Holiday (All Day);;;;;;
2011.04.22 10:15:00;GBP;2;MPC Member Posen Speaks;;;;;;
2011.04.24 00:00:00;NZD;0;Bank Holiday (All Day);;;;;;
2011.04.24 00:00:00;AUD;0;Bank Holiday (All Day);;;;;;
2011.04.24 19:50:00;JPY;1;SPPI y/y;-1.1%;-1.1%;-1.2%;;-1.0%;
2011.04.25 00:30:00;JPY;1;All Industries Activity m/m;-0.5%;0.4%;0.7%;;2.9%;
2011.04.25 00:30:00;CHF;0;Bank Holiday (All Day);;;;;;
2011.04.25 00:30:00;EUR;0;German Bank Holiday (All Day);;;;;;
2011.04.25 00:30:00;EUR;0;French Bank Holiday (All Day);;;;;;
2011.04.25 00:30:00;EUR;0;Italian Bank Holiday (All Day);;;;;;
2011.04.25 00:30:00;GBP;0;Bank Holiday (All Day);;;;;;
2011.04.25 10:00:00;USD;3;New Home Sales;270K;280K;300K;;250K;
2011.04.25 10:00:00;AUD;0;Bank Holiday (All Day);;;;;;
2011.04.25 20:00:00;AUD;2;CB Leading Index m/m;0.1%;;0.6%;;;
2011.04.26 02:00:00;CHF;2;Trade Balance;2.38B;2.27B;1.09B;;2.49B;
2011.04.26 02:00:00;CHF;2;UBS Consumption Indicator;1.45;;1.66;;1.46;
2011.04.26 06:00:00;GBP;2;CBI Industrial Order Expectations;5;4;-11;;;
2011.04.26 08:50:00;GBP;2;MPC Member Sentance Speaks;;;;;;
2011.04.26 09:00:00;USD;2;SP/CS Composite-20 HPI y/y;-3.1%;-3.2%;-3.3%;;;
2011.04.26 10:00:00;USD;3;CB Consumer Confidence;63.8;64.6;65.4;;63.4;
2011.04.26 10:00:00;USD;1;Richmond Manufacturing Index;20;20;10;;;
2011.04.26 19:50:00;JPY;2;Retail Sales y/y;0.1%;-5.7%;-8.5%;;;
2011.04.26 21:00:00;NZD;3;Final ANZ Business Confidence;-8.7;;14.2;;;
2011.04.26 21:30:00;AUD;3;CPI q/q;0.4%;1.2%;1.6%;;;
2011.04.26 21:30:00;AUD;2;Trimmed Mean CPI q/q;0.3%;0.7%;0.9%;;;
2011.04.27 02:00:00;EUR;2;German GfK Consumer Climate;5.9;5.9;5.7;;;
2011.04.27 02:00:00;EUR;2;German Prelim CPI m/m (All Day);0.5%;0.2%;0.2%;;;
2011.04.27 04:30:00;GBP;3;Prelim GDP q/q;-0.5%;0.5%;0.5%;;;
2011.04.27 04:30:00;GBP;2;High Street Lending;30.2K;30.6K;31.7K;;29.9K;
2011.04.27 04:30:00;GBP;1;Index of Services 3m/3m;-0.6%;-0.3%;-0.3%;;-0.5%;
2011.04.27 05:00:00;EUR;2;Industrial New Orders m/m;1.2%;1.3%;0.9%;;0.1%;
2011.04.27 05:07:00;EUR;2;German 10-y Bond Auction;3.24|2.2;;3.28|1.4;;;
2011.04.27 08:30:00;USD;3;Core Durable Goods Orders m/m;0.6%;1.7%;1.3%;;-0.6%;
2011.04.27 08:30:00;USD;2;Durable Goods Orders m/m;0.7%;2.1%;2.5%;;-0.9%;
2011.04.27 10:30:00;USD;2;Crude Oil Inventories;-2.3M;1.4M;6.2M;;;
2011.04.27 12:32:00;USD;3;FOMC Statement;;;;;;
2011.04.27 12:32:00;USD;3;Federal Funds Rate;<0.25%;<0.25%;<0.25%;;;
2011.04.27 14:00:00;USD;2;FOMC Economic Projections;;;;;;
2011.04.27 14:15:00;USD;3;FOMC Press Conference;;;;;;
2011.04.27 17:00:00;NZD;3;Official Cash Rate;2.50%;2.50%;2.50%;;;
2011.04.27 17:00:00;NZD;3;RBNZ Rate Statement;;;;;;
2011.04.27 19:01:00;GBP;2;GfK Consumer Confidence;-28;-28;-31;;;
2011.04.27 19:15:00;JPY;1;Final Manufacturing PMI;46.4;;45.7;;;
2011.04.27 19:30:00;JPY;2;Household Spending y/y;-0.2%;-6.6%;-8.5%;;;
2011.04.27 19:30:00;JPY;2;Tokyo Core CPI y/y;-0.3%;0.2%;0.2%;;;
2011.04.27 19:30:00;JPY;1;National Core CPI y/y;-0.3%;-0.2%;-0.1%;;;
2011.04.27 19:30:00;JPY;1;Unemployment Rate;4.6%;4.8%;4.6%;;;
2011.04.27 19:50:00;JPY;2;Prelim Industrial Production m/m;1.8%;-10.5%;-15.3%;;0.4%;
2011.04.28 00:31:00;JPY;3;Monetary Policy Statement;;;;;;
2011.04.28 00:31:00;JPY;3;Overnight Call Rate;<0.10%;<0.10%;<0.10%;;;
2011.04.28 01:00:00;JPY;1;Housing Starts y/y;10.1%;-2.0%;-2.4%;;;
2011.04.28 02:00:00;EUR;1;German Import Prices m/m;1.1%;1.0%;1.1%;;;
2011.04.28 02:00:00;JPY;2;BOJ Outlook Report;;;;;;
2011.04.28 02:45:00;EUR;2;French Consumer Spending m/m;0.9%;0.3%;-0.7%;;;
2011.04.28 03:18:00;JPY;3;BOJ Press Conference;;;;;;
2011.04.28 03:55:00;EUR;2;German Unemployment Change;-55K;-33K;-37K;;;
2011.04.28 04:00:00;EUR;1;Retail PMI;53.5;;52.2;;;
2011.04.28 05:27:00;EUR;2;Italian 10-y Bond Auction;4.80|1.5;;4.84|1.4;;;
2011.04.28 08:30:00;USD;3;Advance GDP q/q;3.1%;1.9%;1.8%;;3.2%;
2011.04.28 08:30:00;USD;3;Unemployment Claims;404K;392K;429K;;403K;
2011.04.28 08:30:00;USD;2;Advance GDP Price Index q/q;0.4%;2.2%;1.9%;;0.3%;
2011.04.28 08:30:00;USD;1;FOMC Member Duke Speaks;;;;;;
2011.04.28 10:00:00;USD;3;Pending Home Sales m/m;0.7%;1.6%;5.1%;;2.1%;
2011.04.28 10:30:00;USD;1;Natural Gas Storage;47B;38B;31B;;;
2011.04.28 18:45:00;NZD;2;Trade Balance;193M;244M;464M;;194M;
2011.04.28 18:45:00;JPY;0;Bank Holiday (All Day);;;;;;
2011.04.28 21:30:00;AUD;2;Private Sector Credit m/m;0.6%;0.4%;0.6%;;0.5%;
2011.04.28 22:30:00;CNY;2;Caixin Manufacturing PMI;51.8;;51.8;;;
2011.04.29 02:00:00;EUR;2;German Retail Sales m/m;-0.4%;0.2%;-2.1%;;-0.3%;
2011.04.29 03:00:00;EUR;2;Spanish Unemployment Rate;20.3%;20.7%;21.3%;;;
2011.04.29 03:00:00;EUR;1;Spanish Flash CPI y/y;3.6%;;3.8%;;;
2011.04.29 03:00:00;GBP;0;Bank Holiday (All Day);;;;;;
2011.04.29 04:00:00;CHF;2;SNB Chairman Hildebrand Speaks;;;;;;
2011.04.29 04:00:00;EUR;2;M3 Money Supply y/y;2.1%;2.2%;2.3%;;2.0%;
2011.04.29 04:00:00;EUR;1;Italian Monthly Unemployment Rate;8.2%;8.4%;8.3%;;8.4%;
2011.04.29 04:00:00;EUR;1;Private Loans y/y;2.6%;2.9%;2.5%;;;
2011.04.29 05:00:00;EUR;2;CPI Flash Estimate y/y;2.7%;2.7%;2.8%;;2.6%;
2011.04.29 05:00:00;EUR;2;Unemployment Rate;9.9%;9.9%;9.9%;;;
2011.04.29 05:00:00;EUR;1;Italian Prelim CPI m/m;0.4%;0.3%;0.5%;;;
2011.04.29 05:30:00;CHF;3;KOF Economic Barometer;2.25;2.20;2.29;;2.24;
2011.04.29 08:30:00;CAD;3;GDP m/m;0.5%;0.0%;-0.2%;;;
2011.04.29 08:30:00;USD;2;Core PCE Price Index m/m;0.2%;0.1%;0.1%;;;
2011.04.29 08:30:00;USD;2;Employment Cost Index q/q;0.4%;0.5%;0.6%;;;
2011.04.29 08:30:00;USD;2;Personal Spending m/m;0.9%;0.6%;0.6%;;0.7%;
2011.04.29 08:30:00;USD;1;Personal Income m/m;0.4%;0.3%;0.5%;;0.3%;
2011.04.29 09:45:00;USD;2;Chicago PMI;70.6;68.7;67.6;;;
2011.04.29 09:55:00;USD;2;Revised UoM Consumer Sentiment;69.6;70.0;69.8;;;
2011.04.29 09:55:00;USD;1;Revised UoM Inflation Expectations;4.6%;;4.6%;;;
2011.04.29 12:30:00;USD;3;Fed Chairman Bernanke Speaks;;;;;;
2011.04.30 21:00:00;CNY;3;Manufacturing PMI;53.4;54.0;52.9;;;
