2012.11.01 01:30:00;AUD;1;Commodity Prices y/y;-15.7%;;-16.0%;;-14.9%;
2012.11.01 01:30:00;EUR;0;French Bank Holiday (All Day);;;;;;
2012.11.01 01:30:00;EUR;0;Italian Bank Holiday (All Day);;;;;;
2012.11.01 03:00:00;GBP;2;Nationwide HPI m/m;-0.4%;0.2%;0.6%;;;
2012.11.01 04:15:00;CHF;2;Retail Sales y/y;6.0%;4.5%;5.4%;;5.9%;
2012.11.01 04:30:00;CHF;2;Manufacturing PMI;43.6;44.6;46.1;;;
2012.11.01 05:30:00;GBP;3;Final Manufacturing PMI;48.1;48.1;47.5;;48.4;
2012.11.01 07:30:00;USD;1;Challenger Job Cuts y/y;-70.8%;;11.6%;;;
2012.11.01 08:15:00;USD;3;ADP Non-Farm Employment Change;114K;138K;158K;;;
2012.11.01 08:30:00;USD;3;Unemployment Claims;372K;371K;363K;;369K;
2012.11.01 08:30:00;USD;2;Prelim Nonfarm Productivity q/q;2.2%;1.3%;1.9%;;1.6%;
2012.11.01 08:30:00;USD;2;Prelim Unit Labor Costs q/q;1.5%;1.3%;-0.1%;;1.7%;
2012.11.01 09:00:00;USD;1;Final Manufacturing PMI;51.3;51.5;51.0;;;
2012.11.01 09:30:00;CAD;1;Manufacturing PMI;52.4;;51.4;;;
2012.11.01 10:00:00;USD;3;CB Consumer Confidence;68.4;72.4;72.2;;70.3;
2012.11.01 10:00:00;USD;3;ISM Manufacturing PMI;51.5;51.2;51.7;;;
2012.11.01 10:00:00;USD;1;Construction Spending m/m;-0.1%;0.7%;0.6%;;-0.6%;
2012.11.01 10:00:00;USD;1;ISM Manufacturing Prices;58.0;56.2;55.0;;;
2012.11.01 10:30:00;USD;1;Natural Gas Storage;67B;68B;65B;;;
2012.11.01 11:00:00;USD;2;Crude Oil Inventories;5.9M;1.9M;-2.0M;;;
2012.11.01 11:00:00;USD;1;Total Vehicle Sales (All Day);15.0M;15.0M;14.3M;;;
2012.11.01 12:30:00;USD;2;FOMC Member Lockhart Speaks;;;;;;
2012.11.01 19:50:00;JPY;2;Monetary Policy Meeting Minutes;;;;;;
2012.11.01 19:50:00;JPY;1;Monetary Base y/y;9.0%;10.2%;10.8%;;;
2012.11.01 20:00:00;NZD;1;ANZ Commodity Prices m/m;3.4%;;1.3%;;3.5%;
2012.11.01 20:30:00;AUD;3;PPI q/q;0.5%;1.0%;0.6%;;;
2012.11.02 04:15:00;EUR;2;Spanish Manufacturing PMI;44.5;44.1;43.5;;;
2012.11.02 04:45:00;EUR;2;Italian Manufacturing PMI;45.7;45.9;45.5;;;
2012.11.02 04:50:00;EUR;1;French Final Manufacturing PMI;43.5;43.5;43.7;;;
2012.11.02 04:55:00;EUR;1;German Final Manufacturing PMI;45.7;45.7;46.0;;;
2012.11.02 05:00:00;EUR;1;Final Manufacturing PMI;45.3;45.3;45.4;;;
2012.11.02 05:30:00;GBP;3;Construction PMI;49.5;49.1;50.9;;;
2012.11.02 08:30:00;CAD;3;Employment Change;52.1K;9.5K;1.8K;;;
2012.11.02 08:30:00;CAD;3;Unemployment Rate;7.4%;7.4%;7.4%;;;
2012.11.02 08:30:00;USD;3;Non-Farm Employment Change;148K;123K;171K;;114K;
2012.11.02 08:30:00;USD;3;Unemployment Rate;7.8%;7.9%;7.9%;;;
2012.11.02 08:30:00;USD;2;Average Hourly Earnings m/m;0.3%;0.2%;0.0%;;;
2012.11.02 10:00:00;USD;2;Factory Orders m/m;-5.1%;4.7%;4.8%;;-5.2%;
2012.11.02 14:25:00;USD;2;FOMC Member Williams Speaks;;;;;;
2012.11.02 21:00:00;CNY;1;Non-Manufacturing PMI;53.7;;55.5;;;
2012.11.04 02:00:00;CAD;0;Daylight Saving Time Shift;;;;;;
2012.11.04 02:00:00;USD;0;Daylight Saving Time Shift;;;;;;
2012.11.04 02:00:00;All;2;G20 Meetings (Day 1);;;;;;
2012.11.04 17:30:00;AUD;2;AIG Services Index;41.9;;42.8;;;
2012.11.04 18:30:00;AUD;1;MI Inflation Gauge m/m;0.2%;;0.1%;;;
2012.11.04 19:30:00;AUD;3;Retail Sales m/m;0.3%;0.4%;0.5%;;0.2%;
2012.11.04 19:30:00;AUD;3;Trade Balance;-1.88B;-1.60B;-1.46B;;-2.03B;
2012.11.04 19:30:00;AUD;2;ANZ Job Advertisements m/m;-3.9%;;-4.6%;;-2.8%;
2012.11.04 20:45:00;CNY;1;Caixin Services PMI;54.3;;53.5;;;
2012.11.05 03:00:00;EUR;3;Spanish Unemployment Change;79.6K;90.3K;128.2K;;;
2012.11.05 04:30:00;EUR;2;Sentix Investor Confidence;-22.2;-20.7;-18.8;;;
2012.11.05 04:30:00;GBP;3;Final Services PMI;52.2;52.0;50.6;;;
2012.11.05 08:30:00;CAD;3;Building Permits m/m;9.5%;-2.6%;-13.2%;;7.9%;
2012.11.05 10:00:00;USD;3;ISM Services PMI;55.1;54.6;54.2;;;
2012.11.05 10:00:00;All;2;G20 Meetings (Day 2);;;;;;
2012.11.05 16:45:00;NZD;2;Labor Cost Index q/q;0.5%;0.5%;0.5%;;;
2012.11.05 19:01:00;GBP;2;BRC Retail Sales Monitor y/y;1.5%;;-0.1%;;;
2012.11.05 19:30:00;AUD;2;HPI q/q;0.6%;1.1%;0.3%;;0.5%;
2012.11.05 20:00:00;USD;2;FOMC Member Williams Speaks;;;;;;
2012.11.05 22:30:00;AUD;3;Cash Rate;3.25%;3.00%;3.25%;;;
2012.11.05 22:30:00;AUD;3;RBA Rate Statement;;;;;;
2012.11.06 00:00:00;JPY;1;Leading Indicators;93.2%;91.8%;91.7%;;93.6%;
2012.11.06 01:45:00;CHF;2;SECO Consumer Climate;-17;-21;-17;;;
2012.11.06 03:00:00;GBP;2;Halifax HPI m/m;-0.4%;0.5%;-0.7%;;;
2012.11.06 03:15:00;EUR;3;Spanish Services PMI;40.2;40.2;41.2;;;
2012.11.06 03:45:00;EUR;2;Italian Services PMI;44.5;46.4;46.0;;;
2012.11.06 03:50:00;EUR;1;French Final Services PMI;46.2;46.2;44.6;;;
2012.11.06 03:55:00;EUR;1;German Final Services PMI;49.3;49.3;48.4;;;
2012.11.06 04:00:00;EUR;1;Final Services PMI;46.2;46.2;46.0;;;
2012.11.06 04:30:00;GBP;3;Manufacturing Production m/m;-1.2%;0.3%;0.1%;;-1.1%;
2012.11.06 04:30:00;GBP;1;Industrial Production m/m;-0.5%;-0.6%;-1.7%;;;
2012.11.06 05:00:00;EUR;1;PPI m/m;0.9%;0.3%;0.2%;;;
2012.11.06 05:34:00;GBP;1;10-y Bond Auction;1.76|1.9;;1.82|1.9;;;
2012.11.06 06:00:00;EUR;2;German Factory Orders m/m;-0.8%;-0.3%;-3.3%;;-1.3%;
2012.11.06 08:30:00;NZD;1;GDT Price Index;4.7%;;0.0%;;;
2012.11.06 09:55:00;GBP;2;NIESR GDP Estimate;1.0%;;0.5%;;0.8%;
2012.11.06 10:00:00;CAD;3;Ivey PMI;60.4;58.3;58.3;;;
2012.11.06 10:00:00;USD;2;JOLTS Job Openings;3.66M;3.65M;3.56M;;3.56M;
2012.11.06 10:00:00;USD;2;Presidential Election (All Day);;;;;;
2012.11.06 10:00:00;USD;2;Congressional Elections (All Day);;;;;;
2012.11.06 15:00:00;NZD;3;RBNZ Financial Stability Report;;;;;;
2012.11.06 17:22:00;AUD;1;AIG Construction Index;30.9;;35.8;;;
2012.11.06 19:01:00;GBP;1;BRC Shop Price Index y/y;1.0%;;1.5%;;;
2012.11.07 03:00:00;CHF;3;Foreign Currency Reserves;430B;;424B;;429B;
2012.11.07 03:15:00;CHF;3;CPI m/m;0.3%;0.3%;0.1%;;;
2012.11.07 05:00:00;EUR;2;EU Economic Forecasts;;;;;;
2012.11.07 05:00:00;EUR;2;Retail Sales m/m;0.2%;0.0%;-0.2%;;0.1%;
2012.11.07 06:00:00;EUR;2;German Industrial Production m/m;-0.4%;-0.4%;-1.8%;;-0.5%;
2012.11.07 07:10:00;EUR;3;ECB President Draghi Speaks;;;;;;
2012.11.07 10:30:00;USD;2;Crude Oil Inventories;-2.0M;1.8M;1.8M;;;
2012.11.07 13:00:00;USD;2;10-y Bond Auction;1.70|3.3;;1.68|2.6;;;
2012.11.07 15:00:00;USD;1;Consumer Credit m/m;18.4B;10.1B;11.4B;;18.1B;
2012.11.07 16:45:00;NZD;3;Employment Change q/q;-0.2%;0.3%;-0.4%;;-0.1%;
2012.11.07 16:45:00;NZD;3;Unemployment Rate;6.8%;6.7%;7.3%;;;
2012.11.07 17:15:00;EUR;3;Greek Gov Debt Crisis Vote;;Pass;Pass;;;
2012.11.07 18:50:00;JPY;2;Core Machinery Orders m/m;-3.3%;-1.9%;-4.3%;;;
2012.11.07 18:50:00;JPY;2;Current Account;0.72T;0.21T;-0.14T;;;
2012.11.07 18:50:00;JPY;1;Bank Lending y/y;0.9%;;0.9%;;1.0%;
2012.11.07 19:30:00;AUD;3;Employment Change;15.5K;0.2K;10.7K;;14.5K;
2012.11.07 19:30:00;AUD;3;Unemployment Rate;5.4%;5.5%;5.4%;;;
2012.11.08 00:00:00;JPY;1;Economy Watchers Sentiment;41.2;40.6;39.0;;;
2012.11.08 01:45:00;CHF;1;Unemployment Rate;2.9%;3.0%;3.0%;;;
2012.11.08 02:00:00;EUR;2;German Trade Balance;18.1B;17.2B;17.0B;;18.3B;
2012.11.08 02:45:00;EUR;1;French Trade Balance;-5.3B;-5.0B;-5.0B;;;
2012.11.08 07:00:00;GBP;3;Asset Purchase Facility;375B;375B;375B;;;
2012.11.08 07:00:00;GBP;3;Official Bank Rate;0.50%;0.50%;0.50%;;;
2012.11.08 07:45:00;EUR;3;Main Refinancing Rate;0.75%;0.75%;0.75%;;;
2012.11.08 08:12:00;CAD;1;Housing Starts;224K;215K;204K;;220K;
2012.11.08 08:30:00;CAD;3;Trade Balance;-1.5B;-1.4B;-0.8B;;-1.3B;
2012.11.08 08:30:00;CAD;2;NHPI m/m;0.2%;0.2%;0.2%;;;
2012.11.08 08:30:00;EUR;3;ECB Press Conference;;;;;;
2012.11.08 08:30:00;USD;3;Trade Balance;-43.8B;-44.9B;-41.5B;;-44.2B;
2012.11.08 08:30:00;USD;3;Unemployment Claims;363K;367K;355K;;;
2012.11.08 10:30:00;USD;1;Natural Gas Storage;65B;27B;21B;;;
2012.11.08 13:00:00;USD;1;30-y Bond Auction;2.90|2.5;;2.82|2.8;;;
2012.11.08 13:10:00;CAD;2;BOC Gov Carney Speaks;;;;;;
2012.11.08 14:35:00;NZD;2;REINZ HPI m/m;0.6%;;1.5%;;;
2012.11.08 18:50:00;JPY;1;M2 Money Stock y/y;2.4%;2.4%;2.3%;;;
2012.11.08 19:30:00;AUD;3;RBA Monetary Policy Statement;;;;;;
2012.11.08 20:29:00;CNY;3;CPI y/y;1.9%;1.9%;1.7%;;;
2012.11.08 20:29:00;CNY;2;PPI y/y;-3.6%;-2.7%;-2.8%;;;
2012.11.09 00:00:00;JPY;1;Consumer Confidence;40.1;39.7;39.7;;;
2012.11.09 00:30:00;CNY;2;Fixed Asset Investment ytd/y;20.5%;20.6%;20.7%;;;
2012.11.09 00:30:00;CNY;2;Industrial Production y/y;9.2%;9.5%;9.6%;;;
2012.11.09 00:30:00;CNY;1;Retail Sales y/y;14.2%;14.4%;14.5%;;;
2012.11.09 02:00:00;EUR;1;German Final CPI m/m;0.0%;0.0%;0.0%;;;
2012.11.09 02:45:00;EUR;2;French Industrial Production m/m;1.9%;-0.9%;-2.7%;;1.5%;
2012.11.09 02:45:00;EUR;1;French Gov Budget Balance;-97.7B;;-85.0B;;;
2012.11.09 04:00:00;EUR;2;Italian Industrial Production m/m;1.7%;-1.4%;-1.5%;;;
2012.11.09 04:30:00;GBP;2;Goods Trade Balance;-10.0B;-9.1B;-8.4B;;-9.8B;
2012.11.09 05:00:00;GBP;1;CB Leading Index m/m;0.2%;;0.2%;;;
2012.11.09 08:30:00;USD;2;Import Prices m/m;1.1%;0.0%;0.5%;;;
2012.11.09 09:55:00;USD;3;Prelim UoM Consumer Sentiment;82.6;82.6;84.9;;83.1;
2012.11.09 09:55:00;USD;1;Prelim UoM Inflation Expectations;3.1%;;3.0%;;;
2012.11.09 10:00:00;USD;1;Final Wholesale Inventories m/m;0.8%;0.4%;1.1%;;0.5%;
2012.11.09 13:05:00;USD;1;President Obama Speaks;;;;;;
2012.11.09 21:14:00;CNY;3;USD-Denominated Trade Balance;27.7B;27.1B;32.0B;;;
2012.11.11 18:50:00;JPY;2;Prelim GDP q/q;0.2%;-0.8%;-0.9%;;0.3%;
2012.11.11 18:50:00;JPY;2;Tertiary Industry Activity m/m;0.3%;0.0%;0.3%;;0.4%;
2012.11.11 18:50:00;JPY;1;PPI y/y;-1.5%;-0.8%;-1.0%;;-1.4%;
2012.11.11 18:50:00;JPY;1;Prelim GDP Price Index y/y;-0.9%;-0.7%;-0.7%;;-1.1%;
2012.11.11 19:30:00;AUD;2;Home Loans m/m;2.1%;1.1%;0.9%;;1.8%;
2012.11.11 21:00:00;CNY;2;New Loans;623B;601B;505B;;;
2012.11.11 21:30:00;JPY;2;BOJ Gov Shirakawa Speaks;;;;;;
2012.11.12 01:00:00;JPY;1;Prelim Machine Tool Orders y/y;-2.8%;;-6.7%;;-3.0%;
2012.11.12 02:00:00;EUR;1;German WPI m/m;1.3%;0.5%;-0.6%;;;
2012.11.12 03:00:00;CNY;1;M2 Money Supply y/y;14.8%;14.5%;14.1%;;;
2012.11.12 03:00:00;EUR;3;Eurogroup Meetings (All Day);;;;;;
2012.11.12 03:00:00;CAD;0;Bank Holiday (All Day);;;;;;
2012.11.12 03:00:00;USD;0;Bank Holiday (All Day);;;;;;
2012.11.12 16:45:00;NZD;1;FPI m/m;-0.9%;;-0.6%;;;
2012.11.12 19:01:00;GBP;2;RICS House Price Balance;-14%;-15%;-7%;;-15%;
2012.11.12 19:30:00;AUD;2;NAB Business Confidence;0;;-1;;;
2012.11.12 23:30:00;JPY;1;Revised Industrial Production m/m;-4.1%;-4.1%;-4.1%;;;
2012.11.13 02:45:00;EUR;2;French Prelim Private Payrolls q/q;-0.1%;-0.2%;-0.3%;;;
2012.11.13 03:15:00;CHF;2;PPI m/m;0.3%;0.2%;-0.1%;;;
2012.11.13 03:15:00;EUR;2;ECOFIN Meetings (All Day);;;;;;
2012.11.13 04:30:00;GBP;3;CPI y/y;2.2%;2.3%;2.7%;;;
2012.11.13 04:30:00;GBP;2;PPI Input m/m;-0.1%;-0.4%;0.4%;;-0.2%;
2012.11.13 04:30:00;GBP;2;RPI y/y;2.6%;2.9%;3.2%;;;
2012.11.13 04:30:00;GBP;1;Core CPI y/y;2.1%;2.2%;2.6%;;;
2012.11.13 04:30:00;GBP;1;ONS HPI y/y;1.9%;2.1%;1.7%;;1.8%;
2012.11.13 04:30:00;GBP;1;PPI Output m/m;0.5%;0.2%;0.1%;;;
2012.11.13 05:00:00;EUR;3;German ZEW Economic Sentiment;-11.5;-9.9;-15.7;;;
2012.11.13 05:00:00;EUR;2;ZEW Economic Sentiment;-1.4;0.2;-2.6;;;
2012.11.13 07:30:00;USD;1;NFIB Small Business Index;92.8;93.0;93.1;;;
2012.11.13 10:00:00;USD;1;IBD/TIPP Economic Optimism;54.0;53.8;48.6;;;
2012.11.13 14:00:00;USD;2;Federal Budget Balance;75.0B;-113.5B;-120.0B;;;
2012.11.13 15:30:00;USD;2;FOMC Member Yellen Speaks;;;;;;
2012.11.13 16:45:00;NZD;3;Core Retail Sales q/q;0.9%;0.6%;-0.3%;;;
2012.11.13 16:45:00;NZD;2;Retail Sales q/q;1.3%;0.4%;-0.4%;;;
2012.11.13 18:30:00;AUD;2;Westpac Consumer Sentiment;1.0%;;5.2%;;;
2012.11.13 19:30:00;AUD;2;Wage Price Index q/q;1.0%;0.8%;0.7%;;;
2012.11.14 02:45:00;EUR;1;French Final CPI m/m;-0.3%;0.2%;0.2%;;;
2012.11.14 04:30:00;GBP;3;Claimant Count Change;0.8K;-0.5K;10.1K;;-4.0K;
2012.11.14 04:30:00;GBP;2;Unemployment Rate;7.9%;7.9%;7.8%;;;
2012.11.14 04:30:00;GBP;1;Average Earnings Index 3m/y;1.7%;1.8%;1.8%;;;
2012.11.14 05:00:00;CHF;2;Credit Suisse Economic Expectations;-28.9;;-27.9;;;
2012.11.14 05:00:00;EUR;2;Industrial Production m/m;0.9%;-1.6%;-2.5%;;0.6%;
2012.11.14 05:26:00;EUR;2;Italian 10-y Bond Auction;4.92|1.4;;4.81|1.5;;;
2012.11.14 05:30:00;GBP;3;BOE Gov King Speaks;;;;;;
2012.11.14 05:30:00;GBP;3;BOE Monetary Policy Report;;;;;;
2012.11.14 08:30:00;USD;3;Core Retail Sales m/m;1.2%;0.2%;0.0%;;1.1%;
2012.11.14 08:30:00;USD;3;PPI m/m;1.1%;0.2%;-0.2%;;;
2012.11.14 08:30:00;USD;3;Retail Sales m/m;1.3%;-0.2%;-0.3%;;1.1%;
2012.11.14 08:30:00;USD;2;Core PPI m/m;0.0%;0.1%;-0.2%;;;
2012.11.14 10:00:00;USD;2;Business Inventories m/m;0.6%;0.5%;0.7%;;;
2012.11.14 14:00:00;USD;3;FOMC Meeting Minutes;;;;;;
2012.11.14 16:27:00;NZD;1;BusinessNZ Manufacturing Index;48.5;;50.5;;48.2;
2012.11.14 19:00:00;AUD;2;MI Inflation Expectations;2.6%;;2.2%;;;
2012.11.14 19:30:00;AUD;2;New Motor Vehicle Sales m/m;4.6%;;-2.8%;;4.7%;
2012.11.14 20:45:00;USD;2;FOMC Member Williams Speaks;;;;;;
2012.11.15 01:30:00;EUR;2;French Prelim GDP q/q;-0.1%;0.0%;0.2%;;0.0%;
2012.11.15 02:00:00;EUR;2;German Prelim GDP q/q;0.3%;0.1%;0.2%;;;
2012.11.15 04:00:00;EUR;2;ECB Monthly Bulletin;;;;;;
2012.11.15 04:00:00;EUR;2;Italian Prelim GDP q/q;-0.7%;-0.4%;-0.2%;;-0.7%;
2012.11.15 04:30:00;GBP;3;Retail Sales m/m;0.5%;-0.1%;-0.8%;;0.6%;
2012.11.15 05:00:00;EUR;2;Final CPI y/y;2.5%;2.5%;2.5%;;;
2012.11.15 05:00:00;EUR;2;Final Core CPI y/y;1.5%;1.5%;1.5%;;;
2012.11.15 05:00:00;EUR;2;Flash GDP q/q;-0.2%;-0.2%;-0.1%;;;
2012.11.15 08:30:00;CAD;2;Manufacturing Sales m/m;0.9%;0.3%;0.4%;;1.5%;
2012.11.15 08:30:00;USD;3;Core CPI m/m;0.1%;0.1%;0.2%;;;
2012.11.15 08:30:00;USD;3;Unemployment Claims;361K;372K;439K;;355K;
2012.11.15 08:30:00;USD;2;CPI m/m;0.6%;0.1%;0.1%;;;
2012.11.15 08:30:00;USD;2;Empire State Manufacturing Index;-6.2;-7.2;-5.2;;;
2012.11.15 09:00:00;USD;2;FOMC Member Lacker Speaks;;;;;;
2012.11.15 10:00:00;USD;3;Philly Fed Manufacturing Index;5.7;1.1;-10.7;;;
2012.11.15 10:00:00;USD;2;Mortgage Delinquencies;7.58%;;7.40%;;;
2012.11.15 10:30:00;CAD;1;BOC Review;;;;;;
2012.11.15 10:30:00;USD;1;Natural Gas Storage;21B;-13B;-18B;;;
2012.11.15 11:00:00;USD;2;Crude Oil Inventories;1.8M;2.5M;1.1M;;;
2012.11.15 13:20:00;USD;3;Fed Chairman Bernanke Speaks;;;;;;
2012.11.15 18:30:00;USD;1;FOMC Member Dudley Speaks;;;;;;
2012.11.16 02:30:00;CHF;3;SNB Chairman Jordan Speaks;;;;;;
2012.11.16 04:00:00;EUR;2;Current Account;10.9B;9.2B;0.8B;;8.8B;
2012.11.16 04:00:00;EUR;1;Italian Trade Balance;-0.48B;-0.54B;0.41B;;-0.60B;
2012.11.16 05:00:00;EUR;1;Trade Balance;8.9B;10.6B;11.3B;;9.9B;
2012.11.16 05:30:00;EUR;2;German Buba President Weidmann Speaks;;;;;;
2012.11.16 08:30:00;CAD;2;Foreign Securities Purchases;7.56B;7.45B;13.92B;;6.90B;
2012.11.16 09:00:00;USD;2;TIC Long-Term Purchases;90.3B;75.0B;3.3B;;90.0B;
2012.11.16 09:15:00;USD;2;Capacity Utilization Rate;78.2%;78.4%;77.8%;;78.3%;
2012.11.16 09:15:00;USD;2;Industrial Production m/m;0.2%;0.2%;-0.4%;;0.4%;
2012.11.16 15:45:00;USD;2;FOMC Member Lockhart Speaks;;;;;;
2012.11.18 16:45:00;NZD;3;PPI Input q/q;0.6%;0.3%;-1.0%;;;
2012.11.18 16:45:00;NZD;1;PPI Output q/q;0.3%;0.2%;-0.9%;;;
2012.11.18 18:22:00;GBP;2;Rightmove HPI m/m;3.5%;;-2.6%;;;
2012.11.19 03:30:00;EUR;2;German Buba President Weidmann Speaks;;;;;;
2012.11.19 06:00:00;EUR;1;German Buba Monthly Report;;;;;;
2012.11.19 10:00:00;USD;3;Existing Home Sales;4.69M;4.76M;4.79M;;4.75M;
2012.11.19 10:00:00;USD;1;NAHB Housing Market Index;41;41;46;;;
2012.11.19 18:00:00;AUD;2;CB Leading Index m/m;-0.8%;;-0.3%;;;
2012.11.19 19:30:00;AUD;3;Monetary Policy Meeting Minutes;;;;;;
2012.11.19 21:00:00;CNY;1;Foreign Direct Investment ytd/y;-3.8%;;-3.5%;;;
2012.11.19 22:14:00;JPY;3;Monetary Policy Statement;;;;;;
2012.11.19 22:14:00;JPY;3;Overnight Call Rate;<0.10%;<0.10%;<0.10%;;;
2012.11.19 23:30:00;JPY;1;All Industries Activity m/m;0.0%;-0.4%;-0.3%;;0.1%;
2012.11.20 02:00:00;AUD;3;RBA Gov Stevens Speaks;;;;;;
2012.11.20 02:00:00;CHF;2;Trade Balance;1.93B;2.36B;2.82B;;2.01B;
2012.11.20 02:00:00;EUR;2;German PPI m/m;0.3%;0.1%;0.0%;;;
2012.11.20 02:29:00;JPY;3;BOJ Press Conference;;;;;;
2012.11.20 02:29:00;EUR;3;Eurogroup Meetings (All Day);;;;;;
2012.11.20 08:30:00;CAD;2;Wholesale Sales m/m;0.3%;0.5%;-1.4%;;0.5%;
2012.11.20 08:30:00;NZD;1;GDT Price Index;0.0%;;-0.8%;;;
2012.11.20 08:30:00;USD;3;Building Permits;0.89M;0.87M;0.87M;;;
2012.11.20 08:30:00;USD;2;Housing Starts;0.86M;0.84M;0.89M;;0.87M;
2012.11.20 09:00:00;USD;2;FOMC Member Lacker Speaks;;;;;;
2012.11.20 12:15:00;USD;3;Fed Chairman Bernanke Speaks;;;;;;
2012.11.20 18:30:00;AUD;2;MI Leading Index m/m;0.4%;;0.7%;;0.5%;
2012.11.20 18:50:00;JPY;2;Trade Balance;-0.96T;-0.46T;-0.62T;;-0.98T;
2012.11.20 21:00:00;CNY;1;CB Leading Index m/m;0.2%;;1.5%;;0.3%;
2012.11.20 21:00:00;NZD;1;Credit Card Spending y/y;1.5%;;-0.9%;;;
2012.11.21 00:00:00;JPY;1;BOJ Monthly Report;;;;;;
2012.11.21 04:30:00;GBP;3;MPC Asset Purchase Facility Votes;0-0-9;0-0-9;1-0-8;;;
2012.11.21 04:30:00;GBP;3;MPC Official Bank Rate Votes;0-0-9;0-0-9;0-0-9;;;
2012.11.21 04:30:00;GBP;3;Public Sector Net Borrowing;9.9B;4.1B;6.5B;;10.7B;
2012.11.21 05:35:00;EUR;2;German 10-y Bond Auction;1.56|1.5;;1.40|1.5;;;
2012.11.21 08:30:00;USD;3;Unemployment Claims;451K;415K;410K;;439K;
2012.11.21 09:00:00;USD;2;Flash Manufacturing PMI;51.0;51.2;52.4;;51.3;
2012.11.21 09:30:00;GBP;2;MPC Member Weale Speaks;;;;;;
2012.11.21 09:55:00;USD;2;Revised UoM Consumer Sentiment;84.9;84.3;82.7;;;
2012.11.21 09:55:00;USD;1;Revised UoM Inflation Expectations;3.0%;;3.1%;;;
2012.11.21 10:00:00;USD;1;CB Leading Index m/m;0.5%;0.2%;0.2%;;0.6%;
2012.11.21 10:30:00;USD;2;Crude Oil Inventories;1.1M;0.8M;-1.5M;;;
2012.11.21 11:35:00;CAD;2;Gov Council Member Lane Speaks;;;;;;
2012.11.21 12:00:00;CHF;2;Gov Board Member Zurbrugg Speaks;;;;;;
2012.11.21 12:00:00;USD;1;Natural Gas Storage;-18B;-27B;-38B;;;
2012.11.21 16:47:00;NZD;1;Visitor Arrivals m/m;-4.0%;;-1.7%;;-3.3%;
2012.11.21 20:45:00;CNY;3;Caixin Flash Manufacturing PMI;49.5;;50.4;;49.1;
2012.11.22 03:00:00;EUR;3;French Flash Manufacturing PMI;43.7;44.1;44.7;;43.5;
2012.11.22 03:00:00;EUR;2;French Flash Services PMI;44.6;45.3;46.1;;46.2;
2012.11.22 03:30:00;EUR;3;German Flash Manufacturing PMI;46.0;45.9;46.8;;45.7;
2012.11.22 03:30:00;EUR;2;German Flash Services PMI;48.4;48.5;48.0;;49.3;
2012.11.22 04:00:00;EUR;2;Flash Manufacturing PMI;45.4;45.6;46.2;;45.3;
2012.11.22 04:00:00;EUR;2;Flash Services PMI;46.0;46.1;45.7;;46.2;
2012.11.22 04:00:00;EUR;3;EU Economic Summit (Day 1);;;;;;
2012.11.22 04:46:00;EUR;2;Spanish 10-y Bond Auction;5.46|1.9;;5.52|1.8;;;
2012.11.22 06:00:00;GBP;2;CBI Industrial Order Expectations;-23;-19;-21;;;
2012.11.22 06:00:00;USD;0;Bank Holiday (All Day);;;;;;
2012.11.22 08:30:00;CAD;3;Core Retail Sales m/m;0.5%;0.5%;0.0%;;0.4%;
2012.11.22 08:30:00;CAD;2;Retail Sales m/m;0.3%;0.5%;0.1%;;;
2012.11.22 10:00:00;EUR;1;Consumer Confidence;-26;-26;-27;;;
2012.11.22 10:00:00;JPY;0;Bank Holiday (All Day);;;;;;
2012.11.23 02:00:00;EUR;1;German Final GDP q/q;0.2%;0.2%;0.2%;;;
2012.11.23 04:00:00;EUR;3;ECB President Draghi Speaks;;;;;;
2012.11.23 04:00:00;EUR;1;Italian Retail Sales m/m;0.0%;0.3%;0.1%;;;
2012.11.23 04:02:00;EUR;3;German ifo Business Climate;100.0;99.6;101.4;;;
2012.11.23 04:02:00;EUR;3;EU Economic Summit (Day 2);;;;;;
2012.11.23 04:30:00;GBP;2;High Street Lending;31.5K;32.3K;33.0K;;31.2K;
2012.11.23 08:30:00;CAD;3;Core CPI m/m;0.2%;0.2%;0.3%;;;
2012.11.23 08:30:00;CAD;2;CPI m/m;0.2%;0.2%;0.2%;;;
2012.11.23 09:00:00;EUR;1;Belgian NBB Business Climate;-13.5;-13.2;-13.4;;;
2012.11.24 00:00:00;EUR;2;Eurogroup Meetings (All Day);;;;;;
2012.11.25 18:50:00;JPY;2;Monetary Policy Meeting Minutes;;;;;;
2012.11.25 20:00:00;JPY;2;BOJ Gov Shirakawa Speaks;;;;;;
2012.11.26 03:15:00;CHF;2;Employment Level;4.07M;4.09M;4.12M;;;
2012.11.26 03:15:00;EUR;3;Eurogroup Meetings (All Day);;;;;;
2012.11.26 07:00:00;EUR;2;German GfK Consumer Climate;6.1;6.3;5.9;;6.3;
2012.11.26 16:45:00;NZD;1;Trade Balance;-775M;-490M;-718M;;-791M;
2012.11.26 18:50:00;JPY;1;SPPI y/y;-0.5%;-0.6%;-0.7%;;;
2012.11.26 21:00:00;NZD;2;Inflation Expectations q/q;2.32%;;2.27%;;;
2012.11.27 02:00:00;CHF;1;UBS Consumption Indicator;1.04;;1.31;;1.07;
2012.11.27 02:00:00;EUR;1;German Import Prices m/m;-0.7%;-0.5%;-0.6%;;;
2012.11.27 04:30:00;GBP;3;Second Estimate GDP q/q;1.0%;1.0%;1.0%;;;
2012.11.27 04:30:00;GBP;2;Prelim Business Investment q/q;0.9%;1.3%;3.7%;;-1.5%;
2012.11.27 04:30:00;GBP;1;Index of Services 3m/3m;0.3%;-1.0%;1.3%;;0.2%;
2012.11.27 05:00:00;GBP;3;Monetary Policy Report Hearings;;;;;;
2012.11.27 06:30:00;USD;2;FOMC Member Lockhart Speaks;;;;;;
2012.11.27 08:30:00;CAD;1;Corporate Profits q/q;-4.9%;;3.7%;;;
2012.11.27 08:30:00;USD;3;Core Durable Goods Orders m/m;1.7%;-0.6%;1.5%;;2.0%;
2012.11.27 08:30:00;USD;2;Durable Goods Orders m/m;9.2%;-0.6%;0.0%;;9.9%;
2012.11.27 08:30:00;USD;2;Fed Chairman Bernanke Speaks;;;;;;
2012.11.27 09:00:00;USD;2;SP/CS Composite-20 HPI y/y;2.0%;2.9%;3.0%;;;
2012.11.27 09:59:00;USD;1;Richmond Manufacturing Index;-7;-2;9;;;
2012.11.27 10:00:00;USD;3;CB Consumer Confidence;73.1;73.1;73.7;;72.2;
2012.11.27 10:00:00;USD;1;HPI m/m;0.5%;0.4%;0.2%;;0.7%;
2012.11.27 16:00:00;USD;2;Treasury Currency Report;;;;;;
2012.11.27 19:30:00;AUD;2;Construction Work Done q/q;0.9%;2.4%;1.7%;;-0.2%;
2012.11.28 00:00:00;EUR;2;German Prelim CPI m/m (All Day);0.0%;-0.1%;-0.1%;;;
2012.11.28 04:00:00;EUR;2;M3 Money Supply y/y;2.6%;2.8%;3.9%;;2.7%;
2012.11.28 04:00:00;EUR;1;Private Loans y/y;-0.9%;-0.8%;-0.7%;;-0.8%;
2012.11.28 10:00:00;USD;3;New Home Sales;369K;387K;368K;;389K;
2012.11.28 10:30:00;USD;2;Crude Oil Inventories;-1.5M;0.5M;-0.3M;;;
2012.11.28 11:30:00;USD;1;President Obama Speaks;;;;;;
2012.11.28 12:00:00;GBP;2;Net Lending to Individuals m/m;1.7B;0.9B;-0.3B;;;
2012.11.28 12:00:00;GBP;1;Mortgage Approvals;50K;52K;53K;;;
2012.11.28 12:15:00;CHF;3;SNB Chairman Jordan Speaks;;;;;;
2012.11.28 12:15:00;USD;1;FOMC Member Tarullo Speaks;;;;;;
2012.11.28 14:00:00;USD;2;Beige Book;;;;;;
2012.11.28 18:50:00;JPY;2;Retail Sales y/y;0.4%;-0.7%;-1.2%;;;
2012.11.28 19:00:00;AUD;2;HIA New Home Sales m/m;-3.7%;;3.4%;;;
2012.11.28 19:00:00;NZD;3;Final ANZ Business Confidence;17.2;;26.4;;;
2012.11.28 19:30:00;AUD;3;Private Capital Expenditure q/q;3.4%;2.1%;2.8%;;;
2012.11.29 01:45:00;CHF;2;GDP q/q;-0.1%;0.2%;0.6%;;;
2012.11.29 02:00:00;GBP;2;Nationwide HPI m/m;0.6%;0.2%;0.0%;;;
2012.11.29 03:55:00;EUR;2;German Unemployment Change;19K;15K;5K;;20K;
2012.11.29 04:10:00;EUR;1;Retail PMI;45.3;;45.8;;;
2012.11.29 04:30:00;GBP;1;FPC Statement;;;;;;
2012.11.29 04:30:00;GBP;1;M4 Money Supply m/m;0.2%;0.4%;0.2%;;;
2012.11.29 05:15:00;EUR;2;Italian 10-y Bond Auction;4.81|1.5;;4.45|1.2;;;
2012.11.29 05:30:00;GBP;3;BOE Gov King Speaks;;;;;;
2012.11.29 05:30:00;GBP;2;BOE Financial Stability Report;;;;;;
2012.11.29 06:00:00;GBP;2;CBI Realized Sales;30;19;33;;;
2012.11.29 08:30:00;CAD;2;Current Account;-18.4B;-18.0B;-18.9B;;-16.0B;
2012.11.29 08:30:00;CAD;2;RMPI m/m;1.3%;-0.4%;0.0%;;;
2012.11.29 08:30:00;CAD;1;IPPI m/m;0.5%;0.0%;-0.1%;;;
2012.11.29 08:30:00;USD;3;Prelim GDP q/q;2.0%;2.8%;2.7%;;;
2012.11.29 08:30:00;USD;3;Unemployment Claims;416K;392K;393K;;410K;
2012.11.29 08:30:00;USD;1;Prelim GDP Price Index q/q;2.8%;2.8%;2.7%;;;
2012.11.29 09:00:00;USD;1;FOMC Member Dudley Speaks;;;;;;
2012.11.29 10:00:00;USD;3;Pending Home Sales m/m;0.4%;0.9%;5.2%;;0.3%;
2012.11.29 10:30:00;USD;1;Natural Gas Storage;-38B;-5B;4B;;;
2012.11.29 11:20:00;EUR;2;German Buba President Weidmann Speaks;;;;;;
2012.11.29 16:45:00;NZD;1;Building Consents m/m;7.6%;;-1.5%;;7.8%;
2012.11.29 18:15:00;JPY;1;Final Manufacturing PMI;46.9;;46.5;;;
2012.11.29 18:30:00;JPY;2;Household Spending y/y;-0.9%;-0.8%;-0.1%;;;
2012.11.29 18:30:00;JPY;2;Tokyo Core CPI y/y;-0.4%;-0.4%;-0.5%;;;
2012.11.29 18:30:00;JPY;1;National Core CPI y/y;-0.1%;-0.1%;0.0%;;;
2012.11.29 18:30:00;JPY;1;Unemployment Rate;4.2%;4.2%;4.2%;;;
2012.11.29 18:50:00;JPY;2;Prelim Industrial Production m/m;-4.1%;-1.8%;1.8%;;;
2012.11.29 19:01:00;GBP;1;GfK Consumer Confidence;-30;-30;-22;;;
2012.11.29 19:30:00;AUD;2;Private Sector Credit m/m;0.3%;0.3%;0.1%;;;
2012.11.30 00:00:00;JPY;1;Housing Starts y/y;15.5%;10.3%;25.2%;;;
2012.11.30 02:00:00;EUR;2;German Retail Sales m/m;0.5%;-0.3%;-2.8%;;1.5%;
2012.11.30 02:45:00;EUR;2;French Consumer Spending m/m;0.0%;-0.1%;-0.2%;;0.1%;
2012.11.30 03:00:00;CHF;2;KOF Economic Barometer;1.64;1.61;1.50;;1.67;
2012.11.30 03:00:00;EUR;3;ECB President Draghi Speaks;;;;;;
2012.11.30 03:00:00;EUR;1;Spanish Flash CPI y/y;3.5%;3.2%;2.9%;;;
2012.11.30 04:00:00;EUR;1;Italian Monthly Unemployment Rate;10.8%;10.9%;11.1%;;;
2012.11.30 04:00:00;EUR;1;Italian Quarterly Unemployment Rate;10.5%;10.6%;10.6%;;10.6%;
2012.11.30 05:00:00;EUR;2;CPI Flash Estimate y/y;2.5%;2.4%;2.2%;;;
2012.11.30 05:00:00;EUR;2;Unemployment Rate;11.6%;11.7%;11.7%;;;
2012.11.30 05:00:00;EUR;1;Italian Prelim CPI m/m;0.0%;0.0%;-0.2%;;;
2012.11.30 08:30:00;CAD;3;GDP m/m;-0.1%;0.1%;0.0%;;;
2012.11.30 08:30:00;USD;2;Core PCE Price Index m/m;0.1%;0.2%;0.1%;;;
2012.11.30 08:30:00;USD;2;Personal Spending m/m;0.8%;0.1%;-0.2%;;;
2012.11.30 08:30:00;USD;1;Personal Income m/m;0.4%;0.2%;0.0%;;;
2012.11.30 09:45:00;USD;2;Chicago PMI;49.9;50.7;50.4;;;
2012.11.30 17:00:00;USD;2;FOMC Member Stein Speaks;;;;;;
2012.11.30 19:59:00;CNY;3;Manufacturing PMI;50.2;50.8;50.6;;;
