2012.07.01 19:19:00;AUD;1;AIG Manufacturing Index;42.4;;47.2;;;
2012.07.01 19:50:00;JPY;2;Tankan Manufacturing Index;-4;-4;-1;;;
2012.07.01 19:50:00;JPY;2;Tankan Non-Manufacturing Index;5;6;8;;;
2012.07.01 20:30:00;AUD;1;MI Inflation Gauge m/m;0.0%;;-0.2%;;;
2012.07.01 22:30:00;CNY;2;Caixin Manufacturing PMI;48.1;;48.2;;;
2012.07.02 02:30:00;AUD;1;Commodity Prices y/y;-10.2%;;-10.5%;;-9.9%;
2012.07.02 03:15:00;CHF;3;Retail Sales y/y;0.2%;2.1%;6.2%;;0.1%;
2012.07.02 03:15:00;EUR;2;Spanish Manufacturing PMI;42.0;;41.1;;;
2012.07.02 03:30:00;CHF;2;Manufacturing PMI;45.4;44.8;48.1;;;
2012.07.02 03:45:00;EUR;2;Italian Manufacturing PMI;44.8;44.6;44.6;;;
2012.07.02 03:50:00;EUR;1;French Final Manufacturing PMI;45.3;45.3;45.2;;;
2012.07.02 03:55:00;EUR;1;German Final Manufacturing PMI;44.7;44.7;45.0;;;
2012.07.02 04:00:00;EUR;1;Final Manufacturing PMI;44.8;44.8;45.1;;;
2012.07.02 04:00:00;EUR;1;Italian Monthly Unemployment Rate;10.2%;10.4%;10.1%;;;
2012.07.02 04:30:00;GBP;3;Final Manufacturing PMI;45.9;46.6;48.6;;;
2012.07.02 05:00:00;EUR;2;Unemployment Rate;11.0%;11.1%;11.1%;;;
2012.07.02 05:00:00;CAD;0;Bank Holiday (All Day);;;;;;
2012.07.02 09:00:00;USD;1;Final Manufacturing PMI;52.9;53.0;52.5;;;
2012.07.02 10:00:00;USD;3;ISM Manufacturing PMI;53.5;52.1;49.7;;;
2012.07.02 10:00:00;USD;1;Construction Spending m/m;0.6%;0.3%;0.9%;;0.3%;
2012.07.02 10:00:00;USD;1;ISM Manufacturing Prices;47.5;45.8;37.0;;;
2012.07.02 13:15:00;USD;2;FOMC Member Williams Speaks;;;;;;
2012.07.02 19:50:00;JPY;1;Monetary Base y/y;2.4%;3.6%;5.9%;;;
2012.07.02 21:00:00;CNY;1;Non-Manufacturing PMI;55.2;;56.7;;;
2012.07.02 21:00:00;NZD;1;ANZ Commodity Prices m/m;-4.2%;;-2.4%;;;
2012.07.02 21:30:00;AUD;3;Building Approvals m/m;-7.6%;5.1%;27.3%;;-8.7%;
2012.07.02 21:30:00;JPY;2;Average Cash Earnings y/y;0.2%;0.6%;-0.8%;;0.8%;
2012.07.02 23:45:00;JPY;1;10-y Bond Auction;0.86|3.0;;0.84|3.1;;;
2012.07.03 00:30:00;AUD;3;Cash Rate;3.50%;3.50%;3.50%;;;
2012.07.03 00:30:00;AUD;3;RBA Rate Statement;;;;;;
2012.07.03 03:00:00;EUR;2;Spanish Unemployment Change;-30.1K;;-98.9K;;;
2012.07.03 04:30:00;GBP;3;Construction PMI;54.4;53.1;48.2;;;
2012.07.03 04:30:00;GBP;2;Net Lending to Individuals m/m;1.4B;1.1B;1.3B;;;
2012.07.03 04:30:00;GBP;1;M4 Money Supply m/m;0.9%;1.4%;-0.1%;;1.1%;
2012.07.03 04:30:00;GBP;1;Mortgage Approvals;52K;51K;51K;;;
2012.07.03 05:00:00;EUR;1;PPI m/m;0.1%;-0.2%;-0.5%;;0.0%;
2012.07.03 09:30:00;CAD;1;Manufacturing PMI;54.7;;54.8;;;
2012.07.03 10:00:00;USD;2;Factory Orders m/m;-0.7%;0.1%;0.7%;;-0.6%;
2012.07.03 10:30:00;NZD;1;GDT Price Index;-0.1%;;-6.0%;;;
2012.07.03 10:30:00;USD;1;Total Vehicle Sales (All Day);13.8M;14.0M;14.1M;;;
2012.07.03 19:01:00;GBP;1;BRC Shop Price Index y/y;1.5%;;1.1%;;;
2012.07.03 19:25:00;AUD;2;AIG Services Index;43.5;;48.8;;;
2012.07.03 21:30:00;AUD;3;Retail Sales m/m;0.1%;0.3%;0.5%;;-0.2%;
2012.07.03 22:30:00;CNY;1;Caixin Services PMI;54.7;;52.3;;;
2012.07.04 03:15:00;EUR;1;Spanish Services PMI;41.8;;43.4;;;
2012.07.04 03:45:00;EUR;1;Italian Services PMI;42.8;42.6;43.1;;;
2012.07.04 03:50:00;EUR;1;French Final Services PMI;47.3;47.3;47.9;;;
2012.07.04 03:55:00;EUR;1;German Final Services PMI;50.3;50.3;49.9;;;
2012.07.04 04:00:00;EUR;2;Final Services PMI;46.8;46.8;47.1;;;
2012.07.04 04:30:00;GBP;3;Final Services PMI;53.3;52.9;51.3;;;
2012.07.04 04:30:00;GBP;1;Housing Equity Withdrawal q/q;-8.6B;-7.9B;-8.8B;;-8.5B;
2012.07.04 05:00:00;EUR;2;Retail Sales m/m;-1.4%;0.2%;0.6%;;-1.0%;
2012.07.04 05:07:00;EUR;1;Final GDP q/q;0.0%;0.0%;0.0%;;;
2012.07.04 05:07:00;USD;0;Bank Holiday (All Day);;;;;;
2012.07.04 21:30:00;AUD;3;Trade Balance;-0.03B;-0.51B;-0.29B;;-0.20B;
2012.07.05 03:00:00;GBP;2;Halifax HPI m/m;0.4%;-0.3%;1.0%;;0.5%;
2012.07.05 04:43:00;EUR;3;Spanish 10-y Bond Auction;6.04|3.3;;6.43|3.2;;;
2012.07.05 05:02:00;EUR;2;French 10-y Bond Auction;2.46|2.0;;2.53|1.9;;;
2012.07.05 06:00:00;EUR;2;German Factory Orders m/m;-1.4%;0.1%;0.6%;;-1.9%;
2012.07.05 07:00:00;GBP;3;Asset Purchase Facility;325B;375B;375B;;;
2012.07.05 07:00:00;GBP;3;MPC Rate Statement;;;;;;
2012.07.05 07:00:00;GBP;3;Official Bank Rate;0.50%;0.50%;0.50%;;;
2012.07.05 07:30:00;USD;1;Challenger Job Cuts y/y;66.7%;;-9.4%;;;
2012.07.05 07:45:00;EUR;3;Main Refinancing Rate;1.00%;0.75%;0.75%;;;
2012.07.05 08:15:00;USD;3;ADP Non-Farm Employment Change;136K;103K;176K;;133K;
2012.07.05 08:30:00;EUR;3;ECB Press Conference;;;;;;
2012.07.05 08:30:00;USD;3;Unemployment Claims;388K;385K;374K;;386K;
2012.07.05 10:00:00;USD;3;ISM Services PMI;53.7;53.1;52.1;;;
2012.07.05 11:00:00;USD;2;Crude Oil Inventories;-0.1M;-1.6M;-4.3M;;;
2012.07.05 19:20:00;AUD;1;AIG Construction Index;34.7;;34.8;;;
2012.07.06 01:00:00;JPY;1;Leading Indicators;95.6%;95.3%;95.9%;;95.1%;
2012.07.06 02:45:00;EUR;1;French Gov Budget Balance;-59.9B;;-69.6B;;;
2012.07.06 02:45:00;EUR;1;French Trade Balance;-5.8B;-5.4B;-5.3B;;;
2012.07.06 03:00:00;CHF;3;Foreign Currency Reserves;309B;;365B;;304B;
2012.07.06 03:15:00;CHF;3;CPI m/m;0.0%;-0.3%;-0.3%;;;
2012.07.06 04:30:00;GBP;3;PPI Input m/m;-2.6%;-2.1%;-2.2%;;-2.5%;
2012.07.06 04:30:00;GBP;1;FPC Meeting Minutes;;;;;;
2012.07.06 04:30:00;GBP;1;PPI Output m/m;-0.2%;-0.2%;-0.4%;;;
2012.07.06 06:00:00;EUR;2;German Industrial Production m/m;-2.1%;0.2%;1.6%;;-2.2%;
2012.07.06 08:30:00;CAD;3;Building Permits m/m;-4.4%;0.7%;7.4%;;-5.2%;
2012.07.06 08:30:00;CAD;3;Employment Change;7.7K;5.1K;7.3K;;;
2012.07.06 08:30:00;CAD;3;Unemployment Rate;7.3%;7.3%;7.2%;;;
2012.07.06 08:30:00;USD;3;Non-Farm Employment Change;77K;97K;80K;;69K;
2012.07.06 08:30:00;USD;3;Unemployment Rate;8.2%;8.2%;8.2%;;;
2012.07.06 08:30:00;USD;2;Average Hourly Earnings m/m;0.2%;0.2%;0.3%;;0.1%;
2012.07.06 10:00:00;CAD;3;Ivey PMI;60.5;55.4;49.0;;;
2012.07.06 10:30:00;USD;1;Natural Gas Storage;57B;44B;39B;;;
2012.07.08 19:50:00;JPY;3;Current Account;0.29T;0.42T;0.28T;;;
2012.07.08 19:50:00;JPY;2;Core Machinery Orders m/m;5.7%;-2.4%;-14.8%;;;
2012.07.08 19:50:00;JPY;1;Bank Lending y/y;0.2%;;0.7%;;0.3%;
2012.07.08 21:30:00;AUD;2;ANZ Job Advertisements m/m;-2.6%;;-1.2%;;-2.4%;
2012.07.08 21:30:00;CNY;3;CPI y/y;3.0%;2.4%;2.2%;;;
2012.07.08 21:30:00;CNY;2;PPI y/y;-1.4%;-2.0%;-2.1%;;;
2012.07.09 01:00:00;JPY;1;Economy Watchers Sentiment;47.2;47.6;43.8;;;
2012.07.09 01:45:00;CHF;1;Unemployment Rate;2.9%;3.2%;2.9%;;3.2%;
2012.07.09 02:00:00;EUR;1;German Trade Balance;16.2B;15.7B;15.0B;;16.1B;
2012.07.09 02:00:00;EUR;3;Eurogroup Meetings (All Day);;;;;;
2012.07.09 04:30:00;EUR;2;Sentix Investor Confidence;-28.9;-26.3;-29.6;;;
2012.07.09 08:30:00;EUR;3;ECB President Draghi Speaks;;;;;;
2012.07.09 10:30:00;CAD;3;BOC Business Outlook Survey;;;;;;
2012.07.09 11:30:00;GBP;3;MPC Member Tucker Speaks;;;;;;
2012.07.09 11:55:00;USD;2;FOMC Member Williams Speaks;;;;;;
2012.07.09 14:00:00;NZD;2;REINZ HPI m/m;1.7%;;0.3%;;;
2012.07.09 15:00:00;USD;1;Consumer Credit m/m;10.0B;8.7B;17.1B;;6.5B;
2012.07.09 18:00:00;NZD;3;NZIER Business Confidence;13;;-4;;;
2012.07.09 19:01:00;GBP;2;BRC Retail Sales Monitor y/y;1.3%;;1.4%;;;
2012.07.09 19:01:00;GBP;2;RICS House Price Balance;-17%;-15%;-22%;;-16%;
2012.07.09 19:50:00;JPY;1;M2 Money Stock y/y;2.2%;2.2%;2.2%;;2.1%;
2012.07.09 21:30:00;AUD;2;NAB Business Confidence;-2;;-3;;;
2012.07.09 22:00:00;CNY;3;USD-Denominated Trade Balance;18.7B;22.6B;31.7B;;;
2012.07.09 23:45:00;JPY;1;30-y Bond Auction;1.86|3.2;;1.85|4.1;;;
2012.07.10 01:00:00;JPY;1;Consumer Confidence;40.7;40.9;40.4;;;
2012.07.10 02:45:00;EUR;2;French Industrial Production m/m;1.4%;-0.9%;-1.9%;;1.5%;
2012.07.10 04:00:00;EUR;2;Italian Industrial Production m/m;-2.0%;-0.3%;0.8%;;-1.9%;
2012.07.10 04:00:00;EUR;2;ECOFIN Meetings (All Day);;;;;;
2012.07.10 04:30:00;GBP;3;Manufacturing Production m/m;-0.8%;0.1%;1.2%;;-0.7%;
2012.07.10 04:30:00;GBP;2;Goods Trade Balance;-9.7B;-9.0B;-8.4B;;-10.1B;
2012.07.10 04:30:00;GBP;1;Industrial Production m/m;-0.4%;-0.1%;1.0%;;0.0%;
2012.07.10 07:30:00;USD;1;NFIB Small Business Index;94.4;93.3;91.4;;;
2012.07.10 08:13:00;CAD;2;Housing Starts;217K;203K;223K;;211K;
2012.07.10 10:00:00;GBP;2;NIESR GDP Estimate;0.1%;;-0.2%;;;
2012.07.10 10:00:00;USD;1;IBD/TIPP Economic Optimism;46.7;46.9;47.0;;;
2012.07.10 10:00:00;USD;1;JOLTS Job Openings;3.45M;3.59M;3.64M;;3.42M;
2012.07.10 19:00:00;AUD;2;RBA Deputy Gov Lowe Speaks;;;;;;
2012.07.10 19:50:00;JPY;2;Tertiary Industry Activity m/m;-0.2%;0.2%;0.7%;;-0.3%;
2012.07.10 19:50:00;JPY;1;PPI y/y;-0.7%;-0.9%;-1.3%;;-0.5%;
2012.07.10 20:30:00;AUD;2;Westpac Consumer Sentiment;0.3%;;3.7%;;;
2012.07.10 21:30:00;AUD;2;Home Loans m/m;0.5%;0.8%;-1.2%;;0.2%;
2012.07.11 02:00:00;EUR;1;German Final CPI m/m;-0.1%;-0.1%;-0.1%;;;
2012.07.11 02:00:00;JPY;1;Prelim Machine Tool Orders y/y;-3.0%;;-15.5%;;-2.9%;
2012.07.11 05:36:00;EUR;2;German 10-y Bond Auction;1.52|1.4;;1.31|1.5;;;
2012.07.11 08:30:00;CAD;3;Trade Balance;-0.6B;-0.5B;-0.8B;;-0.4B;
2012.07.11 08:30:00;USD;3;Trade Balance;-50.6B;-48.5B;-48.7B;;-50.1B;
2012.07.11 10:00:00;USD;1;Final Wholesale Inventories m/m;0.5%;0.4%;0.3%;;0.6%;
2012.07.11 10:30:00;USD;2;Crude Oil Inventories;-4.3M;-1.3M;-4.7M;;;
2012.07.11 13:00:00;USD;2;10-y Bond Auction;1.62|3.1;;1.46|3.6;;;
2012.07.11 14:00:00;USD;3;FOMC Meeting Minutes;;;;;;
2012.07.11 18:28:00;NZD;1;BusinessNZ Manufacturing Index;55.8;;50.2;;55.7;
2012.07.11 18:45:00;NZD;1;FPI m/m;0.3%;;1.4%;;;
2012.07.11 20:00:00;AUD;2;RBA Deputy Gov Lowe Speaks;;;;;;
2012.07.11 21:00:00;AUD;2;MI Inflation Expectations;2.3%;;3.3%;;;
2012.07.11 21:30:00;AUD;3;Employment Change;27.8K;0.2K;-27.0K;;38.9K;
2012.07.11 21:30:00;AUD;3;Unemployment Rate;5.1%;5.2%;5.2%;;;
2012.07.11 23:51:00;JPY;3;Monetary Policy Statement;;;;;;
2012.07.11 23:51:00;JPY;3;Overnight Call Rate;<0.10%;<0.10%;<0.10%;;;
2012.07.12 01:30:00;EUR;1;French Final CPI m/m;-0.1%;-0.1%;0.0%;;;
2012.07.12 02:00:00;EUR;1;German WPI m/m;-0.7%;-0.5%;-1.1%;;;
2012.07.12 03:31:00;JPY;3;BOJ Press Conference;;;;;;
2012.07.12 04:00:00;CNY;2;New Loans;793B;887B;920B;;;
2012.07.12 04:00:00;CNY;1;M2 Money Supply y/y;13.2%;13.5%;13.6%;;;
2012.07.12 04:00:00;EUR;2;ECB Monthly Bulletin;;;;;;
2012.07.12 05:00:00;EUR;2;Industrial Production m/m;-1.1%;0.0%;0.6%;;-0.8%;
2012.07.12 05:35:00;GBP;2;10-y Bond Auction;1.92|1.6;;1.72|2.2;;;
2012.07.12 08:00:00;EUR;2;ECB President Draghi Speaks;;;;;;
2012.07.12 08:30:00;CAD;2;NHPI m/m;0.2%;0.2%;0.3%;;;
2012.07.12 08:30:00;USD;3;Unemployment Claims;376K;376K;350K;;374K;
2012.07.12 08:30:00;USD;2;Import Prices m/m;-1.2%;-1.5%;-2.7%;;-1.0%;
2012.07.12 10:30:00;USD;1;Natural Gas Storage;39B;27B;33B;;;
2012.07.12 13:00:00;USD;1;30-y Bond Auction;2.72|2.4;;2.58|2.7;;;
2012.07.12 13:54:00;USD;2;Federal Budget Balance;-124.6B;-91.7B;-59.7B;;;
2012.07.12 15:40:00;USD;2;FOMC Member Williams Speaks;;;;;;
2012.07.12 22:00:00;CNY;3;GDP q/y;8.1%;7.7%;7.6%;;;
2012.07.12 22:00:00;CNY;2;Fixed Asset Investment ytd/y;20.1%;20.0%;20.4%;;;
2012.07.12 22:00:00;CNY;2;Industrial Production y/y;9.6%;9.8%;9.5%;;;
2012.07.12 22:00:00;CNY;2;NBS Press Conference;;;;;;
2012.07.12 22:00:00;CNY;1;Retail Sales y/y;13.8%;13.6%;13.7%;;;
2012.07.13 00:30:00;JPY;1;Revised Industrial Production m/m;-3.1%;-3.1%;-3.4%;;;
2012.07.13 01:00:00;JPY;1;BOJ Monthly Report;;;;;;
2012.07.13 03:15:00;CHF;2;PPI m/m;-0.2%;-0.2%;-0.3%;;;
2012.07.13 05:00:00;GBP;1;CB Leading Index m/m;0.2%;;-0.8%;;;
2012.07.13 05:29:00;EUR;3;Italian 10-y Bond Auction;6.19|1.3;;5.82|1.7;;;
2012.07.13 08:30:00;USD;3;PPI m/m;-1.0%;-0.5%;0.1%;;;
2012.07.13 08:30:00;USD;2;Core PPI m/m;0.2%;0.3%;0.2%;;;
2012.07.13 09:55:00;USD;3;Prelim UoM Consumer Sentiment;73.2;73.5;72.0;;74.1;
2012.07.13 09:55:00;USD;1;Prelim UoM Inflation Expectations;3.1%;;2.8%;;3.0%;
2012.07.13 13:20:00;USD;2;FOMC Member Lockhart Speaks;;;;;;
2012.07.15 19:01:00;GBP;2;Rightmove HPI m/m;1.0%;;-1.7%;;;
2012.07.15 19:01:00;JPY;0;Bank Holiday (All Day);;;;;;
2012.07.16 04:00:00;EUR;1;Italian Trade Balance;-0.20B;-0.97B;1.01B;;;
2012.07.16 05:00:00;EUR;2;Final CPI y/y;2.4%;2.4%;2.4%;;;
2012.07.16 05:00:00;EUR;2;Final Core CPI y/y;1.6%;1.6%;1.6%;;;
2012.07.16 05:00:00;EUR;1;Trade Balance;4.5B;4.8B;6.3B;;6.2B;
2012.07.16 08:30:00;CAD;2;Foreign Securities Purchases;10.16B;13.51B;26.11B;;10.20B;
2012.07.16 08:30:00;USD;3;Core Retail Sales m/m;-0.4%;0.1%;-0.4%;;;
2012.07.16 08:30:00;USD;3;Retail Sales m/m;-0.2%;0.1%;-0.5%;;;
2012.07.16 08:30:00;USD;2;Empire State Manufacturing Index;2.3;3.9;7.4;;;
2012.07.16 10:00:00;USD;2;Business Inventories m/m;0.3%;0.2%;0.3%;;0.4%;
2012.07.16 18:45:00;NZD;3;CPI q/q;0.5%;0.5%;0.3%;;;
2012.07.16 21:30:00;AUD;3;Monetary Policy Meeting Minutes;;;;;;
2012.07.16 21:30:00;AUD;2;New Motor Vehicle Sales m/m;2.3%;;-0.6%;;2.4%;
2012.07.16 21:56:00;CNY;1;Foreign Direct Investment ytd/y;-1.9%;;-3.0%;;;
2012.07.17 04:30:00;GBP;3;CPI y/y;2.8%;2.8%;2.4%;;;
2012.07.17 04:30:00;GBP;2;RPI y/y;3.1%;3.0%;2.8%;;;
2012.07.17 04:30:00;GBP;1;Core CPI y/y;2.2%;2.3%;2.1%;;;
2012.07.17 04:30:00;GBP;1;ONS HPI y/y;1.4%;1.3%;2.3%;;;
2012.07.17 05:00:00;EUR;3;German ZEW Economic Sentiment;-16.9;-17.3;-19.6;;;
2012.07.17 05:00:00;EUR;2;ZEW Economic Sentiment;-20.1;-18.3;-22.3;;;
2012.07.17 05:00:00;GBP;3;BOE Gov King Speaks;;;;;;
2012.07.17 08:30:00;CAD;2;Manufacturing Sales m/m;-1.1%;0.7%;-0.4%;;-0.8%;
2012.07.17 08:30:00;USD;3;Core CPI m/m;0.2%;0.2%;0.2%;;;
2012.07.17 08:30:00;USD;2;CPI m/m;-0.3%;0.0%;0.0%;;;
2012.07.17 08:55:00;USD;2;TIC Long-Term Purchases;27.2B;45.7B;55.0B;;25.6B;
2012.07.17 09:00:00;CAD;3;BOC Rate Statement;;;;;;
2012.07.17 09:00:00;CAD;3;Overnight Rate;1.00%;1.00%;1.00%;;;
2012.07.17 09:15:00;USD;2;Capacity Utilization Rate;78.7%;79.2%;78.9%;;79.0%;
2012.07.17 09:15:00;USD;2;Industrial Production m/m;-0.2%;0.4%;0.4%;;-0.1%;
2012.07.17 10:00:00;USD;3;Fed Chairman Bernanke Testifies;;;;;;
2012.07.17 10:00:00;USD;1;Fed Monetary Policy Report;;;;;;
2012.07.17 10:00:00;USD;1;NAHB Housing Market Index;29;30;35;;;
2012.07.17 10:30:00;NZD;1;GDT Price Index;-6.0%;;-1.2%;;;
2012.07.17 13:15:00;USD;2;FOMC Member Pianalto Speaks;;;;;;
2012.07.17 19:50:00;JPY;2;Monetary Policy Meeting Minutes;;;;;;
2012.07.17 20:30:00;AUD;2;MI Leading Index m/m;0.5%;;0.8%;;;
2012.07.18 04:30:00;GBP;3;Claimant Count Change;6.9K;6.2K;6.1K;;8.1K;
2012.07.18 04:30:00;GBP;3;MPC Asset Purchase Facility Votes;4-0-5;9-0-0;7-0-2;;;
2012.07.18 04:30:00;GBP;3;MPC Official Bank Rate Votes;0-0-9;0-0-9;0-0-9;;;
2012.07.18 04:30:00;GBP;2;Unemployment Rate;8.2%;8.2%;8.1%;;;
2012.07.18 04:30:00;GBP;1;Average Earnings Index 3m/y;1.4%;1.4%;1.5%;;;
2012.07.18 05:00:00;CHF;2;Credit Suisse Economic Expectations;-43.4;;-42.5;;;
2012.07.18 08:30:00;USD;3;Building Permits;0.78M;0.77M;0.76M;;;
2012.07.18 08:30:00;USD;2;Housing Starts;0.71M;0.74M;0.76M;;;
2012.07.18 10:00:00;USD;3;Fed Chairman Bernanke Testifies;;;;;;
2012.07.18 10:30:00;CAD;3;BOC Monetary Policy Report;;;;;;
2012.07.18 10:30:00;USD;2;Crude Oil Inventories;-4.7M;0.5M;-0.8M;;;
2012.07.18 11:15:00;CAD;3;BOC Press Conference;;;;;;
2012.07.18 14:00:00;USD;2;Beige Book;;;;;;
2012.07.18 21:30:00;AUD;2;NAB Quarterly Business Confidence;-1;;-2;;;
2012.07.19 00:30:00;JPY;1;All Industries Activity m/m;0.1%;-0.2%;-0.3%;;;
2012.07.19 02:00:00;CHF;2;Trade Balance;2.52B;2.21B;2.25B;;2.48B;
2012.07.19 04:00:00;EUR;2;Current Account;5.5B;5.3B;10.9B;;4.6B;
2012.07.19 04:30:00;GBP;3;Retail Sales m/m;1.5%;0.6%;0.1%;;1.4%;
2012.07.19 08:30:00;CAD;2;Wholesale Sales m/m;1.2%;0.2%;0.9%;;1.5%;
2012.07.19 08:30:00;USD;3;Unemployment Claims;352K;367K;386K;;350K;
2012.07.19 10:00:00;USD;3;Existing Home Sales;4.62M;4.64M;4.37M;;4.55M;
2012.07.19 10:00:00;USD;3;Philly Fed Manufacturing Index;-16.6;-7.9;-12.9;;;
2012.07.19 10:00:00;USD;1;CB Leading Index m/m;0.4%;-0.1%;-0.3%;;0.3%;
2012.07.19 10:30:00;USD;1;Natural Gas Storage;33B;34B;28B;;;
2012.07.19 18:45:00;NZD;1;Visitor Arrivals m/m;-0.8%;;2.8%;;-1.0%;
2012.07.19 19:15:00;AUD;2;RBA Assist Gov Kent Speaks;;;;;;
2012.07.19 21:30:00;AUD;2;Import Prices q/q;-1.2%;1.6%;2.4%;;;
2012.07.19 23:00:00;NZD;1;Credit Card Spending y/y;3.9%;;4.6%;;;
2012.07.20 02:00:00;EUR;2;German PPI m/m;-0.3%;-0.2%;-0.4%;;;
2012.07.20 04:30:00;GBP;3;Public Sector Net Borrowing;16.1B;11.8B;12.1B;;15.6B;
2012.07.20 04:30:00;EUR;3;Eurogroup Meetings (All Day);;;;;;
2012.07.20 08:30:00;CAD;3;Core CPI m/m;0.2%;-0.1%;-0.4%;;;
2012.07.20 08:30:00;CAD;2;CPI m/m;-0.1%;-0.2%;-0.4%;;;
2012.07.22 21:30:00;AUD;3;PPI q/q;-0.3%;0.3%;0.5%;;;
2012.07.23 06:00:00;EUR;1;German Buba Monthly Report;;;;;;
2012.07.23 10:00:00;EUR;1;Consumer Confidence;-20;-20;-22;;;
2012.07.23 19:00:00;USD;2;FOMC Member Raskin Speaks;;;;;;
2012.07.23 22:00:00;CNY;1;CB Leading Index m/m;1.1%;;0.1%;;;
2012.07.23 22:30:00;CNY;3;Caixin Flash Manufacturing PMI;48.2;;49.5;;48.1;
2012.07.23 23:05:00;AUD;3;RBA Gov Stevens Speaks;;;;;;
2012.07.24 03:00:00;EUR;2;French Flash Manufacturing PMI;45.2;45.6;43.6;;45.3;
2012.07.24 03:00:00;EUR;2;French Flash Services PMI;47.9;47.7;50.2;;47.3;
2012.07.24 03:30:00;EUR;3;German Flash Manufacturing PMI;45.0;45.3;43.3;;44.7;
2012.07.24 03:30:00;EUR;2;German Flash Services PMI;49.9;50.1;49.7;;50.3;
2012.07.24 04:00:00;EUR;2;Flash Manufacturing PMI;45.1;45.3;44.1;;44.8;
2012.07.24 04:00:00;EUR;2;Flash Services PMI;47.1;47.3;47.6;;46.8;
2012.07.24 04:30:00;GBP;2;High Street Lending;29.6K;31.4K;26.3K;;30.2K;
2012.07.24 08:30:00;CAD;3;Core Retail Sales m/m;-0.4%;0.1%;0.5%;;-0.3%;
2012.07.24 08:30:00;CAD;2;Retail Sales m/m;-0.6%;0.4%;0.3%;;-0.5%;
2012.07.24 08:45:00;USD;2;Fed Chairman Bernanke Speaks;;;;;;
2012.07.24 09:00:00;USD;2;Flash Manufacturing PMI;52.5;52.1;51.8;;52.9;
2012.07.24 09:59:00;USD;1;Richmond Manufacturing Index;-3;0;-17;;;
2012.07.24 10:00:00;USD;1;HPI m/m;0.7%;0.5%;0.8%;;0.8%;
2012.07.24 18:45:00;NZD;2;Trade Balance;232M;77M;331M;;301M;
2012.07.24 19:50:00;JPY;2;Trade Balance;-0.62T;-0.39T;-0.30T;;-0.66T;
2012.07.24 20:00:00;AUD;2;CB Leading Index m/m;-1.3%;;0.4%;;-1.4%;
2012.07.24 21:30:00;AUD;3;CPI q/q;0.1%;0.6%;0.5%;;;
2012.07.24 21:30:00;AUD;2;Trimmed Mean CPI q/q;0.4%;0.6%;0.5%;;0.3%;
2012.07.25 04:00:00;EUR;3;German ifo Business Climate;105.2;104.8;103.3;;105.3;
2012.07.25 04:30:00;GBP;3;Prelim GDP q/q;-0.3%;-0.2%;-0.7%;;-0.2%;
2012.07.25 04:30:00;GBP;1;Index of Services 3m/3m;-0.1%;0.3%;0.5%;;0.0%;
2012.07.25 05:35:00;EUR;1;German 30-y Bond Auction;2.41|1.1;;2.17|1.5;;;
2012.07.25 06:00:00;GBP;2;CBI Industrial Order Expectations;-11;-11;-6;;;
2012.07.25 09:00:00;EUR;2;Belgian NBB Business Climate;-13.2;-13.5;-11.3;;;
2012.07.25 10:00:00;USD;3;New Home Sales;382K;372K;350K;;369K;
2012.07.25 10:00:00;USD;2;Treasury Sec Geithner Speaks;;;;;;
2012.07.25 10:30:00;USD;2;Crude Oil Inventories;-0.8M;-0.1M;2.7M;;;
2012.07.25 17:00:00;NZD;3;Official Cash Rate;2.50%;2.50%;2.50%;;;
2012.07.25 17:00:00;NZD;3;RBNZ Rate Statement;;;;;;
2012.07.25 19:50:00;JPY;1;SPPI y/y;0.1%;0.0%;-0.3%;;;
2012.07.25 20:10:00;JPY;2;BOJ Gov Shirakawa Speaks;;;;;;
2012.07.26 02:00:00;EUR;2;German GfK Consumer Climate;5.8;5.9;5.9;;;
2012.07.26 02:00:00;EUR;1;German Import Prices m/m;-0.7%;-0.6%;-1.5%;;;
2012.07.26 04:00:00;EUR;2;M3 Money Supply y/y;3.1%;2.9%;3.2%;;2.9%;
2012.07.26 04:00:00;EUR;1;Private Loans y/y;-0.1%;-0.2%;-0.2%;;;
2012.07.26 04:00:00;EUR;1;Italian Retail Sales m/m;-1.7%;-0.1%;-0.2%;;-1.6%;
2012.07.26 05:30:00;EUR;3;ECB President Draghi Speaks;;;;;;
2012.07.26 08:30:00;USD;3;Core Durable Goods Orders m/m;0.8%;0.1%;-1.1%;;0.4%;
2012.07.26 08:30:00;USD;3;Unemployment Claims;388K;381K;353K;;386K;
2012.07.26 08:30:00;USD;2;Durable Goods Orders m/m;1.6%;0.4%;1.6%;;1.1%;
2012.07.26 10:00:00;USD;3;Pending Home Sales m/m;5.4%;0.6%;-1.4%;;5.9%;
2012.07.26 10:00:00;USD;2;Treasury Sec Geithner Speaks;;;;;;
2012.07.26 10:30:00;USD;1;Natural Gas Storage;28B;26B;26B;;;
2012.07.26 19:30:00;JPY;2;Tokyo Core CPI y/y;-0.6%;-0.6%;-0.6%;;;
2012.07.26 19:30:00;JPY;1;National Core CPI y/y;-0.1%;0.0%;-0.2%;;;
2012.07.26 19:50:00;JPY;2;Retail Sales y/y;3.6%;1.2%;0.2%;;;
2012.07.27 00:00:00;EUR;2;German Prelim CPI m/m (All Day);-0.1%;0.4%;0.4%;;;
2012.07.27 03:00:00;CHF;2;KOF Economic Barometer;1.15;1.24;1.43;;1.16;
2012.07.27 03:00:00;EUR;2;Spanish Unemployment Rate;24.4%;24.7%;24.6%;;;
2012.07.27 08:30:00;USD;3;Advance GDP q/q;1.9%;1.5%;1.5%;;2.2%;
2012.07.27 08:30:00;USD;2;Advance GDP Price Index q/q;2.0%;1.6%;1.6%;;1.5%;
2012.07.27 09:55:00;USD;2;Revised UoM Consumer Sentiment;72.0;72.0;72.3;;;
2012.07.27 09:55:00;USD;1;Revised UoM Inflation Expectations;2.8%;;3.0%;;;
2012.07.29 18:45:00;NZD;2;Building Consents m/m;-7.2%;;5.7%;;-7.1%;
2012.07.29 19:50:00;JPY;2;Prelim Industrial Production m/m;-3.4%;1.6%;-0.1%;;-3.1%;
2012.07.29 21:00:00;AUD;2;HIA New Home Sales m/m;0.7%;;2.8%;;;
2012.07.30 03:00:00;EUR;3;Spanish Flash GDP q/q;-0.3%;-0.4%;-0.4%;;;
2012.07.30 03:00:00;EUR;1;Spanish Flash CPI y/y;1.9%;1.7%;2.2%;;;
2012.07.30 04:10:00;EUR;1;Retail PMI;48.3;;46.4;;;
2012.07.30 04:30:00;GBP;2;Net Lending to Individuals m/m;1.1B;0.8B;0.3B;;1.3B;
2012.07.30 04:30:00;GBP;1;M4 Money Supply m/m;-0.1%;0.3%;-1.6%;;;
2012.07.30 04:30:00;GBP;1;Mortgage Approvals;51K;49K;44K;;;
2012.07.30 05:19:00;EUR;3;Italian 10-y Bond Auction;5.82|1.7;;5.96|1.3;;;
2012.07.30 06:00:00;GBP;2;CBI Realized Sales;42;17;11;;;
2012.07.30 19:01:00;GBP;2;GfK Consumer Confidence;-29;-28;-29;;;
2012.07.30 19:15:00;JPY;1;Final Manufacturing PMI;49.9;;47.9;;;
2012.07.30 19:30:00;JPY;2;Household Spending y/y;4.0%;3.0%;1.6%;;;
2012.07.30 19:30:00;JPY;1;Unemployment Rate;4.4%;4.4%;4.3%;;;
2012.07.30 21:00:00;NZD;3;Final ANZ Business Confidence;12.6;;15.1;;;
2012.07.30 21:30:00;AUD;3;Building Approvals m/m;27.0%;-14.6%;-2.5%;;27.3%;
2012.07.30 21:30:00;AUD;2;Private Sector Credit m/m;0.5%;0.4%;0.3%;;;
2012.07.30 21:30:00;JPY;2;Average Cash Earnings y/y;-1.1%;0.1%;-0.6%;;-0.8%;
2012.07.31 01:00:00;JPY;1;Housing Starts y/y;9.3%;9.5%;-0.2%;;;
2012.07.31 02:00:00;CHF;1;UBS Consumption Indicator;1.02;;1.60;;1.05;
2012.07.31 02:00:00;EUR;2;German Retail Sales m/m;-0.3%;0.6%;-0.1%;;;
2012.07.31 02:45:00;EUR;2;French Consumer Spending m/m;0.5%;0.2%;0.1%;;0.4%;
2012.07.31 03:55:00;EUR;2;German Unemployment Change;7K;9K;7K;;;
2012.07.31 04:00:00;EUR;1;Italian Monthly Unemployment Rate;10.6%;10.2%;10.8%;;10.1%;
2012.07.31 05:00:00;EUR;2;CPI Flash Estimate y/y;2.4%;2.4%;2.4%;;;
2012.07.31 05:00:00;EUR;2;Unemployment Rate;11.2%;11.2%;11.2%;;11.1%;
2012.07.31 05:00:00;EUR;1;Italian Prelim CPI m/m;0.2%;0.3%;0.0%;;;
2012.07.31 08:30:00;CAD;3;GDP m/m;0.3%;0.2%;0.1%;;;
2012.07.31 08:30:00;CAD;2;RMPI m/m;-1.1%;-1.5%;-4.0%;;-1.0%;
2012.07.31 08:30:00;CAD;1;IPPI m/m;-0.1%;0.6%;-0.3%;;0.0%;
2012.07.31 08:30:00;USD;2;Core PCE Price Index m/m;0.1%;0.2%;0.2%;;;
2012.07.31 08:30:00;USD;2;Employment Cost Index q/q;0.4%;0.5%;0.5%;;;
2012.07.31 08:30:00;USD;2;Personal Spending m/m;-0.1%;0.1%;0.0%;;0.0%;
2012.07.31 08:30:00;USD;1;Personal Income m/m;0.3%;0.5%;0.5%;;0.2%;
2012.07.31 09:00:00;USD;2;SP/CS Composite-20 HPI y/y;-1.8%;-1.5%;-0.7%;;-1.9%;
2012.07.31 09:45:00;USD;2;Chicago PMI;52.9;52.6;53.7;;;
2012.07.31 10:00:00;USD;3;CB Consumer Confidence;62.7;61.5;65.9;;62.0;
2012.07.31 16:00:00;USD;2;Treasury Sec Geithner Speaks;;;;;;
2012.07.31 19:01:00;GBP;1;BRC Shop Price Index y/y;1.1%;;1.0%;;;
2012.07.31 19:21:00;AUD;1;AIG Manufacturing Index;47.2;;40.3;;;
2012.07.31 21:00:00;CNY;3;Manufacturing PMI;50.2;50.4;50.1;;;
2012.07.31 21:30:00;AUD;2;HPI q/q;-0.1%;-0.5%;0.5%;;-1.1%;
2012.07.31 22:30:00;CNY;2;Caixin Manufacturing PMI;49.5;;49.3;;;
