2013.08.01 00:00:00;CHF;0;Bank Holiday (All Day);;;;;;
2013.08.01 02:30:00;AUD;1;Commodity Prices y/y;-10.4%;;-11.8%;;-10.5%;
2013.08.01 03:15:00;EUR;2;Spanish Manufacturing PMI;50.0;50.7;49.8;;;
2013.08.01 03:45:00;EUR;2;Italian Manufacturing PMI;49.1;49.8;50.4;;;
2013.08.01 03:50:00;EUR;1;French Final Manufacturing PMI;49.8;49.8;49.7;;;
2013.08.01 03:55:00;EUR;1;German Final Manufacturing PMI;50.3;50.3;50.7;;;
2013.08.01 04:00:00;EUR;1;Final Manufacturing PMI;50.1;50.1;50.3;;;
2013.08.01 04:30:00;GBP;3;Final Manufacturing PMI;52.9;52.8;54.6;;52.5;
2013.08.01 07:00:00;GBP;3;Asset Purchase Facility;375B;375B;375B;;;
2013.08.01 07:00:00;GBP;3;Official Bank Rate;0.50%;0.50%;0.50%;;;
2013.08.01 07:30:00;USD;1;Challenger Job Cuts y/y;4.8%;;2.3%;;;
2013.08.01 07:45:00;EUR;3;Main Refinancing Rate;0.50%;0.50%;0.50%;;;
2013.08.01 08:30:00;EUR;3;ECB Press Conference;;;;;;
2013.08.01 08:30:00;USD;3;Unemployment Claims;345K;346K;326K;;343K;
2013.08.01 09:00:00;USD;1;Final Manufacturing PMI;53.2;53.1;53.7;;;
2013.08.01 09:30:00;CAD;1;Manufacturing PMI;52.4;;52.0;;;
2013.08.01 10:00:00;USD;3;ISM Manufacturing PMI;50.9;52.1;55.4;;;
2013.08.01 10:00:00;USD;1;Construction Spending m/m;1.3%;0.4%;-0.6%;;0.5%;
2013.08.01 10:00:00;USD;1;ISM Manufacturing Prices;52.5;53.0;49.0;;;
2013.08.01 10:30:00;USD;1;Natural Gas Storage;41B;55B;59B;;;
2013.08.01 10:30:00;USD;1;Total Vehicle Sales (All Day);16.0M;15.8M;15.7M;;;
2013.08.01 19:50:00;JPY;1;Monetary Base y/y;36.0%;43.2%;38.0%;;;
2013.08.01 21:30:00;AUD;3;PPI q/q;0.3%;0.5%;0.1%;;;
2013.08.02 02:00:00;GBP;2;Nationwide HPI m/m;0.3%;0.4%;0.8%;;;
2013.08.02 03:00:00;EUR;2;Spanish Unemployment Change;-127.2K;-80.0K;-64.9K;;;
2013.08.02 03:30:00;CHF;2;Manufacturing PMI;51.9;53.1;57.4;;;
2013.08.02 04:30:00;GBP;3;Construction PMI;51.0;51.6;57.0;;;
2013.08.02 05:00:00;EUR;1;PPI m/m;-0.2%;0.1%;0.0%;;-0.3%;
2013.08.02 08:30:00;USD;3;Non-Farm Employment Change;188K;184K;162K;;195K;
2013.08.02 08:30:00;USD;3;Unemployment Rate;7.6%;7.5%;7.4%;;;
2013.08.02 08:30:00;USD;2;Average Hourly Earnings m/m;0.4%;0.2%;-0.1%;;;
2013.08.02 08:30:00;USD;2;Core PCE Price Index m/m;0.1%;0.1%;0.2%;;0.1%;
2013.08.02 08:30:00;USD;1;Personal Income m/m;0.4%;0.5%;0.3%;;0.5%;
2013.08.02 08:30:00;USD;1;Personal Spending m/m;0.2%;0.5%;0.5%;;0.3%;
2013.08.02 10:00:00;USD;2;Factory Orders m/m;3.0%;2.3%;1.5%;;2.1%;
2013.08.02 12:15:00;USD;3;FOMC Member Bullard Speaks;;;;;;
2013.08.02 21:00:00;CNY;2;Non-Manufacturing PMI;53.9;;54.1;;;
2013.08.04 00:00:00;AUD;0;Bank Holiday (All Day);;;;;;
2013.08.04 19:30:00;AUD;1;AIG Services Index;41.5;;39.4;;;
2013.08.04 20:30:00;AUD;1;MI Inflation Gauge m/m;0.0%;;0.5%;;;
2013.08.04 21:00:00;NZD;1;ANZ Commodity Prices m/m;-3.7%;;0.6%;;;
2013.08.04 21:30:00;AUD;3;Retail Sales m/m;0.2%;0.4%;0.0%;;0.1%;
2013.08.04 21:45:00;CNY;2;Caixin Services PMI;51.3;;51.3;;;
2013.08.05 03:15:00;EUR;2;Spanish Services PMI;47.8;48.4;48.5;;;
2013.08.05 03:45:00;EUR;2;Italian Services PMI;45.8;46.6;48.7;;;
2013.08.05 03:50:00;EUR;1;French Final Services PMI;48.3;48.3;48.6;;;
2013.08.05 03:55:00;EUR;1;German Final Services PMI;52.5;52.5;51.3;;;
2013.08.05 04:00:00;EUR;1;Final Services PMI;49.6;49.6;49.8;;;
2013.08.05 04:30:00;EUR;1;Sentix Investor Confidence;-12.6;9.8;-4.9;;;
2013.08.05 04:30:00;GBP;3;Final Services PMI;56.9;57.4;60.2;;;
2013.08.05 05:00:00;EUR;2;Retail Sales m/m;1.1%;-0.6%;-0.5%;;1.0%;
2013.08.05 05:00:00;CAD;0;Bank Holiday (All Day);;;;;;
2013.08.05 10:00:00;USD;3;ISM Services PMI;52.2;53.2;56.0;;;
2013.08.05 14:00:00;USD;1;Loan Officer Survey;;;;;;
2013.08.05 19:01:00;GBP;2;BRC Retail Sales Monitor y/y;1.4%;;2.2%;;;
2013.08.05 21:30:00;AUD;3;Trade Balance;0.51B;0.81B;0.60B;;0.67B;
2013.08.05 21:30:00;AUD;2;ANZ Job Advertisements m/m;-1.6%;;-1.1%;;-1.8%;
2013.08.05 21:30:00;AUD;2;HPI q/q;0.8%;1.3%;2.4%;;0.1%;
2013.08.06 00:30:00;AUD;3;Cash Rate;2.75%;2.50%;2.50%;;;
2013.08.06 00:30:00;AUD;3;RBA Rate Statement;;;;;;
2013.08.06 01:00:00;JPY;1;Leading Indicators;110.7%;108.0%;107.0%;;110.5%;
2013.08.06 03:00:00;GBP;2;Halifax HPI m/m;0.7%;0.3%;0.9%;;0.6%;
2013.08.06 04:00:00;EUR;1;Italian Industrial Production m/m;0.1%;0.5%;0.3%;;;
2013.08.06 04:30:00;GBP;3;Manufacturing Production m/m;-0.7%;0.9%;1.9%;;-0.8%;
2013.08.06 04:30:00;GBP;1;Industrial Production m/m;0.0%;0.7%;1.1%;;;
2013.08.06 05:00:00;EUR;2;Italian Prelim GDP q/q;-0.6%;-0.4%;-0.2%;;-0.5%;
2013.08.06 06:00:00;EUR;2;German Factory Orders m/m;-0.5%;1.1%;3.8%;;-1.3%;
2013.08.06 08:30:00;CAD;3;Trade Balance;-0.8B;-0.5B;-0.5B;;-0.3B;
2013.08.06 08:30:00;USD;3;Trade Balance;-44.1B;-43.1B;-34.2B;;-45.0B;
2013.08.06 10:00:00;GBP;2;NIESR GDP Estimate;0.6%;;0.7%;;;
2013.08.06 10:00:00;USD;2;JOLTS Job Openings;3.91M;3.91M;3.94M;;3.83M;
2013.08.06 10:00:00;USD;1;IBD/TIPP Economic Optimism;47.1;47.9;45.1;;;
2013.08.06 10:30:00;NZD;1;GDT Price Index;5.3%;;-2.4%;;;
2013.08.06 13:00:00;USD;2;FOMC Member Evans Speaks;;;;;;
2013.08.06 18:45:00;NZD;3;Employment Change q/q;1.7%;0.4%;0.4%;;;
2013.08.06 18:45:00;NZD;3;Unemployment Rate;6.2%;6.3%;6.4%;;;
2013.08.06 18:45:00;NZD;1;Labor Cost Index q/q;0.4%;0.5%;0.4%;;;
2013.08.06 19:30:00;AUD;1;AIG Construction Index;39.5;;44.1;;;
2013.08.06 21:30:00;AUD;2;Home Loans m/m;1.7%;2.2%;2.7%;;1.8%;
2013.08.06 21:30:00;AUD;2;RBA Deputy Gov Debelle Speaks;;;;;;
2013.08.07 01:45:00;CHF;2;SECO Consumer Climate;-5;-2;-9;;;
2013.08.07 02:45:00;EUR;1;French Trade Balance;-5.7B;-5.0B;-4.4B;;-6.0B;
2013.08.07 03:00:00;CHF;2;Foreign Currency Reserves;435B;;435B;;;
2013.08.07 03:15:00;CHF;3;CPI m/m;0.1%;-0.3%;-0.4%;;;
2013.08.07 05:30:00;GBP;3;BOE Gov Carney Speaks;;;;;;
2013.08.07 05:30:00;GBP;3;BOE Monetary Policy Report;;;;;;
2013.08.07 06:00:00;EUR;2;German Industrial Production m/m;-0.8%;0.3%;2.4%;;-1.0%;
2013.08.07 08:30:00;CAD;3;Building Permits m/m;5.8%;-2.5%;-10.3%;;4.5%;
2013.08.07 10:00:00;CAD;3;Ivey PMI;55.3;56.3;48.4;;;
2013.08.07 10:30:00;USD;2;Crude Oil Inventories;0.4M;-1.2M;-1.3M;;;
2013.08.07 13:00:00;USD;2;10-y Bond Auction;2.67|2.6;;2.62|2.5;;;
2013.08.07 15:00:00;USD;1;Consumer Credit m/m;17.5B;15.3B;13.8B;;19.6B;
2013.08.07 19:50:00;JPY;3;Current Account;0.62T;0.73T;0.65T;;;
2013.08.07 19:50:00;JPY;1;Bank Lending y/y;1.9%;;2.0%;;;
2013.08.07 21:30:00;AUD;3;Employment Change;9.3K;6.2K;-10.2K;;10.3K;
2013.08.07 21:30:00;AUD;3;Unemployment Rate;5.7%;5.8%;5.7%;;;
2013.08.07 22:59:00;JPY;3;Monetary Policy Statement;;;;;;
2013.08.07 23:05:00;CNY;3;USD-Denominated Trade Balance;27.1B;26.2B;17.8B;;;
2013.08.08 01:00:00;JPY;1;Economy Watchers Sentiment;53.0;53.5;52.3;;;
2013.08.08 01:45:00;CHF;1;Unemployment Rate;3.2%;3.2%;3.2%;;;
2013.08.08 02:00:00;EUR;2;German Trade Balance;14.6B;15.2B;15.7B;;14.1B;
2013.08.08 03:31:00;JPY;3;BOJ Press Conference;;;;;;
2013.08.08 04:00:00;EUR;2;ECB Monthly Bulletin;;;;;;
2013.08.08 08:30:00;CAD;2;NHPI m/m;0.1%;0.3%;0.2%;;;
2013.08.08 08:30:00;USD;3;Unemployment Claims;328K;336K;333K;;326K;
2013.08.08 10:00:00;USD;2;Mortgage Delinquencies;7.25%;;6.96%;;;
2013.08.08 10:30:00;USD;1;Natural Gas Storage;59B;74B;96B;;;
2013.08.08 13:00:00;USD;1;30-y Bond Auction;3.66|2.3;;3.65|2.1;;;
2013.08.08 19:50:00;JPY;2;Tertiary Industry Activity m/m;1.3%;-0.2%;-0.3%;;1.2%;
2013.08.08 19:50:00;JPY;1;M2 Money Stock y/y;3.8%;3.8%;3.7%;;;
2013.08.08 21:30:00;AUD;3;RBA Monetary Policy Statement;;;;;;
2013.08.08 21:30:00;CNY;3;CPI y/y;2.7%;2.8%;2.7%;;;
2013.08.08 21:30:00;CNY;2;PPI y/y;-2.7%;-2.0%;-2.3%;;;
2013.08.08 23:45:00;JPY;1;30-y Bond Auction;1.89|4.0;;1.79|4.1;;;
2013.08.09 01:00:00;JPY;1;BOJ Monthly Report;;;;;;
2013.08.09 01:00:00;JPY;1;Consumer Confidence;44.3;45.3;43.6;;;
2013.08.09 01:30:00;CNY;2;Fixed Asset Investment ytd/y;20.1%;20.0%;20.1%;;;
2013.08.09 01:30:00;CNY;2;Industrial Production y/y;8.9%;9.0%;9.7%;;;
2013.08.09 01:30:00;CNY;1;Retail Sales y/y;13.3%;13.5%;13.2%;;;
2013.08.09 02:45:00;EUR;2;French Industrial Production m/m;-0.3%;0.3%;-1.4%;;-0.4%;
2013.08.09 02:45:00;EUR;1;French Gov Budget Balance;-72.6B;;-59.3B;;;
2013.08.09 04:00:00;EUR;1;Italian Trade Balance;3.93B;4.22B;3.62B;;3.90B;
2013.08.09 04:05:00;CNY;2;New Loans;861B;635B;700B;;;
2013.08.09 04:05:00;CNY;1;M2 Money Supply y/y;14.0%;13.9%;14.5%;;;
2013.08.09 04:30:00;GBP;2;Goods Trade Balance;-8.7B;-8.4B;-8.1B;;-8.5B;
2013.08.09 04:30:00;GBP;1;Construction Output m/m;-0.2%;-1.1%;-0.8%;;0.0%;
2013.08.09 05:00:00;GBP;1;CB Leading Index m/m;0.4%;;-0.2%;;;
2013.08.09 08:13:00;CAD;1;Housing Starts;194K;193K;193K;;200K;
2013.08.09 08:30:00;CAD;3;Employment Change;-0.4K;6.2K;-39.4K;;;
2013.08.09 08:30:00;CAD;3;Unemployment Rate;7.1%;7.1%;7.2%;;;
2013.08.09 10:00:00;USD;1;Final Wholesale Inventories m/m;-0.6%;0.5%;-0.2%;;-0.5%;
2013.08.11 17:20:00;NZD;2;REINZ HPI m/m;0.0%;;-0.5%;;;
2013.08.11 18:45:00;NZD;1;FPI m/m;2.1%;;0.5%;;;
2013.08.11 19:50:00;JPY;3;Prelim GDP q/q;1.0%;0.9%;0.6%;;0.9%;
2013.08.11 19:50:00;JPY;1;PPI y/y;1.2%;1.9%;2.2%;;;
2013.08.11 19:50:00;JPY;1;Prelim GDP Price Index y/y;-1.1%;-0.7%;-0.3%;;-1.2%;
2013.08.12 00:30:00;JPY;1;Revised Industrial Production m/m;-3.3%;-3.1%;-3.1%;;;
2013.08.12 02:03:00;JPY;1;Prelim Machine Tool Orders y/y;-12.4%;;-12.1%;;;
2013.08.12 03:15:00;CHF;2;Retail Sales y/y;1.5%;1.9%;2.3%;;1.8%;
2013.08.12 13:54:00;USD;2;Federal Budget Balance;116.5B;-95.3B;-97.6B;;;
2013.08.12 19:01:00;GBP;1;RICS House Price Balance;21%;25%;36%;;;
2013.08.12 19:50:00;JPY;2;Core Machinery Orders m/m;10.5%;-7.1%;-2.7%;;;
2013.08.12 19:50:00;JPY;2;Monetary Policy Meeting Minutes;;;;;;
2013.08.12 21:30:00;AUD;2;NAB Business Confidence;0;;-3;;;
2013.08.13 02:00:00;EUR;1;German Final CPI m/m;0.5%;0.5%;0.5%;;;
2013.08.13 02:00:00;EUR;1;German WPI m/m;-0.4%;0.2%;-0.3%;;;
2013.08.13 04:30:00;GBP;3;CPI y/y;2.9%;2.8%;2.8%;;;
2013.08.13 04:30:00;GBP;2;PPI Input m/m;0.2%;1.2%;1.1%;;;
2013.08.13 04:30:00;GBP;2;RPI y/y;3.3%;3.1%;3.1%;;;
2013.08.13 04:30:00;GBP;1;Core CPI y/y;2.3%;2.3%;2.0%;;;
2013.08.13 04:30:00;GBP;1;ONS HPI y/y;2.9%;3.6%;3.1%;;;
2013.08.13 04:30:00;GBP;1;PPI Output m/m;0.1%;0.3%;0.2%;;;
2013.08.13 05:00:00;EUR;3;German ZEW Economic Sentiment;36.3;40.3;42.0;;;
2013.08.13 05:00:00;EUR;2;Industrial Production m/m;-0.2%;1.1%;0.7%;;-0.3%;
2013.08.13 05:00:00;EUR;2;ZEW Economic Sentiment;32.8;37.4;44.0;;;
2013.08.13 07:30:00;USD;1;NFIB Small Business Index;93.5;95.4;94.1;;;
2013.08.13 08:30:00;USD;3;Core Retail Sales m/m;0.1%;0.4%;0.5%;;0.0%;
2013.08.13 08:30:00;USD;3;Retail Sales m/m;0.6%;0.2%;0.2%;;0.4%;
2013.08.13 08:30:00;USD;2;Import Prices m/m;-0.4%;0.9%;0.2%;;-0.2%;
2013.08.13 10:00:00;USD;2;Business Inventories m/m;-0.1%;0.3%;0.0%;;0.1%;
2013.08.13 18:45:00;NZD;3;Retail Sales q/q;0.9%;1.4%;1.7%;;0.5%;
2013.08.13 18:49:00;NZD;2;Core Retail Sales q/q;1.0%;1.3%;2.3%;;0.6%;
2013.08.13 20:30:00;AUD;2;Westpac Consumer Sentiment;-0.1%;;3.5%;;;
2013.08.13 21:30:00;AUD;2;Wage Price Index q/q;0.7%;0.8%;0.7%;;;
2013.08.14 01:30:00;EUR;2;French Prelim GDP q/q;-0.2%;0.1%;0.5%;;;
2013.08.14 02:00:00;EUR;3;German Prelim GDP q/q;0.1%;0.6%;0.7%;;;
2013.08.14 02:45:00;EUR;2;French Prelim Private Payrolls q/q;-0.1%;0.0%;-0.2%;;;
2013.08.14 02:45:00;EUR;1;French Final CPI m/m;0.2%;-0.1%;-0.3%;;;
2013.08.14 03:15:00;CHF;2;PPI m/m;0.1%;0.4%;0.0%;;;
2013.08.14 04:30:00;GBP;3;Claimant Count Change;-29.4K;-14.3K;-29.2K;;-21.2K;
2013.08.14 04:30:00;GBP;3;MPC Asset Purchase Facility Votes;0-0-9;0-0-9;0-0-9;;;
2013.08.14 04:30:00;GBP;3;MPC Official Bank Rate Votes;0-0-9;0-0-9;0-0-9;;;
2013.08.14 04:30:00;GBP;2;Average Earnings Index 3m/y;1.8%;2.1%;2.1%;;1.7%;
2013.08.14 04:30:00;GBP;2;Unemployment Rate;7.8%;7.8%;7.8%;;;
2013.08.14 05:00:00;CHF;2;Credit Suisse Economic Expectations;4.8;;7.2;;;
2013.08.14 05:00:00;EUR;3;Flash GDP q/q;-0.3%;0.2%;0.3%;;-0.2%;
2013.08.14 05:34:00;EUR;2;German 10-y Bond Auction;1.57|1.6;;1.80|1.3;;;
2013.08.14 08:30:00;USD;3;PPI m/m;0.8%;0.4%;0.0%;;;
2013.08.14 08:30:00;USD;2;Core PPI m/m;0.2%;0.2%;0.1%;;;
2013.08.14 10:30:00;USD;2;Crude Oil Inventories;-1.3M;-1.4M;-2.8M;;;
2013.08.14 13:20:00;USD;2;FOMC Member Bullard Speaks;;;;;;
2013.08.14 15:15:00;USD;2;FOMC Member Bullard Speaks;;;;;;
2013.08.14 18:30:00;NZD;2;BusinessNZ Manufacturing Index;55.2;;59.5;;54.7;
2013.08.14 21:00:00;AUD;2;MI Inflation Expectations;2.6%;;2.3%;;;
2013.08.15 00:00:00;EUR;0;French Bank Holiday (All Day);;;;;;
2013.08.15 00:00:00;EUR;0;Italian Bank Holiday (All Day);;;;;;
2013.08.15 04:30:00;GBP;3;Retail Sales m/m;0.2%;0.7%;1.1%;;;
2013.08.15 08:15:00;USD;2;FOMC Member Bullard Speaks;;;;;;
2013.08.15 08:30:00;USD;3;Core CPI m/m;0.2%;0.2%;0.2%;;;
2013.08.15 08:30:00;USD;3;Unemployment Claims;335K;334K;320K;;333K;
2013.08.15 08:30:00;USD;2;CPI m/m;0.5%;0.2%;0.2%;;;
2013.08.15 08:30:00;USD;2;Empire State Manufacturing Index;9.5;10.2;8.2;;;
2013.08.15 09:00:00;USD;2;TIC Long-Term Purchases;-27.0B;31.3B;-66.9B;;-27.2B;
2013.08.15 09:15:00;USD;2;Capacity Utilization Rate;77.7%;77.9%;77.6%;;77.8%;
2013.08.15 09:15:00;USD;2;Industrial Production m/m;0.2%;0.5%;0.0%;;0.3%;
2013.08.15 10:00:00;USD;3;Philly Fed Manufacturing Index;19.8;15.6;9.3;;;
2013.08.15 10:00:00;USD;2;NAHB Housing Market Index;56;57;59;;57;
2013.08.15 10:30:00;CAD;1;BOC Review;;;;;;
2013.08.15 10:30:00;USD;1;Natural Gas Storage;96B;73B;65B;;;
2013.08.15 21:30:00;AUD;2;RBA Deputy Gov Debelle Speaks;;;;;;
2013.08.16 04:00:00;EUR;2;Current Account;19.5B;21.2B;16.9B;;19.6B;
2013.08.16 05:00:00;EUR;2;Final CPI y/y;1.6%;1.6%;1.6%;;;
2013.08.16 05:00:00;EUR;1;Final Core CPI y/y;1.1%;1.1%;1.1%;;;
2013.08.16 05:00:00;EUR;1;Trade Balance;13.8B;15.3B;14.9B;;14.6B;
2013.08.16 08:30:00;CAD;3;Manufacturing Sales m/m;0.6%;0.5%;-0.5%;;0.7%;
2013.08.16 08:30:00;CAD;2;Foreign Securities Purchases;6.78B;7.77B;-15.41B;;6.74B;
2013.08.16 08:30:00;USD;3;Building Permits;0.92M;0.95M;0.94M;;0.91M;
2013.08.16 08:30:00;USD;2;Housing Starts;0.85M;0.91M;0.90M;;0.84M;
2013.08.16 08:30:00;USD;2;Prelim Nonfarm Productivity q/q;0.5%;0.5%;0.9%;;0.7%;
2013.08.16 08:30:00;USD;2;Prelim Unit Labor Costs q/q;-4.3%;1.4%;1.4%;;0.5%;
2013.08.16 09:55:00;USD;3;Prelim UoM Consumer Sentiment;85.1;85.6;80.0;;83.9;
2013.08.16 09:55:00;USD;1;Prelim UoM Inflation Expectations;3.1%;;3.1%;;3.3%;
2013.08.18 18:45:00;NZD;2;PPI Input q/q;0.8%;0.6%;0.6%;;;
2013.08.18 18:45:00;NZD;1;PPI Output q/q;0.8%;0.7%;1.0%;;;
2013.08.18 19:01:00;GBP;1;Rightmove HPI m/m;0.3%;;-1.8%;;;
2013.08.18 19:50:00;JPY;2;Trade Balance;-0.66T;-0.73T;-0.94T;;-0.60T;
2013.08.18 21:30:00;AUD;2;New Motor Vehicle Sales m/m;3.6%;;-3.5%;;4.0%;
2013.08.19 06:00:00;EUR;2;German Buba Monthly Report;;;;;;
2013.08.19 21:30:00;AUD;3;Monetary Policy Meeting Minutes;;;;;;
2013.08.19 22:00:00;NZD;3;RBNZ Gov Wheeler Speaks;;;;;;
2013.08.19 23:03:00;NZD;2;Inflation Expectations q/q;2.06%;;2.36%;;;
2013.08.20 00:30:00;JPY;1;All Industries Activity m/m;1.2%;-0.6%;-0.6%;;1.1%;
2013.08.20 02:00:00;EUR;2;German PPI m/m;0.0%;0.2%;-0.1%;;;
2013.08.20 08:30:00;CAD;2;Wholesale Sales m/m;2.2%;-0.5%;-2.8%;;2.3%;
2013.08.20 10:30:00;NZD;1;GDT Price Index;-2.4%;;2.3%;;;
2013.08.20 18:45:00;NZD;1;Visitor Arrivals m/m;-1.8%;;1.3%;;-1.5%;
2013.08.20 21:30:00;AUD;1;MI Leading Index m/m;0.2%;;0.0%;;;
2013.08.20 22:00:00;CNY;1;CB Leading Index m/m;0.8%;;1.4%;;1.0%;
2013.08.20 23:00:00;NZD;1;Credit Card Spending y/y;3.7%;;4.7%;;5.4%;
2013.08.21 04:30:00;GBP;2;Public Sector Net Borrowing;10.5B;-3.7B;-1.6B;;10.2B;
2013.08.21 06:00:00;GBP;2;CBI Industrial Order Expectations;-12;-8;0;;;
2013.08.21 10:00:00;USD;3;Existing Home Sales;5.06M;5.15M;5.39M;;5.08M;
2013.08.21 10:30:00;USD;2;Crude Oil Inventories;-2.8M;-1.6M;-1.4M;;;
2013.08.21 10:30:00;All;2;Jackson Hole Symposium (Day 1);;;;;;
2013.08.21 14:00:00;USD;3;FOMC Meeting Minutes;;;;;;
2013.08.21 20:00:00;AUD;2;CB Leading Index m/m;0.0%;;-0.2%;;;
2013.08.21 21:45:00;CNY;3;Caixin Flash Manufacturing PMI;47.7;48.3;50.1;;;
2013.08.22 02:00:00;CHF;1;Trade Balance;2.82B;2.91B;2.38B;;2.73B;
2013.08.22 03:00:00;EUR;3;French Flash Manufacturing PMI;49.7;50.4;49.7;;49.8;
2013.08.22 03:00:00;EUR;2;French Flash Services PMI;48.6;49.3;47.7;;48.3;
2013.08.22 03:30:00;EUR;3;German Flash Manufacturing PMI;50.7;51.1;52.0;;50.3;
2013.08.22 03:30:00;EUR;2;German Flash Services PMI;51.3;51.7;52.4;;52.5;
2013.08.22 04:00:00;EUR;2;Flash Manufacturing PMI;50.3;50.9;51.3;;50.1;
2013.08.22 04:00:00;EUR;2;Flash Services PMI;49.8;50.2;51.0;;49.6;
2013.08.22 08:30:00;CAD;3;Core Retail Sales m/m;1.1%;0.1%;-0.8%;;1.2%;
2013.08.22 08:30:00;CAD;2;Retail Sales m/m;1.8%;-0.3%;-0.6%;;1.9%;
2013.08.22 08:30:00;USD;3;Unemployment Claims;323K;329K;336K;;320K;
2013.08.22 09:00:00;USD;2;Flash Manufacturing PMI;53.7;54.1;53.9;;53.2;
2013.08.22 09:00:00;USD;1;HPI m/m;0.8%;0.6%;0.7%;;0.7%;
2013.08.22 10:00:00;USD;1;CB Leading Index m/m;0.0%;0.5%;0.6%;;;
2013.08.22 10:30:00;USD;1;Natural Gas Storage;65B;68B;57B;;;
2013.08.22 10:30:00;All;2;Jackson Hole Symposium (Day 2);;;;;;
2013.08.22 15:15:00;USD;2;Treasury Sec Lew Speaks;;;;;;
2013.08.22 22:00:00;CNY;1;Foreign Direct Investment ytd/y;4.9%;;7.1%;;;
2013.08.23 02:00:00;EUR;1;German Final GDP q/q;0.7%;0.7%;0.7%;;;
2013.08.23 04:30:00;GBP;3;Second Estimate GDP q/q;0.6%;0.6%;0.7%;;;
2013.08.23 04:30:00;GBP;2;High Street Lending;37.3K;38.8K;37.2K;;;
2013.08.23 04:30:00;GBP;2;Prelim Business Investment q/q;-1.9%;0.6%;0.9%;;-0.4%;
2013.08.23 04:30:00;GBP;1;Index of Services 3m/3m;0.7%;0.7%;0.6%;;0.8%;
2013.08.23 08:30:00;CAD;3;Core CPI m/m;-0.2%;0.0%;0.0%;;;
2013.08.23 08:30:00;CAD;2;CPI m/m;0.0%;0.1%;0.1%;;;
2013.08.23 09:00:00;EUR;2;Belgian NBB Business Climate;-12.0;-11.1;-8.6;;;
2013.08.23 10:00:00;EUR;1;Consumer Confidence;-17;-17;-16;;;
2013.08.23 10:00:00;USD;3;New Home Sales;455K;487K;394K;;497K;
2013.08.23 10:00:00;All;2;Jackson Hole Symposium (Day 3);;;;;;
2013.08.25 18:45:00;NZD;3;Trade Balance;374M;-18M;-774M;;414M;
2013.08.25 19:50:00;JPY;1;SPPI y/y;0.4%;0.4%;0.4%;;;
2013.08.26 00:00:00;GBP;0;Bank Holiday (All Day);;;;;;
2013.08.26 08:30:00;USD;3;Core Durable Goods Orders m/m;-0.1%;0.6%;-0.6%;;0.0%;
2013.08.26 08:30:00;USD;2;Durable Goods Orders m/m;3.9%;-3.0%;-7.3%;;4.2%;
2013.08.27 04:00:00;EUR;3;German ifo Business Climate;106.2;107.1;107.5;;;
2013.08.27 08:30:00;CAD;1;Corporate Profits q/q;-1.2%;;-0.8%;;;
2013.08.27 09:00:00;USD;2;SP/CS Composite-20 HPI y/y;12.2%;11.9%;12.1%;;;
2013.08.27 09:59:00;USD;1;Richmond Manufacturing Index;-11;-7;14;;;
2013.08.27 10:00:00;USD;3;CB Consumer Confidence;81.0;79.6;81.5;;80.3;
2013.08.27 12:45:00;CAD;2;Gov Council Member Murray Speaks;;;;;;
2013.08.27 21:30:00;AUD;2;Construction Work Done q/q;-1.9%;1.1%;-0.3%;;-2.0%;
2013.08.28 02:00:00;CHF;1;UBS Consumption Indicator;1.41;;1.41;;1.44;
2013.08.28 02:00:00;EUR;2;German GfK Consumer Climate;7.0;7.1;6.9;;;
2013.08.28 02:00:00;EUR;1;German Import Prices m/m;-0.8%;0.3%;0.3%;;;
2013.08.28 04:00:00;EUR;2;M3 Money Supply y/y;2.4%;2.0%;2.2%;;2.3%;
2013.08.28 04:00:00;EUR;1;Private Loans y/y;-1.6%;-1.5%;-1.9%;;;
2013.08.28 04:00:00;EUR;1;Italian Retail Sales m/m;0.1%;0.1%;-0.2%;;;
2013.08.28 06:00:00;GBP;2;CBI Realized Sales;17;19;27;;;
2013.08.28 08:45:00;GBP;3;BOE Gov Carney Speaks;;;;;;
2013.08.28 10:00:00;USD;3;Pending Home Sales m/m;-0.4%;0.2%;-1.3%;;;
2013.08.28 10:30:00;USD;2;Crude Oil Inventories;-1.4M;0.5M;3.0M;;;
2013.08.28 19:50:00;JPY;2;Retail Sales y/y;1.6%;0.0%;-0.3%;;;
2013.08.28 21:00:00;AUD;1;HIA New Home Sales m/m;3.4%;;-4.7%;;;
2013.08.28 21:00:00;NZD;3;Final ANZ Business Confidence;52.8;;48.1;;;
2013.08.28 21:30:00;AUD;3;Private Capital Expenditure q/q;-4.1%;0.5%;4.0%;;-4.7%;
2013.08.29 00:00:00;EUR;2;German Prelim CPI m/m (All Day);0.5%;0.2%;0.0%;;;
2013.08.29 03:00:00;EUR;1;Spanish Flash CPI y/y;1.8%;1.5%;1.5%;;;
2013.08.29 03:15:00;CHF;2;Employment Level;4.15M;4.14M;4.17M;;;
2013.08.29 03:55:00;EUR;2;German Unemployment Change;-7K;-5K;7K;;;
2013.08.29 04:10:00;EUR;1;Retail PMI;49.5;;50.3;;;
2013.08.29 05:10:00;EUR;2;Italian 10-y Bond Auction;4.46|1.3;;4.46|1.5;;;
2013.08.29 08:30:00;CAD;2;Current Account;-13.4B;-14.9B;-14.6B;;-14.1B;
2013.08.29 08:30:00;CAD;2;RMPI m/m;0.3%;1.2%;4.2%;;;
2013.08.29 08:30:00;CAD;1;IPPI m/m;0.3%;0.4%;0.3%;;;
2013.08.29 08:30:00;USD;3;Prelim GDP q/q;1.7%;2.2%;2.5%;;;
2013.08.29 08:30:00;USD;3;Unemployment Claims;337K;330K;331K;;336K;
2013.08.29 08:30:00;USD;1;Prelim GDP Price Index q/q;0.7%;0.7%;0.8%;;;
2013.08.29 08:50:00;USD;2;FOMC Member Bullard Speaks;;;;;;
2013.08.29 10:30:00;USD;1;Natural Gas Storage;57B;65B;67B;;;
2013.08.29 12:00:00;EUR;2;German Buba President Weidmann Speaks;;;;;;
2013.08.29 18:45:00;NZD;2;Building Consents m/m;-4.3%;;-0.8%;;-4.0%;
2013.08.29 19:05:00;GBP;1;GfK Consumer Confidence;-16;-14;-13;;;
2013.08.29 19:15:00;JPY;1;Final Manufacturing PMI;50.7;;52.2;;;
2013.08.29 19:30:00;JPY;2;Household Spending y/y;-0.4%;0.4%;0.1%;;;
2013.08.29 19:30:00;JPY;2;National Core CPI y/y;0.4%;0.6%;0.7%;;;
2013.08.29 19:30:00;JPY;2;Tokyo Core CPI y/y;0.3%;0.4%;0.4%;;;
2013.08.29 19:30:00;JPY;1;Unemployment Rate;3.9%;3.9%;3.8%;;;
2013.08.29 19:45:00;USD;2;FOMC Member Bullard Speaks;;;;;;
2013.08.29 19:50:00;JPY;2;Prelim Industrial Production m/m;-3.1%;3.9%;3.2%;;-3.3%;
2013.08.29 21:30:00;AUD;2;Private Sector Credit m/m;0.4%;0.4%;0.4%;;;
2013.08.30 01:00:00;JPY;1;Housing Starts y/y;15.3%;14.5%;12.0%;;;
2013.08.30 02:00:00;EUR;2;German Retail Sales m/m;-0.8%;0.5%;-1.4%;;-1.5%;
2013.08.30 02:00:00;GBP;2;Nationwide HPI m/m;0.9%;0.6%;0.6%;;0.8%;
2013.08.30 03:00:00;CHF;2;KOF Economic Barometer;1.25;1.34;1.36;;1.23;
2013.08.30 04:00:00;EUR;2;Italian Quarterly Unemployment Rate;11.9%;12.1%;12.1%;;;
2013.08.30 04:00:00;EUR;1;Italian Monthly Unemployment Rate;12.1%;12.2%;12.0%;;;
2013.08.30 04:30:00;GBP;2;Net Lending to Individuals m/m;1.4B;1.7B;1.3B;;1.5B;
2013.08.30 04:30:00;GBP;1;M4 Money Supply m/m;0.1%;0.4%;0.6%;;;
2013.08.30 04:30:00;GBP;1;Mortgage Approvals;58K;59K;61K;;;
2013.08.30 05:00:00;EUR;2;CPI Flash Estimate y/y;1.6%;1.4%;1.3%;;;
2013.08.30 05:00:00;EUR;2;Unemployment Rate;12.1%;12.1%;12.1%;;;
2013.08.30 05:00:00;EUR;1;Core CPI Flash Estimate y/y;1.1%;;1.1%;;;
2013.08.30 05:00:00;EUR;1;Italian Prelim CPI m/m;0.1%;0.2%;0.3%;;0.0%;
2013.08.30 08:30:00;CAD;3;GDP m/m;0.2%;-0.4%;-0.5%;;;
2013.08.30 08:30:00;USD;2;Core PCE Price Index m/m;0.2%;0.2%;0.1%;;;
2013.08.30 08:30:00;USD;2;Personal Spending m/m;0.6%;0.3%;0.1%;;0.5%;
2013.08.30 08:30:00;USD;1;Personal Income m/m;0.3%;0.3%;0.1%;;;
2013.08.30 09:00:00;USD;2;FOMC Member Bullard Speaks;;;;;;
2013.08.30 09:45:00;USD;2;Chicago PMI;52.3;53.2;53.0;;;
2013.08.30 09:55:00;USD;2;Revised UoM Consumer Sentiment;80.0;81.2;82.1;;;
2013.08.30 09:55:00;USD;1;Revised UoM Inflation Expectations;3.1%;;3.0%;;;
2013.08.31 20:58:00;CNY;3;Manufacturing PMI;50.3;50.6;51.0;;;
