2013.06.02 14:00:00;USD;2;Fed Chairman Bernanke Speaks;;;;;;
2013.06.02 14:00:00;NZD;0;Bank Holiday (All Day);;;;;;
2013.06.02 19:30:00;AUD;1;AIG Manufacturing Index;36.7;;43.8;;;
2013.06.02 19:50:00;JPY;2;Capital Spending q/y;-8.7%;-5.5%;-3.9%;;;
2013.06.02 20:30:00;AUD;1;MI Inflation Gauge m/m;0.3%;;0.2%;;;
2013.06.02 21:00:00;CNY;1;Non-Manufacturing PMI;54.5;;54.3;;;
2013.06.02 21:30:00;AUD;3;Retail Sales m/m;-0.4%;0.3%;0.2%;;;
2013.06.02 21:30:00;AUD;2;ANZ Job Advertisements m/m;-1.7%;;-2.4%;;-1.3%;
2013.06.02 21:30:00;AUD;2;Company Operating Profits q/q;-0.5%;1.6%;3.0%;;-1.0%;
2013.06.02 21:45:00;CNY;2;Caixin Manufacturing PMI;49.6;49.6;49.2;;;
2013.06.02 21:50:00;USD;2;FOMC Member Yellen Speaks;;;;;;
2013.06.03 02:30:00;AUD;1;Commodity Prices y/y;-7.3%;;-8.6%;;-6.5%;
2013.06.03 03:15:00;EUR;2;Spanish Manufacturing PMI;44.7;45.5;48.1;;;
2013.06.03 03:30:00;CHF;2;Manufacturing PMI;50.2;50.9;52.2;;;
2013.06.03 03:45:00;EUR;2;Italian Manufacturing PMI;45.5;46.2;47.3;;;
2013.06.03 03:50:00;EUR;1;French Final Manufacturing PMI;45.5;45.5;46.4;;;
2013.06.03 03:55:00;EUR;1;German Final Manufacturing PMI;49.0;49.0;49.4;;;
2013.06.03 04:00:00;EUR;1;Final Manufacturing PMI;47.8;47.8;48.3;;;
2013.06.03 04:30:00;GBP;3;Final Manufacturing PMI;50.2;50.3;51.3;;49.8;
2013.06.03 09:00:00;USD;1;Final Manufacturing PMI;51.9;52.0;52.3;;;
2013.06.03 09:30:00;CAD;1;Manufacturing PMI;50.1;;53.2;;;
2013.06.03 10:00:00;USD;3;ISM Manufacturing PMI;50.7;50.6;49.0;;;
2013.06.03 10:00:00;USD;1;Construction Spending m/m;-0.8%;1.1%;0.4%;;-1.7%;
2013.06.03 10:00:00;USD;1;ISM Manufacturing Prices;50.0;49.6;49.5;;;
2013.06.03 10:00:00;USD;1;Total Vehicle Sales (All Day);14.9M;15.2M;15.3M;;;
2013.06.03 19:01:00;GBP;2;BRC Retail Sales Monitor y/y;-2.2%;;1.8%;;;
2013.06.03 19:50:00;JPY;1;Monetary Base y/y;23.1%;24.3%;31.6%;;;
2013.06.03 20:25:00;CAD;2;Gov Council Member Lane Speaks;;;;;;
2013.06.03 21:30:00;AUD;2;Current Account;-14.8B;-8.9B;-8.5B;;-14.7B;
2013.06.03 21:30:00;JPY;2;Average Cash Earnings y/y;-0.9%;0.6%;0.3%;;-0.6%;
2013.06.03 22:15:00;CAD;2;Gov Council Member Lane Speaks;;;;;;
2013.06.03 23:45:00;JPY;1;10-y Bond Auction;0.60|3.7;;0.86|3.1;;;
2013.06.04 00:30:00;AUD;3;Cash Rate;2.75%;2.75%;2.75%;;;
2013.06.04 00:30:00;AUD;3;RBA Rate Statement;;;;;;
2013.06.04 03:00:00;EUR;2;Spanish Unemployment Change;-46.1K;-50.2K;-98.3K;;;
2013.06.04 04:30:00;GBP;3;Construction PMI;49.4;49.7;50.8;;;
2013.06.04 05:00:00;EUR;1;PPI m/m;-0.2%;-0.2%;-0.6%;;;
2013.06.04 08:30:00;CAD;3;Trade Balance;0.0B;-0.4B;-0.6B;;;
2013.06.04 08:30:00;USD;3;Trade Balance;-37.1B;-41.1B;-40.3B;;-38.8B;
2013.06.04 10:00:00;USD;1;IBD/TIPP Economic Optimism;45.1;50.2;49.0;;;
2013.06.04 10:30:00;NZD;1;GDT Price Index;-2.6%;;-5.3%;;;
2013.06.04 12:30:00;USD;2;FOMC Member Raskin Speaks;;;;;;
2013.06.04 14:15:00;USD;2;FOMC Member George Speaks;;;;;;
2013.06.04 19:00:00;GBP;1;BRC Shop Price Index y/y;0.4%;;-0.1%;;;
2013.06.04 19:30:00;AUD;1;AIG Services Index;44.1;;40.6;;;
2013.06.04 21:00:00;NZD;1;ANZ Commodity Prices m/m;12.6%;;-1.6%;;;
2013.06.04 21:30:00;AUD;3;GDP q/q;0.6%;0.8%;0.6%;;;
2013.06.04 21:45:00;CNY;2;Caixin Services PMI;51.1;;51.2;;;
2013.06.05 03:15:00;EUR;2;Spanish Services PMI;44.4;45.3;47.3;;;
2013.06.05 03:45:00;EUR;2;Italian Services PMI;47.0;47.5;46.5;;;
2013.06.05 03:50:00;EUR;1;French Final Services PMI;44.3;44.3;44.3;;;
2013.06.05 03:55:00;EUR;1;German Final Services PMI;49.8;49.8;49.7;;;
2013.06.05 04:00:00;EUR;1;Final Services PMI;47.5;47.5;47.2;;;
2013.06.05 04:30:00;GBP;3;Final Services PMI;52.9;53.1;54.9;;;
2013.06.05 05:00:00;EUR;2;Retail Sales m/m;-0.2%;-0.2%;-0.5%;;-0.1%;
2013.06.05 05:00:00;EUR;1;Revised GDP q/q;-0.2%;-0.2%;-0.2%;;;
2013.06.05 08:15:00;USD;3;ADP Non-Farm Employment Change;113K;171K;135K;;119K;
2013.06.05 08:30:00;CAD;3;Building Permits m/m;6.0%;-2.3%;10.5%;;8.6%;
2013.06.05 08:30:00;USD;2;Revised Nonfarm Productivity q/q;0.7%;0.7%;0.5%;;;
2013.06.05 08:30:00;USD;1;Revised Unit Labor Costs q/q;0.5%;0.5%;-4.3%;;;
2013.06.05 10:00:00;USD;3;ISM Services PMI;53.1;53.4;53.7;;;
2013.06.05 10:00:00;USD;2;Factory Orders m/m;-4.9%;1.6%;1.0%;;-4.0%;
2013.06.05 10:30:00;USD;2;Crude Oil Inventories;3.0M;-0.8M;-6.3M;;;
2013.06.05 14:00:00;USD;2;Beige Book;;;;;;
2013.06.05 21:30:00;AUD;3;Trade Balance;0.56B;0.20B;0.03B;;0.31B;
2013.06.05 23:45:00;JPY;1;30-y Bond Auction;1.78|3.6;;1.87|4.1;;;
2013.06.06 03:00:00;GBP;2;Halifax HPI m/m;1.1%;0.2%;0.4%;;;
2013.06.06 03:15:00;CHF;3;CPI m/m;0.0%;0.1%;0.1%;;;
2013.06.06 04:43:00;EUR;2;Spanish 10-y Bond Auction;4.61|2.6;;4.52|2.5;;;
2013.06.06 04:59:00;EUR;2;French 10-y Bond Auction;1.81|2.0;;2.04|1.6;;;
2013.06.06 06:00:00;EUR;2;German Factory Orders m/m;2.3%;-1.0%;-2.3%;;2.2%;
2013.06.06 07:00:00;GBP;3;Asset Purchase Facility;375B;375B;375B;;;
2013.06.06 07:00:00;GBP;3;Official Bank Rate;0.50%;0.50%;0.50%;;;
2013.06.06 07:30:00;USD;1;Challenger Job Cuts y/y;-6.0%;;-41.2%;;;
2013.06.06 07:45:00;EUR;3;Main Refinancing Rate;0.50%;0.50%;0.50%;;;
2013.06.06 08:30:00;EUR;3;ECB Press Conference;;;;;;
2013.06.06 08:30:00;USD;3;Unemployment Claims;357K;345K;346K;;354K;
2013.06.06 08:45:00;CAD;3;BOC Gov Poloz Speaks;;;;;;
2013.06.06 10:00:00;CAD;3;Ivey PMI;52.2;55.3;63.1;;;
2013.06.06 10:30:00;USD;1;Natural Gas Storage;88B;101B;111B;;;
2013.06.06 19:30:00;AUD;1;AIG Construction Index;35.2;;35.3;;;
2013.06.07 01:00:00;JPY;1;Leading Indicators;97.9%;98.8%;99.3%;;97.6%;
2013.06.07 02:00:00;EUR;2;German Trade Balance;17.6B;16.5B;17.7B;;;
2013.06.07 02:45:00;EUR;1;French Gov Budget Balance;-31.0B;;-66.8B;;;
2013.06.07 02:45:00;EUR;1;French Trade Balance;-4.5B;-4.4B;-4.5B;;-4.7B;
2013.06.07 03:00:00;CHF;2;Foreign Currency Reserves;436B;;441B;;434B;
2013.06.07 04:30:00;GBP;2;Consumer Inflation Expectations;3.6%;;3.6%;;;
2013.06.07 04:30:00;GBP;2;Goods Trade Balance;-9.2B;-8.8B;-8.2B;;-9.1B;
2013.06.07 06:00:00;EUR;2;German Industrial Production m/m;1.2%;0.0%;1.8%;;;
2013.06.07 08:30:00;CAD;3;Employment Change;12.5K;16.1K;95.0K;;;
2013.06.07 08:30:00;CAD;3;Unemployment Rate;7.2%;7.2%;7.1%;;;
2013.06.07 08:30:00;CAD;2;Labor Productivity q/q;0.1%;0.3%;0.2%;;;
2013.06.07 08:30:00;USD;3;Non-Farm Employment Change;149K;167K;175K;;165K;
2013.06.07 08:30:00;USD;3;Unemployment Rate;7.5%;7.5%;7.6%;;;
2013.06.07 08:30:00;USD;2;Average Hourly Earnings m/m;0.2%;0.2%;0.0%;;;
2013.06.07 15:00:00;USD;1;Consumer Credit m/m;8.4B;13.4B;11.1B;;8.0B;
2013.06.07 22:14:00;CNY;3;USD-Denominated Trade Balance;18.2B;20.8B;20.4B;;;
2013.06.08 21:30:00;CNY;3;CPI y/y;2.4%;2.5%;2.1%;;;
2013.06.08 21:30:00;CNY;2;PPI y/y;-2.6%;-2.5%;-2.9%;;;
2013.06.08 22:00:00;CNY;2;New Loans;793B;815B;667B;;;
2013.06.08 22:00:00;CNY;1;M2 Money Supply y/y;16.1%;16.0%;15.8%;;;
2013.06.09 01:30:00;CNY;2;Fixed Asset Investment ytd/y;20.6%;20.6%;20.4%;;;
2013.06.09 01:30:00;CNY;2;Industrial Production y/y;9.3%;9.4%;9.2%;;;
2013.06.09 01:30:00;CNY;1;Retail Sales y/y;12.8%;12.9%;12.9%;;;
2013.06.09 01:30:00;AUD;0;Bank Holiday (All Day);;;;;;
2013.06.09 18:45:00;NZD;1;Manufacturing Sales q/q;-0.1%;;0.2%;;0.0%;
2013.06.09 19:50:00;JPY;3;Current Account;0.34T;0.39T;0.85T;;;
2013.06.09 19:50:00;JPY;2;Final GDP q/q;0.9%;0.9%;1.0%;;;
2013.06.09 19:50:00;JPY;1;Bank Lending y/y;1.7%;;1.8%;;;
2013.06.09 19:50:00;JPY;1;Final GDP Price Index y/y;-1.2%;-1.2%;-1.1%;;;
2013.06.09 19:50:00;CNY;0;Bank Holiday (All Day);;;;;;
2013.06.10 01:00:00;JPY;1;Consumer Confidence;44.5;44.8;45.7;;;
2013.06.10 01:45:00;CHF;1;Unemployment Rate;3.1%;3.2%;3.2%;;;
2013.06.10 02:00:00;JPY;1;Economy Watchers Sentiment;56.5;56.3;55.7;;;
2013.06.10 02:45:00;EUR;2;French Industrial Production m/m;-0.6%;0.2%;2.2%;;-0.9%;
2013.06.10 03:15:00;CHF;2;Retail Sales y/y;-0.8%;2.5%;3.3%;;-0.9%;
2013.06.10 04:00:00;EUR;1;Italian Industrial Production m/m;-0.9%;0.1%;-0.3%;;-0.8%;
2013.06.10 04:30:00;EUR;1;Sentix Investor Confidence;-15.6;-10.0;-11.6;;;
2013.06.10 08:13:00;CAD;1;Housing Starts;176K;176K;200K;;175K;
2013.06.10 09:50:00;USD;2;FOMC Member Bullard Speaks;;;;;;
2013.06.10 15:00:00;CHF;2;Gov Board Member Danthine Speaks;;;;;;
2013.06.10 19:01:00;GBP;1;RICS House Price Balance;1%;2%;5%;;;
2013.06.10 19:50:00;JPY;2;BSI Manufacturing Index;-4.6;-2.1;5.0;;;
2013.06.10 19:50:00;JPY;1;M2 Money Stock y/y;3.2%;3.5%;3.4%;;3.3%;
2013.06.10 19:50:00;CNY;0;Bank Holiday (All Day);;;;;;
2013.06.10 21:30:00;AUD;2;Home Loans m/m;4.8%;2.1%;0.8%;;5.2%;
2013.06.10 21:30:00;AUD;2;NAB Business Confidence;-1;;-1;;-2;
2013.06.10 22:48:00;JPY;3;Monetary Policy Statement;;;;;;
2013.06.11 01:45:00;CHF;1;SECO Economic Forecasts;;;;;;
2013.06.11 02:04:00;JPY;1;Prelim Machine Tool Orders y/y;-23.6%;;-7.4%;;-24.1%;
2013.06.11 03:37:00;JPY;3;BOJ Press Conference;;;;;;
2013.06.11 03:37:00;EUR;3;German Constitutional Court Ruling (Day 1);;;;;;
2013.06.11 04:30:00;GBP;3;Manufacturing Production m/m;1.1%;0.0%;-0.2%;;;
2013.06.11 04:30:00;GBP;1;Industrial Production m/m;0.7%;-0.4%;0.1%;;;
2013.06.11 05:35:00;GBP;1;10-y Bond Auction;1.73|1.7;;2.37|1.5;;;
2013.06.11 07:30:00;USD;1;NFIB Small Business Index;92.1;93.4;94.4;;;
2013.06.11 10:00:00;GBP;2;NIESR GDP Estimate;1.0%;;0.6%;;0.8%;
2013.06.11 10:00:00;USD;2;JOLTS Job Openings;3.88M;3.88M;3.76M;;3.84M;
2013.06.11 10:00:00;USD;1;Final Wholesale Inventories m/m;0.3%;0.1%;0.2%;;0.4%;
2013.06.11 19:28:00;NZD;2;REINZ HPI m/m;0.8%;;0.7%;;;
2013.06.11 19:50:00;JPY;2;Core Machinery Orders m/m;14.2%;-8.3%;-8.8%;;;
2013.06.11 19:50:00;JPY;1;PPI y/y;0.1%;0.7%;0.6%;;0.0%;
2013.06.11 19:50:00;CNY;0;Bank Holiday (All Day);;;;;;
2013.06.11 20:30:00;AUD;2;Westpac Consumer Sentiment;-7.0%;;4.7%;;;
2013.06.12 01:00:00;JPY;1;BOJ Monthly Report;;;;;;
2013.06.12 01:30:00;EUR;1;French Final Private Payrolls q/q;-0.1%;-0.1%;-0.1%;;;
2013.06.12 02:00:00;EUR;1;German Final CPI m/m;0.4%;0.4%;0.4%;;;
2013.06.12 02:45:00;EUR;1;French Final CPI m/m;-0.1%;0.3%;0.1%;;;
2013.06.12 02:45:00;EUR;3;German Constitutional Court Ruling (Day 2);;;;;;
2013.06.12 04:30:00;GBP;3;Claimant Count Change;-11.8K;-6.8K;-8.6K;;-7.3K;
2013.06.12 04:30:00;GBP;2;Average Earnings Index 3m/y;0.6%;0.3%;1.3%;;0.4%;
2013.06.12 04:30:00;GBP;2;Unemployment Rate;7.8%;7.8%;7.8%;;;
2013.06.12 05:00:00;EUR;2;Industrial Production m/m;0.9%;-0.2%;0.4%;;1.0%;
2013.06.12 05:00:00;GBP;2;MPC Member Fisher Speaks;;;;;;
2013.06.12 10:30:00;USD;2;Crude Oil Inventories;-6.3M;-1.4M;2.5M;;;
2013.06.12 13:00:00;USD;2;10-y Bond Auction;1.81|2.7;;2.21|2.5;;;
2013.06.12 13:52:00;USD;2;Federal Budget Balance;112.9B;-110.2B;-138.7B;;;
2013.06.12 17:00:00;NZD;3;Official Cash Rate;2.50%;2.50%;2.50%;;;
2013.06.12 17:00:00;NZD;3;RBNZ Press Conference;;;;;;
2013.06.12 17:00:00;NZD;3;RBNZ Rate Statement;;;;;;
2013.06.12 17:00:00;NZD;2;RBNZ Monetary Policy Statement;;;;;;
2013.06.12 19:01:00;GBP;1;BOE Quarterly Bulletin;;;;;;
2013.06.12 21:00:00;AUD;2;MI Inflation Expectations;2.3%;;2.3%;;;
2013.06.12 21:10:00;NZD;3;RBNZ Gov Wheeler Speaks;;;;;;
2013.06.12 21:30:00;AUD;3;Employment Change;45.0K;-9.8K;1.1K;;50.1K;
2013.06.12 21:30:00;AUD;3;Unemployment Rate;5.6%;5.6%;5.5%;;5.5%;
2013.06.13 02:00:00;EUR;1;German WPI m/m;-0.2%;-0.2%;-0.4%;;;
2013.06.13 03:15:00;CHF;2;PPI m/m;0.2%;0.1%;-0.3%;;;
2013.06.13 04:00:00;EUR;2;ECB Monthly Bulletin;;;;;;
2013.06.13 08:15:00;GBP;2;MPC Member Tucker Speaks;;;;;;
2013.06.13 08:30:00;CAD;2;NHPI m/m;0.1%;0.3%;0.2%;;;
2013.06.13 08:30:00;CAD;1;Capacity Utilization Rate;80.5%;81.3%;81.1%;;80.7%;
2013.06.13 08:30:00;USD;3;Core Retail Sales m/m;0.0%;0.3%;0.3%;;-0.1%;
2013.06.13 08:30:00;USD;3;Retail Sales m/m;0.1%;0.4%;0.6%;;;
2013.06.13 08:30:00;USD;3;Unemployment Claims;346K;354K;334K;;;
2013.06.13 08:30:00;USD;2;Import Prices m/m;-0.7%;0.0%;-0.6%;;-0.5%;
2013.06.13 10:00:00;USD;2;Business Inventories m/m;-0.1%;0.3%;0.3%;;0.0%;
2013.06.13 10:30:00;CAD;1;BOC Financial System Review;;;;;;
2013.06.13 10:30:00;USD;1;Natural Gas Storage;111B;96B;95B;;;
2013.06.13 13:00:00;EUR;2;German Buba President Weidmann Speaks;;;;;;
2013.06.13 13:00:00;USD;2;30-y Bond Auction;2.98|2.5;;3.36|2.5;;;
2013.06.13 18:33:00;NZD;2;BusinessNZ Manufacturing Index;55.2;;59.2;;54.5;
2013.06.13 18:45:00;NZD;1;FPI m/m;0.2%;;0.3%;;;
2013.06.13 19:50:00;JPY;2;Monetary Policy Meeting Minutes;;;;;;
2013.06.14 05:00:00;EUR;2;Final CPI y/y;1.4%;1.4%;1.4%;;;
2013.06.14 05:00:00;EUR;1;Final Core CPI y/y;1.2%;1.2%;1.2%;;;
2013.06.14 05:00:00;EUR;1;Final Employment Change q/q;-0.3%;-0.2%;-0.5%;;;
2013.06.14 05:00:00;GBP;1;CB Leading Index m/m;0.4%;;0.2%;;;
2013.06.14 05:50:00;GBP;2;MPC Member McCafferty Speaks;;;;;;
2013.06.14 08:30:00;CAD;3;Manufacturing Sales m/m;-0.6%;0.3%;-2.4%;;-0.3%;
2013.06.14 08:30:00;USD;3;PPI m/m;-0.7%;0.1%;0.5%;;;
2013.06.14 08:30:00;USD;2;Core PPI m/m;0.1%;0.1%;0.1%;;;
2013.06.14 08:30:00;USD;2;Current Account;-102B;-110B;-106B;;-110B;
2013.06.14 09:00:00;USD;2;TIC Long-Term Purchases;-13.4B;35.0B;-37.3B;;-13.5B;
2013.06.14 09:15:00;USD;2;Capacity Utilization Rate;77.7%;77.9%;77.6%;;77.8%;
2013.06.14 09:15:00;USD;2;Industrial Production m/m;-0.4%;0.3%;0.0%;;-0.5%;
2013.06.14 09:55:00;USD;3;Prelim UoM Consumer Sentiment;84.5;84.9;82.7;;83.7;
2013.06.14 09:55:00;USD;1;Prelim UoM Inflation Expectations;3.1%;;3.2%;;;
2013.06.16 18:00:00;NZD;1;Westpac Consumer Sentiment;110.8;;116.6;;;
2013.06.16 19:01:00;GBP;1;Rightmove HPI m/m;2.1%;;1.2%;;;
2013.06.16 19:50:00;JPY;2;Tertiary Industry Activity m/m;-0.2%;0.2%;0.0%;;-1.3%;
2013.06.16 21:30:00;AUD;2;New Motor Vehicle Sales m/m;-1.7%;;0.0%;;-1.6%;
2013.06.17 04:00:00;EUR;1;Italian Trade Balance;3.24B;2.48B;1.91B;;;
2013.06.17 05:00:00;EUR;1;Trade Balance;18.1B;21.2B;16.1B;;18.7B;
2013.06.17 06:00:00;EUR;2;German Buba Monthly Report;;;;;;
2013.06.17 08:30:00;CAD;2;Foreign Securities Purchases;0.96B;4.59B;14.91B;;1.19B;
2013.06.17 08:30:00;USD;2;Empire State Manufacturing Index;-1.4;0.4;7.8;;;
2013.06.17 10:00:00;USD;1;NAHB Housing Market Index;44;45;52;;;
2013.06.17 10:00:00;All;3;G8 Meetings (Day 1);;;;;;
2013.06.17 11:10:00;EUR;2;German Buba President Weidmann Speaks;;;;;;
2013.06.17 21:30:00;AUD;3;Monetary Policy Meeting Minutes;;;;;;
2013.06.17 22:00:00;CNY;1;CB Leading Index m/m;1.5%;;0.3%;;;
2013.06.17 22:00:00;CNY;1;Foreign Direct Investment ytd/y;1.2%;;1.0%;;;
2013.06.18 00:30:00;JPY;1;Revised Industrial Production m/m;1.7%;1.7%;0.9%;;;
2013.06.18 02:00:00;EUR;3;ECB President Draghi Speaks;;;;;;
2013.06.18 04:30:00;GBP;3;CPI y/y;2.4%;2.6%;2.7%;;;
2013.06.18 04:30:00;GBP;2;PPI Input m/m;-2.3%;0.1%;-0.3%;;;
2013.06.18 04:30:00;GBP;2;RPI y/y;2.9%;3.1%;3.1%;;;
2013.06.18 04:30:00;GBP;1;Core CPI y/y;2.0%;2.1%;2.2%;;;
2013.06.18 04:30:00;GBP;1;ONS HPI y/y;2.7%;2.6%;2.6%;;;
2013.06.18 04:30:00;GBP;1;PPI Output m/m;-0.2%;0.0%;0.0%;;-0.1%;
2013.06.18 05:00:00;EUR;3;German ZEW Economic Sentiment;36.4;38.2;38.5;;;
2013.06.18 05:00:00;EUR;2;ZEW Economic Sentiment;27.6;29.4;30.6;;;
2013.06.18 08:30:00;USD;3;Building Permits;1.01M;0.98M;0.97M;;1.02M;
2013.06.18 08:30:00;USD;3;Core CPI m/m;0.1%;0.2%;0.2%;;;
2013.06.18 08:30:00;USD;2;CPI m/m;-0.4%;0.1%;0.1%;;;
2013.06.18 08:30:00;USD;2;Housing Starts;0.86M;0.95M;0.91M;;0.85M;
2013.06.18 08:30:00;All;3;G8 Meetings (Day 2);;;;;;
2013.06.18 10:30:00;NZD;1;GDT Price Index;-5.3%;;2.4%;;;
2013.06.18 18:45:00;NZD;2;Current Account;-3.23B;-0.64B;-0.66B;;-3.26B;
2013.06.18 19:50:00;JPY;2;Trade Balance;-0.70T;-0.89T;-0.82T;;-0.76T;
2013.06.18 20:00:00;AUD;2;CB Leading Index m/m;0.1%;;0.3%;;;
2013.06.18 20:30:00;AUD;1;MI Leading Index m/m;0.1%;;0.6%;;0.2%;
2013.06.19 04:30:00;GBP;3;MPC Asset Purchase Facility Votes;3-0-6;3-0-6;3-0-6;;;
2013.06.19 04:30:00;GBP;3;MPC Official Bank Rate Votes;0-0-9;0-0-9;0-0-9;;;
2013.06.19 05:00:00;CHF;2;Credit Suisse Economic Expectations;2.2;;2.2;;;
2013.06.19 05:33:00;EUR;2;German 10-y Bond Auction;1.41|1.6;;1.55|1.5;;;
2013.06.19 08:30:00;CAD;2;Wholesale Sales m/m;0.1%;0.5%;0.2%;;0.3%;
2013.06.19 10:30:00;USD;2;Crude Oil Inventories;2.5M;0.5M;0.3M;;;
2013.06.19 12:40:00;CAD;3;BOC Gov Poloz Speaks;;;;;;
2013.06.19 14:00:00;USD;3;FOMC Economic Projections;;;;;;
2013.06.19 14:00:00;USD;3;FOMC Statement;;;;;;
2013.06.19 14:00:00;USD;2;Federal Funds Rate;<0.25%;<0.25%;<0.25%;;;
2013.06.19 14:30:00;USD;3;FOMC Press Conference;;;;;;
2013.06.19 16:00:00;GBP;2;BOE Gov King Speaks;;;;;;
2013.06.19 18:45:00;NZD;3;GDP q/q;1.5%;0.6%;0.3%;;;
2013.06.19 21:30:00;AUD;1;RBA Bulletin;;;;;;
2013.06.19 21:45:00;CNY;3;Caixin Flash Manufacturing PMI;49.2;49.4;48.3;;49.6;
2013.06.20 00:30:00;CHF;2;SNB Financial Stability Report;;;;;;
2013.06.20 02:00:00;CHF;1;Trade Balance;1.70B;2.45B;2.22B;;1.73B;
2013.06.20 02:00:00;EUR;2;German PPI m/m;-0.2%;0.0%;-0.3%;;;
2013.06.20 03:00:00;EUR;3;French Flash Manufacturing PMI;46.4;47.1;48.3;;45.5;
2013.06.20 03:00:00;EUR;2;French Flash Services PMI;44.3;45.0;46.5;;;
2013.06.20 03:30:00;CHF;3;Libor Rate;<0.25%;<0.25%;<0.25%;;;
2013.06.20 03:30:00;CHF;3;SNB Monetary Policy Assessment;;;;;;
2013.06.20 03:30:00;CHF;3;SNB Press Conference;;;;;;
2013.06.20 03:30:00;EUR;3;German Flash Manufacturing PMI;49.4;49.9;48.7;;49.0;
2013.06.20 03:30:00;EUR;2;German Flash Services PMI;49.7;50.1;51.3;;49.8;
2013.06.20 04:00:00;EUR;2;Flash Manufacturing PMI;48.3;48.6;48.7;;47.8;
2013.06.20 04:00:00;EUR;2;Flash Services PMI;47.2;47.7;48.6;;47.5;
2013.06.20 04:30:00;GBP;3;Retail Sales m/m;-1.1%;0.8%;2.1%;;-1.3%;
2013.06.20 04:46:00;EUR;2;Spanish 10-y Bond Auction;4.52|2.5;;4.77|1.8;;;
2013.06.20 04:46:00;EUR;3;Eurogroup Meetings (All Day);;;;;;
2013.06.20 06:00:00;GBP;2;CBI Industrial Order Expectations;-20;-15;-18;;;
2013.06.20 08:30:00;USD;3;Unemployment Claims;336K;343K;354K;;334K;
2013.06.20 09:00:00;USD;2;Flash Manufacturing PMI;52.3;52.5;52.2;;51.9;
2013.06.20 09:15:00;GBP;2;MPC Member Fisher Speaks;;;;;;
2013.06.20 10:00:00;EUR;1;Consumer Confidence;-22;-22;-19;;;
2013.06.20 10:00:00;USD;3;Existing Home Sales;4.97M;5.01M;5.18M;;;
2013.06.20 10:00:00;USD;3;Philly Fed Manufacturing Index;-5.2;-0.6;12.5;;;
2013.06.20 10:00:00;USD;1;CB Leading Index m/m;0.8%;0.2%;0.1%;;0.6%;
2013.06.20 10:30:00;USD;1;Natural Gas Storage;95B;89B;91B;;;
2013.06.21 02:35:00;JPY;3;BOJ Gov Kuroda Speaks;;;;;;
2013.06.21 04:00:00;EUR;2;Current Account;25.9B;15.1B;19.5B;;;
2013.06.21 04:30:00;GBP;2;Public Sector Net Borrowing;6.6B;12.7B;10.5B;;8.0B;
2013.06.21 04:30:00;EUR;2;ECOFIN Meetings (All Day);;;;;;
2013.06.21 08:30:00;CAD;3;Core CPI m/m;0.1%;0.3%;0.2%;;;
2013.06.21 08:30:00;CAD;3;Core Retail Sales m/m;-0.3%;0.0%;-0.3%;;-0.2%;
2013.06.21 08:30:00;CAD;2;CPI m/m;-0.2%;0.4%;0.2%;;;
2013.06.21 08:30:00;CAD;2;Retail Sales m/m;0.0%;0.2%;0.1%;;;
2013.06.23 18:45:00;NZD;1;Visitor Arrivals m/m;2.1%;;-0.6%;;2.2%;
2013.06.23 23:00:00;NZD;1;Credit Card Spending y/y;4.0%;;2.4%;;;
2013.06.24 04:00:00;EUR;3;German ifo Business Climate;105.7;106.0;105.9;;;
2013.06.24 09:00:00;EUR;1;Belgian NBB Business Climate;-12.4;-11.1;-12.8;;;
2013.06.24 19:50:00;JPY;1;SPPI y/y;-0.3%;0.1%;0.3%;;-0.4%;
2013.06.25 04:00:00;EUR;1;Italian Retail Sales m/m;-0.3%;0.0%;-0.1%;;;
2013.06.25 04:30:00;GBP;3;Monetary Policy Report Hearings;;;;;;
2013.06.25 04:30:00;GBP;2;High Street Lending;33.0K;33.1K;36.1K;;32.2K;
2013.06.25 06:00:00;GBP;2;CBI Realized Sales;-11;1;1;;;
2013.06.25 07:30:00;CHF;2;Gov Board Member Zurbrugg Speaks;;;;;;
2013.06.25 08:15:00;EUR;3;ECB President Draghi Speaks;;;;;;
2013.06.25 08:30:00;USD;3;Core Durable Goods Orders m/m;1.5%;0.0%;0.7%;;1.3%;
2013.06.25 08:30:00;USD;2;Durable Goods Orders m/m;3.5%;3.0%;3.6%;;3.3%;
2013.06.25 09:00:00;USD;2;SP/CS Composite-20 HPI y/y;10.9%;10.6%;12.1%;;;
2013.06.25 09:00:00;USD;1;HPI m/m;1.5%;1.2%;0.7%;;1.3%;
2013.06.25 09:59:00;USD;1;Richmond Manufacturing Index;-2;0;8;;;
2013.06.25 10:00:00;USD;3;CB Consumer Confidence;74.3;75.2;81.4;;76.2;
2013.06.25 10:00:00;USD;3;New Home Sales;466K;462K;476K;;454K;
2013.06.25 17:00:00;USD;2;Treasury Sec Lew Speaks;;;;;;
2013.06.26 02:00:00;CHF;1;UBS Consumption Indicator;1.43;;1.46;;1.46;
2013.06.26 02:00:00;EUR;2;German GfK Consumer Climate;6.5;6.6;6.8;;;
2013.06.26 03:48:00;EUR;3;ECB President Draghi Speaks;;;;;;
2013.06.26 03:48:00;EUR;2;ECOFIN Meetings (All Day);;;;;;
2013.06.26 05:30:00;GBP;3;BOE Gov King Speaks;;;;;;
2013.06.26 05:30:00;GBP;2;BOE Financial Stability Report;;;;;;
2013.06.26 05:30:00;GBP;1;FPC Statement;;;;;;
2013.06.26 07:30:00;GBP;2;Government Spending Review;;;;;;
2013.06.26 08:30:00;USD;2;Final GDP q/q;2.4%;2.4%;1.8%;;;
2013.06.26 08:30:00;USD;1;Final GDP Price Index q/q;1.1%;1.1%;1.2%;;;
2013.06.26 10:30:00;USD;2;Crude Oil Inventories;0.3M;-1.9M;0.0M;;;
2013.06.26 12:00:00;CAD;2;Gov Council Member Lane Speaks;;;;;;
2013.06.26 18:45:00;NZD;3;Trade Balance;174M;412M;71M;;157M;
2013.06.26 21:00:00;NZD;3;Final ANZ Business Confidence;41.8;;50.1;;;
2013.06.27 00:30:00;JPY;1;All Industries Activity m/m;0.2%;0.5%;0.4%;;-0.3%;
2013.06.27 02:00:00;EUR;1;German Import Prices m/m;-1.4%;-0.1%;-0.4%;;;
2013.06.27 03:00:00;EUR;1;Spanish Flash CPI y/y;1.7%;1.9%;2.1%;;;
2013.06.27 03:55:00;EUR;2;German Unemployment Change;17K;7K;-12K;;21K;
2013.06.27 04:00:00;EUR;2;M3 Money Supply y/y;3.2%;2.9%;2.9%;;;
2013.06.27 04:00:00;EUR;1;Private Loans y/y;-0.9%;-0.8%;-1.1%;;;
2013.06.27 04:10:00;EUR;1;Retail PMI;46.8;;49.1;;;
2013.06.27 04:30:00;GBP;3;Current Account;-13.6B;-11.9B;-14.5B;;-14.0B;
2013.06.27 04:30:00;GBP;2;Final GDP q/q;0.3%;0.3%;0.3%;;;
2013.06.27 04:30:00;GBP;1;Revised Business Investment q/q;-0.4%;-0.4%;-1.9%;;;
2013.06.27 05:14:00;EUR;3;Italian 10-y Bond Auction;4.14|1.4;;4.55|1.5;;;
2013.06.27 05:14:00;EUR;2;EU Economic Summit (Day 1);;;;;;
2013.06.27 08:30:00;USD;3;Unemployment Claims;355K;347K;346K;;354K;
2013.06.27 08:30:00;USD;2;Core PCE Price Index m/m;0.0%;0.1%;0.1%;;;
2013.06.27 08:30:00;USD;2;Personal Spending m/m;-0.3%;0.3%;0.3%;;-0.2%;
2013.06.27 08:30:00;USD;1;Personal Income m/m;0.1%;0.2%;0.5%;;0.0%;
2013.06.27 09:00:00;CHF;1;SNB Quarterly Bulletin;;;;;;
2013.06.27 10:00:00;USD;3;Pending Home Sales m/m;-0.5%;1.1%;6.7%;;0.3%;
2013.06.27 10:00:00;USD;2;FOMC Member Dudley Speaks;;;;;;
2013.06.27 10:30:00;USD;2;FOMC Member Powell Speaks;;;;;;
2013.06.27 10:30:00;USD;1;Natural Gas Storage;91B;89B;95B;;;
2013.06.27 18:45:00;NZD;2;Building Consents m/m;21.0%;;1.3%;;18.5%;
2013.06.27 19:05:00;GBP;1;GfK Consumer Confidence;-22;-21;-21;;;
2013.06.27 19:15:00;JPY;1;Final Manufacturing PMI;51.5;;52.3;;;
2013.06.27 19:30:00;JPY;2;Household Spending y/y;1.5%;1.5%;-1.6%;;;
2013.06.27 19:30:00;JPY;2;Tokyo Core CPI y/y;0.1%;0.2%;0.2%;;;
2013.06.27 19:30:00;JPY;1;National Core CPI y/y;-0.4%;0.0%;0.0%;;;
2013.06.27 19:30:00;JPY;1;Unemployment Rate;4.1%;4.0%;4.1%;;;
2013.06.27 19:50:00;JPY;2;Prelim Industrial Production m/m;1.7%;0.2%;2.0%;;;
2013.06.27 19:50:00;JPY;2;Retail Sales y/y;-0.2%;0.1%;0.8%;;-0.1%;
2013.06.27 21:30:00;AUD;2;Private Sector Credit m/m;0.3%;0.2%;0.3%;;;
2013.06.28 01:00:00;JPY;1;Housing Starts y/y;5.8%;6.3%;14.5%;;;
2013.06.28 02:00:00;EUR;2;German Retail Sales m/m;-0.1%;0.4%;0.8%;;-0.4%;
2013.06.28 02:00:00;GBP;2;Nationwide HPI m/m;0.4%;0.4%;0.3%;;;
2013.06.28 02:00:00;EUR;2;German Prelim CPI m/m (All Day);0.4%;0.0%;0.1%;;;
2013.06.28 02:45:00;EUR;2;French Consumer Spending m/m;-0.5%;0.0%;0.5%;;-0.3%;
2013.06.28 03:00:00;CHF;2;KOF Economic Barometer;1.09;1.21;1.16;;1.10;
2013.06.28 04:30:00;GBP;1;Index of Services 3m/3m;0.5%;0.2%;0.8%;;0.6%;
2013.06.28 05:00:00;EUR;1;Italian Prelim CPI m/m;0.0%;0.1%;0.3%;;0.1%;
2013.06.28 05:00:00;EUR;2;EU Economic Summit (Day 2);;;;;;
2013.06.28 08:00:00;USD;2;FOMC Member Stein Speaks;;;;;;
2013.06.28 08:30:00;CAD;3;GDP m/m;0.2%;0.1%;0.1%;;;
2013.06.28 08:30:00;CAD;2;RMPI m/m;-2.4%;0.5%;0.2%;;-2.2%;
2013.06.28 08:30:00;CAD;1;IPPI m/m;-0.9%;0.7%;0.0%;;-0.8%;
2013.06.28 09:45:00;USD;2;Chicago PMI;58.7;55.5;51.6;;;
2013.06.28 09:55:00;USD;2;Revised UoM Consumer Sentiment;82.7;83.1;84.1;;;
2013.06.28 09:55:00;USD;1;Revised UoM Inflation Expectations;3.2%;;3.0%;;;
2013.06.30 19:30:00;AUD;1;AIG Manufacturing Index;43.8;;49.6;;;
2013.06.30 19:30:00;USD;2;Treasury Sec Lew Speaks;;;;;;
2013.06.30 19:50:00;JPY;2;Tankan Manufacturing Index;-8;3;4;;;
2013.06.30 19:50:00;JPY;2;Tankan Non-Manufacturing Index;6;12;12;;;
2013.06.30 20:30:00;AUD;1;MI Inflation Gauge m/m;0.2%;;0.0%;;;
2013.06.30 21:00:00;CNY;3;Manufacturing PMI;50.8;50.1;50.1;;;
2013.06.30 21:45:00;CNY;2;Caixin Manufacturing PMI;48.3;48.3;48.2;;;
