2014.09.01 02:00:00;EUR;1;German Final GDP q/q;-0.2%;-0.2%;-0.2%;;;
2014.09.01 02:30:00;AUD;1;Commodity Prices y/y;-13.8%;;-11.5%;;-12.1%;
2014.09.01 03:15:00;EUR;2;Spanish Manufacturing PMI;53.9;53.4;52.8;;;
2014.09.01 03:30:00;CHF;1;Manufacturing PMI;54.3;53.8;52.9;;;
2014.09.01 03:45:00;EUR;2;Italian Manufacturing PMI;51.9;51.0;49.8;;;
2014.09.01 03:50:00;EUR;1;French Final Manufacturing PMI;46.5;46.5;46.9;;;
2014.09.01 03:55:00;EUR;2;German Final Manufacturing PMI;52.0;52.0;51.4;;;
2014.09.01 04:00:00;EUR;1;Final Manufacturing PMI;50.8;50.8;50.7;;;
2014.09.01 04:30:00;GBP;3;Final Manufacturing PMI;54.8;55.1;52.5;;55.4;
2014.09.01 04:30:00;GBP;2;Net Lending to Individuals m/m;2.8B;2.4B;3.4B;;2.5B;
2014.09.01 04:30:00;GBP;1;M4 Money Supply m/m;0.1%;0.5%;0.3%;;;
2014.09.01 04:30:00;GBP;1;Mortgage Approvals;67K;66K;67K;;;
2014.09.01 04:30:00;CAD;0;Bank Holiday (All Day);;;;;;
2014.09.01 04:30:00;USD;0;Bank Holiday (All Day);;;;;;
2014.09.01 19:50:00;JPY;1;Monetary Base y/y;42.7%;43.7%;40.5%;;;
2014.09.01 21:00:00;NZD;1;ANZ Commodity Prices m/m;-2.4%;;-3.3%;;;
2014.09.01 21:30:00;AUD;3;Building Approvals m/m;-3.8%;1.7%;2.5%;;-5.0%;
2014.09.01 21:30:00;AUD;2;Current Account;-7.8B;-13.8B;-13.7B;;-5.7B;
2014.09.01 21:35:00;JPY;2;Average Cash Earnings y/y;1.0%;0.9%;2.6%;;0.4%;
2014.09.01 23:45:00;JPY;1;10-y Bond Auction;0.52|4.3;;0.52|3.6;;;
2014.09.02 00:30:00;AUD;3;Cash Rate;2.50%;2.50%;2.50%;;;
2014.09.02 00:30:00;AUD;3;RBA Rate Statement;;;;;;
2014.09.02 01:45:00;CHF;1;GDP q/q;0.5%;0.5%;0.0%;;;
2014.09.02 03:00:00;EUR;2;Spanish Unemployment Change;-29.8K;25.5K;8.1K;;;
2014.09.02 04:30:00;GBP;3;Construction PMI;62.4;61.5;64.0;;;
2014.09.02 05:00:00;EUR;1;PPI m/m;0.2%;0.0%;-0.1%;;0.1%;
2014.09.02 09:30:00;CAD;1;Manufacturing PMI;54.3;;54.8;;;
2014.09.02 09:45:00;USD;1;Final Manufacturing PMI;58.0;58.0;57.9;;;
2014.09.02 10:00:00;USD;3;ISM Manufacturing PMI;57.1;57.0;59.0;;;
2014.09.02 10:00:00;USD;1;Construction Spending m/m;-0.9%;0.9%;1.8%;;-1.8%;
2014.09.02 10:00:00;USD;1;IBD/TIPP Economic Optimism;44.5;46.2;45.2;;;
2014.09.02 10:00:00;USD;1;ISM Manufacturing Prices;59.5;59.0;58.0;;;
2014.09.02 10:01:00;NZD;3;GDT Price Index;-0.6%;;-6.0%;;;
2014.09.02 19:01:00;GBP;1;BRC Shop Price Index y/y;-1.9%;;-1.6%;;;
2014.09.02 19:13:00;AUD;1;AIG Services Index;49.3;;49.4;;;
2014.09.02 21:00:00;CNY;3;Non-Manufacturing PMI;54.2;;54.4;;;
2014.09.02 21:30:00;AUD;3;GDP q/q;1.1%;0.4%;0.5%;;;
2014.09.02 21:45:00;CNY;2;Caixin Services PMI;50.0;;54.1;;;
2014.09.02 23:20:00;AUD;3;RBA Gov Stevens Speaks;;;;;;
2014.09.03 03:15:00;EUR;2;Spanish Services PMI;56.2;55.5;58.1;;;
2014.09.03 03:45:00;EUR;2;Italian Services PMI;52.8;51.7;49.8;;;
2014.09.03 03:50:00;EUR;1;French Final Services PMI;51.1;51.1;50.3;;;
2014.09.03 03:55:00;EUR;2;German Final Services PMI;56.4;56.4;54.9;;;
2014.09.03 04:00:00;EUR;1;Final Services PMI;53.5;53.5;53.1;;;
2014.09.03 04:30:00;GBP;3;Final Services PMI;59.1;58.6;60.5;;;
2014.09.03 05:00:00;EUR;2;Retail Sales m/m;0.3%;-0.3%;-0.4%;;0.4%;
2014.09.03 10:00:00;CAD;3;BOC Rate Statement;;;;;;
2014.09.03 10:00:00;CAD;3;Overnight Rate;1.00%;1.00%;1.00%;;;
2014.09.03 10:00:00;USD;2;Factory Orders m/m;1.5%;10.9%;10.5%;;1.1%;
2014.09.03 10:00:00;USD;1;Total Vehicle Sales (All Day);16.5M;16.5M;17.5M;;;
2014.09.03 14:00:00;USD;2;Beige Book;;;;;;
2014.09.03 21:30:00;AUD;3;Retail Sales m/m;0.6%;0.4%;0.4%;;;
2014.09.03 21:30:00;AUD;3;Trade Balance;-1.56B;-1.77B;-1.36B;;-1.68B;
2014.09.03 23:07:00;JPY;3;Monetary Policy Statement;;;;;;
2014.09.04 02:00:00;EUR;3;German Factory Orders m/m;-2.7%;1.6%;4.6%;;-3.2%;
2014.09.04 02:31:00;JPY;3;BOJ Press Conference;;;;;;
2014.09.04 04:10:00;EUR;1;Retail PMI;47.6;;45.8;;;
2014.09.04 04:40:00;EUR;1;Spanish 10-y Bond Auction;2.69|2.1;;2.27|1.8;;;
2014.09.04 05:00:00;EUR;1;French 10-y Bond Auction;1.77|2.7;;1.32|2.8;;;
2014.09.04 07:00:00;GBP;3;Asset Purchase Facility;375B;375B;375B;;;
2014.09.04 07:00:00;GBP;3;Official Bank Rate;0.50%;0.50%;0.50%;;;
2014.09.04 07:30:00;USD;1;Challenger Job Cuts y/y;24.4%;;-20.7%;;;
2014.09.04 07:45:00;EUR;3;Main Refinancing Rate;0.15%;0.15%;0.05%;;;
2014.09.04 08:15:00;USD;3;ADP Non-Farm Employment Change;212K;218K;204K;;218K;
2014.09.04 08:30:00;CAD;3;Trade Balance;1.8B;1.1B;2.6B;;1.9B;
2014.09.04 08:30:00;EUR;3;ECB Press Conference;;;;;;
2014.09.04 08:30:00;USD;3;Trade Balance;-40.8B;-42.5B;-40.5B;;-41.5B;
2014.09.04 08:30:00;USD;3;Unemployment Claims;298K;298K;302K;;;
2014.09.04 08:30:00;USD;2;Revised Nonfarm Productivity q/q;2.5%;2.5%;2.3%;;;
2014.09.04 08:30:00;USD;1;Revised Unit Labor Costs q/q;0.6%;0.6%;-0.1%;;;
2014.09.04 09:45:00;USD;1;Final Services PMI;58.5;58.5;59.5;;;
2014.09.04 10:00:00;USD;3;ISM Services PMI;58.7;57.3;59.6;;;
2014.09.04 10:30:00;USD;1;Natural Gas Storage;75B;72B;79B;;;
2014.09.04 11:00:00;USD;2;Crude Oil Inventories;-2.1M;-0.9M;-0.9M;;;
2014.09.04 12:30:00;USD;2;FOMC Member Mester Speaks;;;;;;
2014.09.04 19:00:00;USD;2;FOMC Member Powell Speaks;;;;;;
2014.09.04 19:20:00;AUD;1;AIG Construction Index;52.6;;55.0;;;
2014.09.04 20:15:00;USD;2;FOMC Member Fisher Speaks;;;;;;
2014.09.04 21:00:00;USD;2;FOMC Member Kocherlakota Speaks;;;;;;
2014.09.05 01:00:00;JPY;1;BOJ Monthly Report;;;;;;
2014.09.05 01:00:00;JPY;1;Leading Indicators;105.9%;107.2%;106.5%;;105.5%;
2014.09.05 02:00:00;EUR;2;German Industrial Production m/m;0.4%;0.5%;1.9%;;0.3%;
2014.09.05 03:00:00;CHF;2;Foreign Currency Reserves;453B;;454B;;;
2014.09.05 04:30:00;GBP;1;Consumer Inflation Expectations;2.6%;;2.8%;;;
2014.09.05 05:00:00;EUR;1;Revised GDP q/q;0.0%;0.0%;0.0%;;;
2014.09.05 08:30:00;CAD;3;Employment Change;41.7K;10.3K;-11.0K;;;
2014.09.05 08:30:00;CAD;3;Unemployment Rate;7.0%;7.0%;7.0%;;;
2014.09.05 08:30:00;CAD;2;Labor Productivity q/q;-0.1%;0.1%;1.8%;;;
2014.09.05 08:30:00;USD;3;Non-Farm Employment Change;212K;226K;142K;;209K;
2014.09.05 08:30:00;USD;3;Unemployment Rate;6.2%;6.1%;6.1%;;;
2014.09.05 08:30:00;USD;2;Average Hourly Earnings m/m;0.1%;0.2%;0.2%;;0.0%;
2014.09.05 10:00:00;CAD;3;Ivey PMI;54.1;55.7;50.9;;;
2014.09.06 10:15:00;USD;2;FOMC Member Plosser Speaks;;;;;;
2014.09.07 18:45:00;NZD;1;Manufacturing Sales q/q;0.0%;;-1.9%;;0.6%;
2014.09.07 19:50:00;JPY;2;Current Account;0.13T;0.18T;0.10T;;;
2014.09.07 19:50:00;JPY;2;Final GDP q/q;-1.7%;-1.8%;-1.8%;;;
2014.09.07 19:50:00;JPY;1;Bank Lending y/y;2.2%;;2.2%;;;
2014.09.07 19:55:00;JPY;1;Final GDP Price Index y/y;2.0%;2.0%;2.0%;;;
2014.09.07 19:55:00;CNY;0;Bank Holiday (All Day);;;;;;
2014.09.07 21:30:00;AUD;2;ANZ Job Advertisements m/m;0.5%;;1.5%;;0.3%;
2014.09.07 22:01:00;CNY;3;USD-Denominated Trade Balance;47.3B;40.8B;49.8B;;;
2014.09.08 01:00:00;JPY;1;Economy Watchers Sentiment;51.3;52.4;47.4;;;
2014.09.08 01:45:00;CHF;1;Unemployment Rate;3.2%;3.2%;3.2%;;;
2014.09.08 02:00:00;EUR;2;German Trade Balance;16.4B;17.3B;22.2B;;16.2B;
2014.09.08 02:57:00;GBP;2;Halifax HPI m/m;1.2%;0.2%;0.1%;;1.4%;
2014.09.08 03:15:00;CHF;2;CPI m/m;-0.4%;-0.1%;0.0%;;;
2014.09.08 03:15:00;CHF;2;Retail Sales y/y;3.3%;3.7%;-0.6%;;3.4%;
2014.09.08 04:30:00;EUR;1;Sentix Investor Confidence;2.7;3.2;-9.8;;;
2014.09.08 08:30:00;CAD;3;Building Permits m/m;16.4%;-4.2%;11.8%;;13.5%;
2014.09.08 08:45:00;USD;2;Treasury Sec Lew Speaks;;;;;;
2014.09.08 15:00:00;USD;1;Consumer Credit m/m;18.8B;17.4B;26.0B;;17.3B;
2014.09.08 19:01:00;GBP;1;BRC Retail Sales Monitor y/y;-0.3%;;1.3%;;;
2014.09.08 19:50:00;JPY;2;Monetary Policy Meeting Minutes;;;;;;
2014.09.08 19:50:00;JPY;2;Tertiary Industry Activity m/m;0.0%;0.3%;0.0%;;-0.1%;
2014.09.08 19:50:00;JPY;1;M2 Money Stock y/y;3.0%;2.9%;3.0%;;;
2014.09.08 21:30:00;AUD;3;NAB Business Confidence;10;;8;;11;
2014.09.08 21:30:00;AUD;2;Home Loans m/m;0.1%;1.1%;0.3%;;0.2%;
2014.09.08 23:45:00;JPY;1;30-y Bond Auction;1.68|4.1;;1.68|3.6;;;
2014.09.09 01:00:00;JPY;1;Consumer Confidence;41.5;42.3;41.2;;;
2014.09.09 01:58:00;JPY;1;Prelim Machine Tool Orders y/y;37.7%;;35.6%;;;
2014.09.09 02:45:00;EUR;1;French Gov Budget Balance;-59.4B;;-84.1B;;;
2014.09.09 02:45:00;EUR;1;French Trade Balance;-5.6B;-5.0B;-5.5B;;-5.4B;
2014.09.09 04:30:00;GBP;3;Manufacturing Production m/m;0.3%;0.3%;0.3%;;;
2014.09.09 04:30:00;GBP;2;Goods Trade Balance;-9.4B;-9.1B;-10.2B;;;
2014.09.09 04:30:00;GBP;1;Industrial Production m/m;0.3%;0.2%;0.5%;;;
2014.09.09 06:45:00;GBP;3;BOE Gov Carney Speaks;;;;;;
2014.09.09 07:30:00;USD;1;NFIB Small Business Index;95.7;95.9;96.1;;;
2014.09.09 08:13:00;CAD;2;Housing Starts;200K;197K;192K;;;
2014.09.09 09:55:00;GBP;2;NIESR GDP Estimate;0.5%;;0.6%;;0.6%;
2014.09.09 10:00:00;USD;2;JOLTS Job Openings;4.68M;4.72M;4.67M;;4.67M;
2014.09.09 10:00:00;USD;1;FOMC Member Tarullo Speaks;;;;;;
2014.09.09 13:00:00;GBP;2;MPC Member Haldane Speaks;;;;;;
2014.09.09 19:50:00;JPY;2;Core Machinery Orders m/m;8.8%;4.1%;3.5%;;;
2014.09.09 19:50:00;JPY;1;PPI y/y;4.3%;4.1%;3.9%;;;
2014.09.09 20:30:00;AUD;2;Westpac Consumer Sentiment;3.8%;;-4.6%;;;
2014.09.10 01:30:00;EUR;1;French Final Private Payrolls q/q;0.1%;0.1%;0.1%;;;
2014.09.10 02:45:00;EUR;2;French Industrial Production m/m;1.2%;-0.4%;0.2%;;1.3%;
2014.09.10 05:33:00;EUR;2;German 10-y Bond Auction;1.08|1.6;;1.05|1.4;;;
2014.09.10 08:30:00;CAD;1;Capacity Utilization Rate;82.1%;82.8%;82.7%;;82.5%;
2014.09.10 09:45:00;GBP;3;Monetary Policy Report Hearings;;;;;;
2014.09.10 10:00:00;USD;1;Final Wholesale Inventories m/m;0.2%;0.5%;0.1%;;0.3%;
2014.09.10 10:30:00;USD;2;Crude Oil Inventories;-0.9M;-1.0M;-1.0M;;;
2014.09.10 13:01:00;USD;2;10-y Bond Auction;2.44|2.8;;2.54|2.7;;;
2014.09.10 17:00:00;NZD;3;Official Cash Rate;3.50%;3.50%;3.50%;;;
2014.09.10 17:00:00;NZD;3;RBNZ Monetary Policy Statement;;;;;;
2014.09.10 17:00:00;NZD;3;RBNZ Press Conference;;;;;;
2014.09.10 17:00:00;NZD;3;RBNZ Rate Statement;;;;;;
2014.09.10 19:01:00;GBP;1;RICS House Price Balance;48%;47%;40%;;49%;
2014.09.10 19:50:00;JPY;2;BSI Manufacturing Index;-13.9;-10.3;12.7;;;
2014.09.10 21:00:00;AUD;2;MI Inflation Expectations;3.1%;;3.5%;;;
2014.09.10 21:00:00;USD;1;President Obama Speaks;;;;;;
2014.09.10 21:30:00;AUD;3;Employment Change;-4.1K;15.2K;121.0K;;-0.3K;
2014.09.10 21:30:00;AUD;3;Unemployment Rate;6.4%;6.3%;6.1%;;;
2014.09.10 21:30:00;CNY;3;CPI y/y;2.3%;2.2%;2.0%;;;
2014.09.10 21:30:00;CNY;2;PPI y/y;-0.9%;-1.1%;-1.2%;;;
2014.09.11 02:00:00;EUR;1;German Final CPI m/m;0.0%;0.0%;0.0%;;;
2014.09.11 02:45:00;EUR;1;French Final CPI m/m;-0.3%;0.4%;0.4%;;;
2014.09.11 04:00:00;EUR;2;ECB Monthly Bulletin;;;;;;
2014.09.11 05:34:00;GBP;1;30-y Bond Auction;3.53|1.8;;3.17|2.0;;;
2014.09.11 08:30:00;CAD;2;NHPI m/m;0.2%;0.2%;0.0%;;;
2014.09.11 08:30:00;USD;3;Unemployment Claims;304K;306K;315K;;302K;
2014.09.11 10:30:00;USD;1;Natural Gas Storage;79B;84B;92B;;;
2014.09.11 13:01:00;USD;1;30-y Bond Auction;3.22|2.6;;3.24|2.7;;;
2014.09.11 14:00:00;USD;1;Federal Budget Balance;-94.6B;-132.8B;-128.7B;;;
2014.09.11 15:00:00;EUR;3;ECB President Draghi Speaks;;;;;;
2014.09.11 18:30:00;NZD;2;BusinessNZ Manufacturing Index;53.5;;56.5;;53.0;
2014.09.11 18:45:00;NZD;1;FPI m/m;-0.7%;;0.3%;;;
2014.09.11 19:15:00;NZD;1;REINZ HPI m/m;-0.7%;;1.1%;;;
2014.09.11 22:02:00;CNY;2;New Loans;385B;710B;703B;;;
2014.09.11 22:02:00;CNY;1;M2 Money Supply y/y;13.5%;13.5%;12.8%;;;
2014.09.12 00:30:00;JPY;1;Revised Industrial Production m/m;0.2%;0.2%;0.4%;;;
2014.09.12 02:00:00;EUR;1;German WPI m/m;0.1%;0.2%;-0.2%;;;
2014.09.12 02:05:00;JPY;3;BOJ Gov Kuroda Speaks;;;;;;
2014.09.12 04:00:00;EUR;1;Italian Industrial Production m/m;0.8%;-0.1%;-1.0%;;0.9%;
2014.09.12 04:30:00;GBP;2;Construction Output m/m;1.2%;0.7%;0.0%;;;
2014.09.12 05:00:00;EUR;2;Industrial Production m/m;-0.3%;0.6%;1.0%;;;
2014.09.12 05:00:00;EUR;1;Final Employment Change q/q;0.1%;0.1%;0.2%;;;
2014.09.12 05:00:00;GBP;1;CB Leading Index m/m;0.6%;;0.1%;;;
2014.09.12 05:00:00;EUR;2;Eurogroup Meetings (All Day);;;;;;
2014.09.12 08:30:00;USD;3;Core Retail Sales m/m;0.3%;0.2%;0.3%;;0.1%;
2014.09.12 08:30:00;USD;3;Retail Sales m/m;0.3%;0.3%;0.6%;;0.0%;
2014.09.12 08:30:00;USD;2;Import Prices m/m;-0.3%;-0.8%;-0.9%;;-0.2%;
2014.09.12 09:55:00;USD;3;Prelim UoM Consumer Sentiment;82.5;83.2;84.6;;79.2;
2014.09.12 09:55:00;USD;1;Prelim UoM Inflation Expectations;3.2%;;3.0%;;3.4%;
2014.09.12 10:00:00;USD;2;Business Inventories m/m;0.4%;0.5%;0.4%;;;
2014.09.13 01:30:00;CNY;3;Industrial Production y/y;9.0%;8.8%;6.9%;;;
2014.09.13 01:30:00;CNY;2;Fixed Asset Investment ytd/y;17.0%;16.9%;16.5%;;;
2014.09.13 01:30:00;CNY;1;Retail Sales y/y;12.2%;12.1%;11.9%;;;
2014.09.13 01:30:00;EUR;2;ECOFIN Meetings (All Day);;;;;;
2014.09.14 19:01:00;GBP;1;Rightmove HPI m/m;-2.9%;;0.9%;;;
2014.09.14 19:01:00;JPY;0;Bank Holiday (All Day);;;;;;
2014.09.14 21:30:00;AUD;2;New Motor Vehicle Sales m/m;-1.5%;;-1.8%;;-1.3%;
2014.09.15 03:15:00;CHF;2;PPI m/m;0.0%;0.2%;-0.2%;;;
2014.09.15 05:00:00;EUR;1;Trade Balance;13.8B;15.9B;12.2B;;;
2014.09.15 08:30:00;USD;2;Empire State Manufacturing Index;14.7;16.4;27.5;;;
2014.09.15 09:15:00;USD;2;Capacity Utilization Rate;79.1%;79.3%;78.8%;;79.2%;
2014.09.15 09:15:00;USD;2;Industrial Production m/m;0.2%;0.4%;-0.1%;;0.4%;
2014.09.15 19:01:00;GBP;1;BOE Quarterly Bulletin;;;;;;
2014.09.15 20:00:00;AUD;2;RBA Assist Gov Kent Speaks;;;;;;
2014.09.15 21:30:00;AUD;3;Monetary Policy Meeting Minutes;;;;;;
2014.09.15 22:18:00;CNY;1;Foreign Direct Investment ytd/y;-0.4%;;-1.8%;;;
2014.09.16 01:30:00;JPY;3;BOJ Gov Kuroda Speaks;;;;;;
2014.09.16 04:30:00;GBP;3;CPI y/y;1.6%;1.5%;1.5%;;;
2014.09.16 04:30:00;GBP;2;PPI Input m/m;-1.7%;0.1%;-0.6%;;-1.6%;
2014.09.16 04:30:00;GBP;2;RPI y/y;2.5%;2.5%;2.4%;;;
2014.09.16 04:30:00;GBP;1;Core CPI y/y;1.8%;1.8%;1.9%;;;
2014.09.16 04:30:00;GBP;1;ONS HPI y/y;10.2%;10.6%;11.7%;;;
2014.09.16 04:30:00;GBP;1;PPI Output m/m;-0.1%;-0.1%;-0.1%;;;
2014.09.16 05:00:00;EUR;3;German ZEW Economic Sentiment;8.6;5.2;6.9;;;
2014.09.16 05:00:00;EUR;2;ZEW Economic Sentiment;23.7;21.3;14.2;;;
2014.09.16 08:30:00;CAD;3;Manufacturing Sales m/m;0.9%;1.1%;2.5%;;0.6%;
2014.09.16 08:30:00;USD;3;PPI m/m;0.1%;0.1%;0.0%;;;
2014.09.16 08:30:00;USD;2;Core PPI m/m;0.2%;0.1%;0.1%;;;
2014.09.16 10:25:00;NZD;3;GDT Price Index;-6.0%;;0.0%;;;
2014.09.16 12:45:00;CAD;3;BOC Gov Poloz Speaks;;;;;;
2014.09.16 16:00:00;USD;2;TIC Long-Term Purchases;-18.7B;24.3B;-18.6B;;;
2014.09.16 18:45:00;NZD;3;Current Account;1.47B;-1.04B;-1.07B;;1.41B;
2014.09.16 20:30:00;AUD;1;MI Leading Index m/m;-0.1%;;-0.1%;;;
2014.09.17 00:00:00;EUR;1;Italian Trade Balance (Jun Data);3.72B;2.47B;3.24B;;3.68B;
2014.09.17 04:00:00;EUR;1;Italian Trade Balance;3.24B;1.33B;6.86B;;;
2014.09.17 04:30:00;GBP;3;Average Earnings Index 3m/y;-0.1%;0.5%;0.6%;;-0.2%;
2014.09.17 04:30:00;GBP;3;Claimant Count Change;-37.4K;-29.7K;-37.2K;;-33.6K;
2014.09.17 04:30:00;GBP;3;MPC Asset Purchase Facility Votes;0-0-9;0-0-9;0-0-9;;;
2014.09.17 04:30:00;GBP;3;MPC Official Bank Rate Votes;2-0-7;2-0-7;2-0-7;;;
2014.09.17 04:30:00;GBP;2;Unemployment Rate;6.4%;6.3%;6.2%;;;
2014.09.17 05:00:00;CHF;1;Credit Suisse Economic Expectations;2.5;;-7.7;;;
2014.09.17 05:00:00;EUR;2;Final CPI y/y;0.3%;0.3%;0.4%;;;
2014.09.17 05:00:00;EUR;1;Final Core CPI y/y;0.9%;0.9%;0.9%;;;
2014.09.17 08:30:00;USD;3;CPI m/m;0.1%;0.1%;-0.2%;;;
2014.09.17 08:30:00;USD;3;Core CPI m/m;0.1%;0.2%;0.0%;;;
2014.09.17 08:30:00;USD;2;Current Account;-102B;-114B;-99B;;-111B;
2014.09.17 10:00:00;USD;2;NAHB Housing Market Index;55;56;59;;;
2014.09.17 10:30:00;USD;2;Crude Oil Inventories;-1.0M;-0.9M;3.7M;;;
2014.09.17 14:00:00;USD;3;FOMC Economic Projections;;;;;;
2014.09.17 14:00:00;USD;3;FOMC Statement;;;;;;
2014.09.17 14:00:00;USD;3;Federal Funds Rate;<0.25%;<0.25%;<0.25%;;;
2014.09.17 14:30:00;USD;3;FOMC Press Conference;;;;;;
2014.09.17 18:45:00;NZD;3;GDP q/q;1.0%;0.6%;0.7%;;;
2014.09.17 19:50:00;JPY;2;Trade Balance;-1.02T;-0.99T;-0.92T;;;
2014.09.17 21:30:00;AUD;1;RBA Bulletin;;;;;;
2014.09.18 02:00:00;CHF;2;Trade Balance;3.90B;2.56B;1.39B;;3.98B;
2014.09.18 02:35:00;JPY;3;BOJ Gov Kuroda Speaks;;;;;;
2014.09.18 03:30:00;CHF;3;Libor Rate;<0.25%;<0.25%;<0.25%;;;
2014.09.18 03:30:00;CHF;3;SNB Monetary Policy Assessment;;;;;;
2014.09.18 04:30:00;GBP;3;Retail Sales m/m;0.0%;0.4%;0.4%;;0.1%;
2014.09.18 05:20:00;EUR;3;Long Term Refinancing Operation;530B;;82.6B;;;
2014.09.18 06:00:00;GBP;2;CBI Industrial Order Expectations;11;9;-4;;;
2014.09.18 06:00:00;GBP;3;Scottish Independence Vote (All Day);;No;No;;;
2014.09.18 08:30:00;CAD;2;Foreign Securities Purchases;-1.08B;2.47B;5.30B;;-1.07B;
2014.09.18 08:30:00;USD;3;Building Permits;1.06M;1.04M;1.00M;;1.05M;
2014.09.18 08:30:00;USD;3;Unemployment Claims;316K;312K;280K;;315K;
2014.09.18 08:30:00;USD;2;Housing Starts;1.12M;1.04M;0.96M;;1.09M;
2014.09.18 08:45:00;USD;3;Fed Chair Yellen Speaks;;;;;;
2014.09.18 10:00:00;USD;3;Philly Fed Manufacturing Index;28.0;22.8;22.5;;;
2014.09.18 10:30:00;USD;1;Natural Gas Storage;92B;91B;90B;;;
2014.09.18 18:45:00;NZD;1;Visitor Arrivals m/m;-0.6%;;-3.0%;;-0.5%;
2014.09.18 23:00:00;NZD;1;Credit Card Spending y/y;4.5%;;4.2%;;;
2014.09.19 00:30:00;JPY;1;All Industries Activity m/m;-0.3%;0.4%;-0.2%;;-0.4%;
2014.09.19 02:00:00;EUR;1;German PPI m/m;-0.1%;-0.1%;-0.1%;;;
2014.09.19 04:00:00;EUR;1;Current Account;18.6B;14.3B;18.7B;;13.1B;
2014.09.19 08:30:00;CAD;3;Core CPI m/m;-0.1%;0.2%;0.5%;;;
2014.09.19 08:30:00;CAD;3;Wholesale Sales m/m;0.8%;0.8%;-0.3%;;0.6%;
2014.09.19 08:30:00;CAD;2;CPI m/m;-0.2%;-0.1%;0.0%;;;
2014.09.19 10:00:00;USD;1;CB Leading Index m/m;1.1%;0.4%;0.2%;;0.9%;
2014.09.19 10:00:00;NZD;1;Parliamentary Elections (All Day);;;;;;
2014.09.19 10:00:00;All;3;G20 Meetings (Day 1);;;;;;
2014.09.20 00:00:00;All;3;G20 Meetings (Day 2);;;;;;
2014.09.21 17:55:00;NZD;1;Westpac Consumer Sentiment;121.2;;116.7;;;
2014.09.22 06:00:00;EUR;2;German Buba Monthly Report;;;;;;
2014.09.22 09:00:00;EUR;3;ECB President Draghi Speaks;;;;;;
2014.09.22 10:00:00;EUR;1;Consumer Confidence;-10;-11;-11;;;
2014.09.22 10:00:00;USD;3;FOMC Member Dudley Speaks;;;;;;
2014.09.22 10:00:00;USD;2;Existing Home Sales;5.14M;5.21M;5.05M;;5.15M;
2014.09.22 13:00:00;CAD;2;Gov Council Member Wilkins Speaks;;;;;;
2014.09.22 19:30:00;USD;2;FOMC Member Kocherlakota Speaks;;;;;;
2014.09.22 19:30:00;JPY;0;Bank Holiday (All Day);;;;;;
2014.09.22 21:45:00;CNY;3;Caixin Flash Manufacturing PMI;50.2;50.0;50.5;;50.3;
2014.09.23 03:00:00;EUR;3;French Flash Manufacturing PMI;46.9;47.1;48.8;;46.5;
2014.09.23 03:00:00;EUR;2;French Flash Services PMI;50.3;50.2;49.4;;51.1;
2014.09.23 03:30:00;EUR;3;German Flash Manufacturing PMI;51.4;51.3;50.3;;52.0;
2014.09.23 03:30:00;EUR;2;German Flash Services PMI;54.9;54.6;55.4;;56.4;
2014.09.23 04:00:00;EUR;2;Flash Manufacturing PMI;50.7;50.6;50.5;;50.8;
2014.09.23 04:00:00;EUR;2;Flash Services PMI;53.1;53.2;52.8;;53.5;
2014.09.23 04:30:00;GBP;2;High Street Lending;42.7K;42.9K;41.6K;;42.8K;
2014.09.23 04:30:00;GBP;2;Public Sector Net Borrowing;-0.5B;10.3B;10.9B;;-1.1B;
2014.09.23 08:30:00;CAD;3;Core Retail Sales m/m;1.5%;-0.1%;-0.6%;;;
2014.09.23 08:30:00;CAD;2;Retail Sales m/m;1.2%;0.4%;-0.1%;;1.1%;
2014.09.23 09:00:00;USD;1;HPI m/m;0.3%;0.4%;0.1%;;0.4%;
2014.09.23 09:20:00;USD;2;FOMC Member Powell Speaks;;;;;;
2014.09.23 09:45:00;USD;1;Flash Manufacturing PMI;57.9;58.1;57.9;;58.0;
2014.09.23 09:59:00;USD;1;Richmond Manufacturing Index;12;10;14;;;
2014.09.23 14:00:00;USD;2;FOMC Member Kocherlakota Speaks;;;;;;
2014.09.23 18:45:00;NZD;3;Trade Balance;-724M;-1125M;-472M;;-692M;
2014.09.23 20:00:00;AUD;2;CB Leading Index m/m;0.2%;;0.5%;;0.4%;
2014.09.23 21:30:00;AUD;2;RBA Financial Stability Review;;;;;;
2014.09.23 21:35:00;JPY;1;Flash Manufacturing PMI;52.2;52.5;51.7;;52.4;
2014.09.24 02:00:00;CHF;1;UBS Consumption Indicator;1.67;;1.35;;1.66;
2014.09.24 04:00:00;EUR;3;German ifo Business Climate;106.3;105.9;104.7;;;
2014.09.24 09:00:00;CHF;1;SNB Quarterly Bulletin;;;;;;
2014.09.24 09:00:00;EUR;1;Belgian NBB Business Climate;-7.3;-7.1;-7.2;;;
2014.09.24 10:00:00;USD;3;New Home Sales;427K;432K;504K;;412K;
2014.09.24 10:30:00;USD;2;Crude Oil Inventories;3.7M;0.7M;-4.3M;;;
2014.09.24 12:05:00;USD;2;FOMC Member Mester Speaks;;;;;;
2014.09.24 19:50:00;JPY;1;SPPI y/y;3.4%;3.7%;3.5%;;3.7%;
2014.09.24 22:30:00;AUD;3;RBA Gov Stevens Speaks;;;;;;
2014.09.25 03:20:00;EUR;3;ECB President Draghi Speaks;;;;;;
2014.09.25 04:00:00;EUR;2;M3 Money Supply y/y;1.8%;1.9%;2.0%;;;
2014.09.25 04:00:00;EUR;2;Private Loans y/y;-1.6%;-1.5%;-1.5%;;;
2014.09.25 06:00:00;EUR;1;Italian Retail Sales m/m;-0.1%;0.2%;-0.1%;;0.0%;
2014.09.25 06:00:00;GBP;2;CBI Realized Sales;37;34;31;;;
2014.09.25 08:30:00;USD;3;Core Durable Goods Orders m/m;-0.7%;0.7%;0.7%;;-0.8%;
2014.09.25 08:30:00;USD;3;Durable Goods Orders m/m;22.6%;-17.7%;-18.2%;;;
2014.09.25 08:30:00;USD;3;Unemployment Claims;281K;294K;293K;;280K;
2014.09.25 08:40:00;GBP;3;BOE Gov Carney Speaks;;;;;;
2014.09.25 09:45:00;USD;1;Flash Services PMI;59.5;59.4;58.5;;58.5;
2014.09.25 10:30:00;USD;1;Natural Gas Storage;90B;98B;97B;;;
2014.09.25 19:30:00;JPY;2;Tokyo Core CPI y/y;2.7%;2.7%;2.6%;;;
2014.09.25 19:30:00;JPY;1;National Core CPI y/y;3.3%;3.2%;3.1%;;;
2014.09.25 22:00:00;CNY;1;CB Leading Index m/m;1.2%;;0.7%;;1.3%;
2014.09.26 02:00:00;EUR;2;German GfK Consumer Climate;8.6;8.5;8.3;;;
2014.09.26 02:00:00;EUR;1;German Import Prices m/m;-0.4%;-0.2%;-0.1%;;;
2014.09.26 08:30:00;USD;3;Final GDP q/q;4.2%;4.6%;4.6%;;;
2014.09.26 08:30:00;USD;1;Final GDP Price Index q/q;2.1%;2.1%;2.1%;;;
2014.09.26 09:55:00;USD;2;Revised UoM Consumer Sentiment;84.6;85.1;84.6;;;
2014.09.26 09:55:00;USD;1;Revised UoM Inflation Expectations;3.0%;;3.0%;;;
2014.09.27 10:00:00;NZD;0;Daylight Saving Time Shift;;;;;;
2014.09.29 00:00:00;EUR;3;German Prelim CPI m/m (All Day);0.0%;-0.1%;0.0%;;;
2014.09.29 03:00:00;EUR;2;Spanish Flash CPI y/y;-0.5%;-0.3%;-0.2%;;;
2014.09.29 04:30:00;GBP;2;Net Lending to Individuals m/m;3.4B;3.1B;3.2B;;;
2014.09.29 04:30:00;GBP;1;M4 Money Supply m/m;0.2%;0.4%;0.3%;;0.3%;
2014.09.29 04:30:00;GBP;1;Mortgage Approvals;66K;66K;64K;;67K;
2014.09.29 05:21:00;EUR;2;Italian 10-y Bond Auction;2.39|1.3;;2.45|1.3;;;
2014.09.29 08:30:00;USD;2;Core PCE Price Index m/m;0.1%;0.0%;0.1%;;;
2014.09.29 08:30:00;USD;2;Personal Spending m/m;0.0%;0.5%;0.5%;;-0.1%;
2014.09.29 08:30:00;USD;1;Personal Income m/m;0.2%;0.3%;0.3%;;;
2014.09.29 10:00:00;USD;2;Pending Home Sales m/m;3.2%;-0.4%;-1.0%;;3.3%;
2014.09.29 17:45:00;NZD;2;Building Consents m/m;-1.7%;;0.0%;;0.1%;
2014.09.29 19:05:00;GBP;1;GfK Consumer Confidence;1;0;-1;;;
2014.09.29 19:30:00;JPY;2;Household Spending y/y;-5.9%;-3.5%;-4.7%;;;
2014.09.29 19:30:00;JPY;1;Unemployment Rate;3.8%;3.8%;3.5%;;;
2014.09.29 19:50:00;JPY;2;Prelim Industrial Production m/m;0.4%;0.2%;-1.5%;;0.2%;
2014.09.29 19:50:00;JPY;2;Retail Sales y/y;0.6%;0.4%;1.2%;;0.5%;
2014.09.29 20:00:00;NZD;3;Final ANZ Business Confidence;24.4;;13.4;;;
2014.09.29 21:30:00;AUD;1;Private Sector Credit m/m;0.4%;0.5%;0.4%;;;
2014.09.29 21:30:00;JPY;2;Average Cash Earnings y/y;2.4%;1.1%;1.4%;;2.6%;
2014.09.29 21:45:00;CNY;3;Caixin Manufacturing PMI;50.5;50.5;50.2;;;
2014.09.30 01:00:00;JPY;1;Housing Starts y/y;-14.1%;-13.9%;-12.5%;;;
2014.09.30 02:00:00;EUR;2;German Retail Sales m/m;-1.1%;0.6%;2.5%;;-1.4%;
2014.09.30 02:00:00;GBP;2;Nationwide HPI m/m;0.8%;0.6%;-0.2%;;;
2014.09.30 02:00:00;EUR;1;French Consumer Spending m/m (Jul Data);0.8%;-0.3%;-0.7%;;0.9%;
2014.09.30 02:45:00;EUR;2;French Consumer Spending m/m;-0.7%;-0.2%;0.7%;;;
2014.09.30 03:00:00;CHF;2;KOF Economic Barometer;99.6;99.1;99.1;;99.5;
2014.09.30 03:55:00;EUR;2;German Unemployment Change;3K;-2K;12K;;2K;
2014.09.30 04:00:00;EUR;1;Italian Monthly Unemployment Rate;12.6%;12.6%;12.3%;;;
2014.09.30 04:30:00;GBP;3;Current Account;-20.5B;-16.9B;-23.1B;;-18.5B;
2014.09.30 04:30:00;GBP;2;Final GDP q/q;0.8%;0.8%;0.9%;;;
2014.09.30 04:30:00;GBP;1;Index of Services 3m/3m;1.1%;1.0%;1.0%;;1.0%;
2014.09.30 04:30:00;GBP;1;Revised Business Investment q/q;5.0%;4.0%;3.3%;;;
2014.09.30 05:00:00;EUR;3;CPI Flash Estimate y/y;0.4%;0.3%;0.3%;;0.3%;
2014.09.30 05:00:00;EUR;2;Core CPI Flash Estimate y/y;0.9%;0.9%;0.7%;;;
2014.09.30 05:00:00;EUR;2;Unemployment Rate;11.5%;11.5%;11.5%;;;
2014.09.30 05:00:00;EUR;1;Italian Prelim CPI m/m;0.2%;-0.3%;-0.3%;;;
2014.09.30 08:30:00;CAD;3;GDP m/m;0.3%;0.2%;0.0%;;;
2014.09.30 08:30:00;CAD;2;RMPI m/m;-1.4%;-1.7%;-2.2%;;;
2014.09.30 08:30:00;CAD;1;IPPI m/m;-0.3%;-0.2%;0.2%;;;
2014.09.30 09:00:00;USD;1;SP/CS Composite-20 HPI y/y;8.1%;7.5%;6.7%;;;
2014.09.30 09:45:00;USD;2;Chicago PMI;64.3;61.6;60.5;;;
2014.09.30 10:00:00;USD;3;CB Consumer Confidence;93.4;92.2;86.0;;92.4;
2014.09.30 13:30:00;GBP;2;MPC Member Miles Speaks;;;;;;
2014.09.30 19:30:00;AUD;1;AIG Manufacturing Index;47.3;;46.5;;;
2014.09.30 19:50:00;JPY;2;Tankan Manufacturing Index;12;10;13;;;
2014.09.30 19:50:00;JPY;2;Tankan Non-Manufacturing Index;19;17;13;;;
2014.09.30 19:50:00;CNY;0;Bank Holiday (All Day);;;;;;
2014.09.30 20:59:00;CNY;3;Manufacturing PMI;51.1;51.1;51.1;;;
2014.09.30 21:30:00;AUD;3;Retail Sales m/m;0.4%;0.4%;0.1%;;;
2014.09.30 21:35:00;JPY;1;Final Manufacturing PMI;51.7;51.7;51.7;;;
