2015.01.01 00:00:00;CHF;0;Bank Holiday (All Day);;;;;;
2015.01.01 00:00:00;EUR;0;Italian Bank Holiday (All Day);;;;;;
2015.01.01 00:00:00;EUR;0;French Bank Holiday (All Day);;;;;;
2015.01.01 00:00:00;EUR;0;German Bank Holiday (All Day);;;;;;
2015.01.01 00:00:00;GBP;0;Bank Holiday (All Day);;;;;;
2015.01.01 00:00:00;CAD;0;Bank Holiday (All Day);;;;;;
2015.01.01 00:00:00;USD;0;Bank Holiday (All Day);;;;;;
2015.01.01 00:00:00;NZD;0;Bank Holiday (All Day);;;;;;
2015.01.01 00:00:00;CNY;0;Bank Holiday (All Day);;;;;;
2015.01.01 00:00:00;JPY;0;Bank Holiday (All Day);;;;;;
2015.01.02 00:30:00;AUD;1;Commodity Prices y/y;-18.4%;;-21.2%;;-18.6%;
2015.01.02 00:30:00;CHF;0;Bank Holiday (All Day);;;;;;
2015.01.02 03:15:00;EUR;2;Spanish Manufacturing PMI;54.7;54.9;53.8;;;
2015.01.02 03:45:00;EUR;2;Italian Manufacturing PMI;49.0;49.6;48.4;;;
2015.01.02 03:50:00;EUR;1;French Final Manufacturing PMI;47.9;47.9;47.5;;;
2015.01.02 03:55:00;EUR;2;German Final Manufacturing PMI;51.2;51.2;51.2;;;
2015.01.02 04:00:00;EUR;1;Final Manufacturing PMI;50.8;50.8;50.6;;;
2015.01.02 04:30:00;GBP;3;Final Manufacturing PMI;53.3;53.7;52.5;;53.5;
2015.01.02 04:30:00;GBP;2;Net Lending to Individuals m/m;2.7B;2.5B;3.3B;;2.6B;
2015.01.02 04:30:00;GBP;1;M4 Money Supply m/m;0.0%;0.2%;0.0%;;-0.1%;
2015.01.02 04:30:00;GBP;1;Mortgage Approvals;60K;59K;59K;;59K;
2015.01.02 09:30:00;CAD;1;Manufacturing PMI;55.3;;53.9;;;
2015.01.02 09:45:00;USD;1;Final Manufacturing PMI;53.7;54.1;53.9;;;
2015.01.02 10:00:00;USD;3;ISM Manufacturing PMI;58.7;57.6;55.5;;;
2015.01.02 10:00:00;USD;1;Construction Spending m/m;1.2%;0.4%;-0.3%;;1.1%;
2015.01.02 10:00:00;USD;1;ISM Manufacturing Prices;44.5;43.1;38.5;;;
2015.01.04 17:30:00;AUD;1;AIG Manufacturing Index;50.1;;46.9;;;
2015.01.04 20:35:00;JPY;1;Final Manufacturing PMI;52.1;52.1;52.0;;;
2015.01.05 00:00:00;EUR;3;German Prelim CPI m/m (All Day);0.0%;0.1%;0.0%;;;
2015.01.05 03:00:00;EUR;2;Spanish Unemployment Change;-14.7K;-72.0K;-64.4K;;;
2015.01.05 03:30:00;CHF;1;Manufacturing PMI;52.1;52.9;54.0;;;
2015.01.05 04:30:00;EUR;1;Sentix Investor Confidence;-2.5;-0.9;0.9;;;
2015.01.05 04:30:00;GBP;3;Construction PMI;59.4;59.2;57.6;;;
2015.01.05 08:00:00;USD;2;FOMC Member Williams Speaks;;;;;;
2015.01.05 08:00:00;USD;1;Total Vehicle Sales (All Day);17.2M;16.9M;16.9M;;;
2015.01.05 18:50:00;JPY;1;Monetary Base y/y;36.7%;34.3%;38.2%;;;
2015.01.05 19:30:00;AUD;3;Trade Balance;-0.88B;-1.59B;-0.93B;;-1.32B;
2015.01.05 20:45:00;CNY;2;Caixin Services PMI;53.0;;53.4;;;
2015.01.05 22:45:00;JPY;1;10-y Bond Auction;0.47|3.0;;0.30|3.4;;;
2015.01.06 00:00:00;EUR;0;Italian Bank Holiday (All Day);;;;;;
2015.01.06 03:15:00;EUR;2;Spanish Services PMI;52.7;52.9;54.3;;;
2015.01.06 03:45:00;EUR;2;Italian Services PMI;51.8;51.4;49.4;;;
2015.01.06 03:50:00;EUR;1;French Final Services PMI;49.8;49.8;50.6;;;
2015.01.06 03:55:00;EUR;2;German Final Services PMI;51.4;51.4;52.1;;;
2015.01.06 04:00:00;EUR;1;Final Services PMI;51.9;51.9;51.6;;;
2015.01.06 04:30:00;GBP;3;Final Services PMI;58.6;58.9;55.8;;;
2015.01.06 04:30:00;GBP;2;BOE Credit Conditions Survey;;;;;;
2015.01.06 05:35:00;GBP;1;10-y Bond Auction;2.21|1.5;;1.62|1.6;;;
2015.01.06 08:30:00;CAD;2;RMPI m/m;-4.2%;-4.6%;-5.8%;;-4.3%;
2015.01.06 08:30:00;CAD;1;IPPI m/m;-0.6%;-0.5%;-0.4%;;-0.5%;
2015.01.06 09:45:00;USD;1;Final Services PMI;53.6;53.8;53.3;;;
2015.01.06 09:49:00;NZD;3;GDT Price Index;2.4%;;3.6%;;;
2015.01.06 10:00:00;USD;3;ISM Services PMI;59.3;58.2;56.2;;;
2015.01.06 10:00:00;USD;2;Factory Orders m/m;-0.7%;-0.3%;-0.7%;;;
2015.01.06 17:20:00;AUD;1;AIG Services Index;43.8;;47.5;;;
2015.01.06 19:00:00;NZD;1;ANZ Commodity Prices m/m;-1.6%;;-4.4%;;;
2015.01.06 19:01:00;GBP;1;BRC Shop Price Index y/y;-1.9%;;-1.7%;;;
2015.01.07 02:00:00;EUR;2;German Retail Sales m/m;2.0%;0.2%;1.0%;;1.9%;
2015.01.07 03:00:00;CHF;2;Foreign Currency Reserves;463B;;495B;;462B;
2015.01.07 03:55:00;EUR;2;German Unemployment Change;-16K;-6K;-27K;;-14K;
2015.01.07 04:00:00;EUR;1;Italian Monthly Unemployment Rate;13.3%;13.3%;13.4%;;13.2%;
2015.01.07 04:10:00;EUR;1;Retail PMI;48.9;;47.6;;;
2015.01.07 05:00:00;EUR;3;CPI Flash Estimate y/y;0.3%;0.0%;-0.2%;;;
2015.01.07 05:00:00;EUR;2;Core CPI Flash Estimate y/y;0.7%;0.6%;0.8%;;;
2015.01.07 05:00:00;EUR;2;Unemployment Rate;11.5%;11.5%;11.5%;;;
2015.01.07 05:00:00;EUR;1;Italian Prelim CPI m/m;-0.2%;-0.2%;0.0%;;;
2015.01.07 08:15:00;USD;3;ADP Non-Farm Employment Change;227K;227K;241K;;208K;
2015.01.07 08:30:00;CAD;3;Trade Balance;-0.3B;-0.2B;-0.6B;;0.1B;
2015.01.07 08:30:00;USD;3;Trade Balance;-42.2B;-42.3B;-39.0B;;-43.4B;
2015.01.07 10:00:00;CAD;3;Ivey PMI;56.9;52.3;55.4;;;
2015.01.07 10:30:00;USD;2;Crude Oil Inventories;-1.8M;0.9M;-3.1M;;;
2015.01.07 14:00:00;USD;3;FOMC Meeting Minutes;;;;;;
2015.01.07 18:30:00;USD;2;FOMC Member Evans Speaks;;;;;;
2015.01.07 19:30:00;AUD;3;Building Approvals m/m;11.5%;-2.7%;7.5%;;11.4%;
2015.01.08 02:00:00;EUR;1;German Factory Orders m/m;2.9%;-0.6%;-2.4%;;2.5%;
2015.01.08 03:00:00;GBP;2;Halifax HPI m/m;0.5%;0.3%;0.9%;;0.4%;
2015.01.08 04:59:00;EUR;1;French 10-y Bond Auction;1.11|2.4;;0.79|2.0;;;
2015.01.08 05:00:00;EUR;2;Retail Sales m/m;0.6%;0.3%;0.6%;;0.4%;
2015.01.08 05:00:00;EUR;1;PPI m/m;-0.3%;-0.2%;-0.3%;;-0.4%;
2015.01.08 07:00:00;GBP;3;Official Bank Rate;0.50%;0.50%;0.50%;;;
2015.01.08 07:00:00;GBP;2;Asset Purchase Facility;375B;375B;375B;;;
2015.01.08 07:30:00;USD;1;Challenger Job Cuts y/y;-20.7%;;6.6%;;;
2015.01.08 08:30:00;CAD;2;NHPI m/m;0.1%;0.2%;0.1%;;;
2015.01.08 08:30:00;USD;3;Unemployment Claims;298K;291K;294K;;;
2015.01.08 10:30:00;USD;1;Natural Gas Storage;-26B;-120B;-131B;;;
2015.01.08 15:00:00;USD;1;Consumer Credit m/m;16.0B;15.1B;14.1B;;13.2B;
2015.01.08 16:45:00;NZD;2;Building Consents m/m;9.8%;;10.0%;;8.8%;
2015.01.08 17:30:00;AUD;1;AIG Construction Index;45.4;;44.4;;;
2015.01.08 19:30:00;AUD;3;Retail Sales m/m;0.4%;0.3%;0.1%;;;
2015.01.08 20:30:00;CNY;3;CPI y/y;1.4%;1.5%;1.5%;;;
2015.01.08 20:30:00;CNY;2;PPI y/y;-2.7%;-3.1%;-3.3%;;;
2015.01.09 00:00:00;JPY;1;Leading Indicators;104.5%;104.9%;103.8%;;104.0%;
2015.01.09 01:45:00;CHF;1;Unemployment Rate;3.2%;3.1%;3.2%;;3.1%;
2015.01.09 02:00:00;EUR;1;German Industrial Production m/m;0.6%;0.4%;-0.1%;;0.2%;
2015.01.09 02:00:00;EUR;1;German Trade Balance;20.6B;19.4B;17.7B;;;
2015.01.09 02:45:00;EUR;2;French Industrial Production m/m;-0.7%;0.4%;-0.3%;;-0.8%;
2015.01.09 02:45:00;EUR;1;French Trade Balance;-4.3B;-4.5B;-3.2B;;-4.6B;
2015.01.09 03:15:00;CHF;2;CPI m/m;0.0%;-0.3%;-0.5%;;;
2015.01.09 04:30:00;GBP;3;Manufacturing Production m/m;-0.7%;0.4%;0.7%;;;
2015.01.09 04:30:00;GBP;2;Goods Trade Balance;-9.8B;-9.5B;-8.8B;;-9.6B;
2015.01.09 04:30:00;GBP;1;Construction Output m/m;-1.9%;1.3%;-2.0%;;-2.2%;
2015.01.09 04:30:00;GBP;1;Industrial Production m/m;-0.3%;0.2%;-0.1%;;-0.1%;
2015.01.09 08:13:00;CAD;1;Housing Starts;195K;191K;181K;;196K;
2015.01.09 08:30:00;CAD;3;Building Permits m/m;2.1%;0.8%;-13.8%;;0.7%;
2015.01.09 08:30:00;CAD;3;Employment Change;-10.7K;10.3K;-4.3K;;;
2015.01.09 08:30:00;CAD;3;Unemployment Rate;6.6%;6.6%;6.6%;;;
2015.01.09 08:30:00;USD;3;Non-Farm Employment Change;353K;241K;252K;;321K;
2015.01.09 08:30:00;USD;3;Unemployment Rate;5.8%;5.7%;5.6%;;;
2015.01.09 08:30:00;USD;2;Average Hourly Earnings m/m;0.2%;0.2%;-0.2%;;0.4%;
2015.01.09 09:49:00;GBP;2;NIESR GDP Estimate;0.7%;;0.6%;;;
2015.01.09 10:00:00;USD;1;Final Wholesale Inventories m/m;0.6%;0.4%;0.8%;;0.4%;
2015.01.09 13:20:00;USD;2;FOMC Member Lacker Speaks;;;;;;
2015.01.11 00:00:00;JPY;0;Bank Holiday (All Day);;;;;;
2015.01.11 19:30:00;AUD;2;ANZ Job Advertisements m/m;0.7%;;1.8%;;;
2015.01.11 19:30:00;AUD;2;Home Loans m/m;0.2%;1.8%;-0.7%;;0.3%;
2015.01.12 10:10:00;USD;1;Labor Market Conditions Index m/m;5.5;;6.1;;2.9;
2015.01.12 10:30:00;CAD;2;BOC Business Outlook Survey;;;;;;
2015.01.12 12:40:00;USD;2;FOMC Member Lockhart Speaks;;;;;;
2015.01.12 18:50:00;JPY;2;Current Account;0.95T;0.69T;0.91T;;;
2015.01.12 18:50:00;JPY;1;Bank Lending y/y;2.7%;;2.6%;;;
2015.01.12 19:01:00;GBP;1;BRC Retail Sales Monitor y/y;0.9%;;-0.4%;;;
2015.01.12 21:00:00;CNY;3;USD-Denominated Trade Balance;54.5B;48.9B;49.6B;;;
2015.01.13 00:03:00;JPY;1;Economy Watchers Sentiment;41.5;44.3;45.2;;;
2015.01.13 02:00:00;EUR;1;German WPI m/m;-0.7%;0.2%;-1.0%;;;
2015.01.13 04:00:00;EUR;1;Italian Industrial Production m/m;0.0%;0.1%;0.3%;;-0.1%;
2015.01.13 04:30:00;GBP;3;CPI y/y;1.0%;0.7%;0.5%;;;
2015.01.13 04:30:00;GBP;2;PPI Input m/m;-0.7%;-2.5%;-2.4%;;-1.0%;
2015.01.13 04:30:00;GBP;2;RPI y/y;2.0%;1.7%;1.6%;;;
2015.01.13 04:30:00;GBP;1;Core CPI y/y;1.2%;1.4%;1.3%;;;
2015.01.13 04:30:00;GBP;1;ONS HPI y/y;10.4%;10.1%;10.0%;;;
2015.01.13 04:30:00;GBP;1;PPI Output m/m;-0.2%;-0.1%;-0.3%;;0.2%;
2015.01.13 09:00:00;USD;1;NFIB Small Business Index;98.1;98.6;100.4;;;
2015.01.13 10:00:00;USD;2;JOLTS Job Openings;4.83M;4.86M;4.97M;;;
2015.01.13 10:00:00;USD;1;IBD/TIPP Economic Optimism;48.4;48.9;51.5;;;
2015.01.13 13:01:00;USD;2;10-y Bond Auction;2.21|3.0;;1.93|2.6;;;
2015.01.13 14:00:00;USD;1;Federal Budget Balance;-56.8B;3.8B;1.9B;;;
2015.01.13 18:50:00;JPY;1;M2 Money Stock y/y;3.6%;3.6%;3.6%;;;
2015.01.13 22:45:00;JPY;1;30-y Bond Auction;1.46|3.1;;1.12|3.6;;;
2015.01.14 01:00:00;JPY;1;Prelim Machine Tool Orders y/y;36.6%;;33.8%;;;
2015.01.14 02:45:00;EUR;1;French Final CPI m/m;-0.2%;0.0%;0.1%;;;
2015.01.14 03:35:00;EUR;3;European Court of Justice Ruling;;;;;;
2015.01.14 05:00:00;EUR;1;Industrial Production m/m;0.3%;0.0%;0.2%;;0.1%;
2015.01.14 05:00:00;GBP;1;CB Leading Index m/m;-0.3%;;-0.3%;;;
2015.01.14 05:33:00;EUR;2;German 10-y Bond Auction;0.74|1.1;;0.52|1.3;;;
2015.01.14 08:30:00;USD;3;Core Retail Sales m/m;0.1%;0.1%;-1.0%;;0.5%;
2015.01.14 08:30:00;USD;3;Retail Sales m/m;0.4%;0.2%;-0.9%;;0.7%;
2015.01.14 08:30:00;USD;2;Import Prices m/m;-1.8%;-2.7%;-2.5%;;-1.5%;
2015.01.14 09:15:00;GBP;3;BOE Gov Carney Speaks;;;;;;
2015.01.14 10:00:00;USD;2;Business Inventories m/m;0.2%;0.2%;0.2%;;;
2015.01.14 10:30:00;USD;2;Crude Oil Inventories;-3.1M;1.2M;5.4M;;;
2015.01.14 13:01:00;USD;1;30-y Bond Auction;2.85|2.8;;2.43|2.3;;;
2015.01.14 14:00:00;USD;1;Beige Book;;;;;;
2015.01.14 16:45:00;NZD;1;FPI m/m;-0.5%;;0.3%;;;
2015.01.14 18:50:00;JPY;2;Core Machinery Orders m/m;-6.4%;4.8%;1.3%;;;
2015.01.14 18:50:00;JPY;1;PPI y/y;2.6%;2.2%;1.9%;;2.7%;
2015.01.14 19:01:00;GBP;1;RICS House Price Balance;13%;11%;11%;;;
2015.01.14 19:30:00;AUD;3;Employment Change;45.0K;5.3K;37.4K;;42.7K;
2015.01.14 19:30:00;AUD;3;Unemployment Rate;6.2%;6.3%;6.1%;;6.3%;
2015.01.14 20:30:00;NZD;1;REINZ HPI m/m;3.3%;;-1.0%;;;
2015.01.14 21:02:00;CNY;2;New Loans;853B;885B;697B;;;
2015.01.14 21:02:00;CNY;1;M2 Money Supply y/y;12.3%;12.5%;12.2%;;;
2015.01.15 04:30:00;CHF;3;Libor Rate;-0.25%;;-0.75%;;;
2015.01.15 05:00:00;EUR;1;Trade Balance;19.6B;21.3B;20.0B;;19.4B;
2015.01.15 07:15:00;CHF;3;SNB Chairman Jordan Speaks;;;;;;
2015.01.15 07:55:00;CNY;1;Foreign Direct Investment ytd/y;0.7%;;1.7%;;;
2015.01.15 08:30:00;USD;3;PPI m/m;-0.2%;-0.3%;-0.3%;;;
2015.01.15 08:30:00;USD;3;Unemployment Claims;297K;299K;316K;;294K;
2015.01.15 08:30:00;USD;2;Core PPI m/m;0.0%;0.2%;0.3%;;;
2015.01.15 08:30:00;USD;2;Empire State Manufacturing Index;-3.6;5.3;10.0;;;
2015.01.15 10:00:00;USD;3;Philly Fed Manufacturing Index;24.5;20.3;6.3;;;
2015.01.15 10:30:00;USD;1;Natural Gas Storage;-131B;-224B;-236B;;;
2015.01.15 11:15:00;EUR;3;German Buba President Weidmann Speaks;;;;;;
2015.01.15 18:50:00;JPY;2;Tertiary Industry Activity m/m;-0.1%;0.3%;0.2%;;-0.2%;
2015.01.16 02:00:00;EUR;1;German Final CPI m/m;0.0%;0.0%;0.0%;;;
2015.01.16 02:45:00;EUR;1;French Gov Budget Balance;-84.7B;;-90.8B;;;
2015.01.16 03:15:00;CHF;2;Retail Sales y/y;0.6%;1.1%;-1.2%;;0.3%;
2015.01.16 05:00:00;EUR;2;Final CPI y/y;-0.2%;-0.2%;-0.2%;;;
2015.01.16 05:00:00;EUR;1;Final Core CPI y/y;0.8%;0.8%;0.7%;;;
2015.01.16 08:30:00;USD;3;CPI m/m;-0.3%;-0.3%;-0.4%;;;
2015.01.16 08:30:00;USD;3;Core CPI m/m;0.1%;0.1%;0.0%;;;
2015.01.16 09:15:00;USD;2;Capacity Utilization Rate;80.0%;80.2%;79.7%;;80.1%;
2015.01.16 09:15:00;USD;2;Industrial Production m/m;1.3%;0.1%;-0.1%;;;
2015.01.16 10:00:00;USD;3;Prelim UoM Consumer Sentiment;93.6;94.2;98.2;;93.8;
2015.01.16 10:00:00;USD;1;Prelim UoM Inflation Expectations;2.8%;;2.4%;;2.9%;
2015.01.16 11:00:00;USD;2;FOMC Member Williams Speaks;;;;;;
2015.01.16 16:00:00;USD;1;TIC Long-Term Purchases;-1.4B;27.3B;33.5B;;;
2015.01.17 08:50:00;USD;2;FOMC Member Lockhart Speaks;;;;;;
2015.01.18 18:01:00;GBP;1;Rightmove HPI m/m;-3.3%;;1.4%;;;
2015.01.18 18:30:00;AUD;1;MI Inflation Gauge m/m;0.1%;;0.0%;;;
2015.01.18 19:30:00;AUD;2;New Motor Vehicle Sales m/m;-0.5%;;3.0%;;-0.6%;
2015.01.18 23:30:00;JPY;1;Revised Industrial Production m/m;-0.6%;-0.5%;-0.5%;;;
2015.01.19 00:00:00;JPY;1;Consumer Confidence;37.7;38.6;38.8;;;
2015.01.19 03:15:00;CHF;2;PPI m/m;-0.7%;-0.6%;-0.4%;;;
2015.01.19 04:00:00;EUR;1;Current Account;19.5B;22.7B;18.1B;;20.5B;
2015.01.19 06:00:00;EUR;2;German Buba Monthly Report;;;;;;
2015.01.19 06:00:00;USD;0;Bank Holiday (All Day);;;;;;
2015.01.19 08:30:00;CAD;2;Foreign Securities Purchases;9.53B;7.23B;4.29B;;;
2015.01.19 16:00:00;NZD;3;NZIER Business Confidence;19;;23;;;
2015.01.19 21:00:00;CNY;3;GDP q/y;7.3%;7.2%;7.3%;;;
2015.01.19 21:00:00;CNY;2;Fixed Asset Investment ytd/y;15.8%;15.7%;15.7%;;;
2015.01.19 21:00:00;CNY;2;Industrial Production y/y;7.2%;7.4%;7.9%;;;
2015.01.19 21:00:00;CNY;2;NBS Press Conference;;;;;;
2015.01.19 21:00:00;CNY;1;Retail Sales y/y;11.7%;11.7%;11.9%;;;
2015.01.20 02:00:00;EUR;1;German PPI m/m;0.0%;-0.3%;-0.7%;;;
2015.01.20 04:03:00;EUR;1;Italian Trade Balance;5.40B;4.32B;3.54B;;;
2015.01.20 05:00:00;EUR;3;German ZEW Economic Sentiment;34.9;40.1;48.4;;;
2015.01.20 05:00:00;EUR;2;ZEW Economic Sentiment;31.8;37.6;45.2;;;
2015.01.20 08:30:00;CAD;3;Manufacturing Sales m/m;-1.1%;-0.5%;-1.4%;;-0.6%;
2015.01.20 09:34:00;NZD;3;GDT Price Index;3.6%;;1.0%;;;
2015.01.20 10:00:00;USD;2;FOMC Member Powell Speaks;;;;;;
2015.01.20 10:00:00;USD;2;NAHB Housing Market Index;58;58;57;;57;
2015.01.20 16:45:00;NZD;3;CPI q/q;0.3%;0.0%;-0.2%;;;
2015.01.20 18:30:00;AUD;2;Westpac Consumer Sentiment;-5.7%;;2.4%;;;
2015.01.20 21:00:00;USD;1;President Obama Speaks;;;;;;
2015.01.20 22:29:00;JPY;3;Monetary Policy Statement;;;;;;
2015.01.20 23:30:00;JPY;1;All Industries Activity m/m;0.1%;0.1%;0.1%;;-0.1%;
2015.01.21 01:30:00;JPY;3;BOJ Press Conference;;;;;;
2015.01.21 01:30:00;All;2;WEF Annual Meetings (Day 1);;;;;;
2015.01.21 04:30:00;GBP;3;Average Earnings Index 3m/y;1.4%;1.7%;1.7%;;;
2015.01.21 04:30:00;GBP;3;Claimant Count Change;-29.6K;-24.2K;-29.7K;;-26.9K;
2015.01.21 04:30:00;GBP;3;MPC Official Bank Rate Votes;2-0-7;2-0-7;0-0-9;;;
2015.01.21 04:30:00;GBP;2;MPC Asset Purchase Facility Votes;0-0-9;0-0-9;0-0-9;;;
2015.01.21 04:30:00;GBP;2;Unemployment Rate;6.0%;5.9%;5.8%;;;
2015.01.21 05:00:00;CHF;1;Credit Suisse Economic Expectations;-4.9;;-10.8;;;
2015.01.21 08:30:00;CAD;3;Wholesale Sales m/m;-1.1%;0.2%;-0.3%;;0.1%;
2015.01.21 08:30:00;USD;3;Building Permits;1.05M;1.06M;1.03M;;1.04M;
2015.01.21 08:30:00;USD;2;Housing Starts;1.04M;1.04M;1.09M;;1.03M;
2015.01.21 10:00:00;CAD;3;BOC Monetary Policy Report;;;;;;
2015.01.21 10:00:00;CAD;3;BOC Rate Statement;;;;;;
2015.01.21 10:00:00;CAD;3;Overnight Rate;1.00%;1.00%;0.75%;;;
2015.01.21 11:15:00;CAD;3;BOC Press Conference;;;;;;
2015.01.21 16:30:00;NZD;2;BusinessNZ Manufacturing Index;55.6;;57.7;;55.2;
2015.01.21 19:00:00;AUD;2;MI Inflation Expectations;3.4%;;3.2%;;;
2015.01.21 19:00:00;AUD;1;HIA New Home Sales m/m;3.0%;;2.2%;;;
2015.01.22 00:00:00;JPY;1;BOJ Monthly Report;;;;;;
2015.01.22 03:00:00;EUR;2;Spanish Unemployment Rate;23.7%;23.6%;23.7%;;;
2015.01.22 04:00:00;GBP;2;MPC Member Miles Speaks;;;;;;
2015.01.22 04:00:00;All;2;WEF Annual Meetings (Day 2);;;;;;
2015.01.22 04:30:00;GBP;2;Public Sector Net Borrowing;11.7B;9.2B;12.5B;;13.4B;
2015.01.22 05:00:00;EUR;1;Italian Retail Sales m/m;0.0%;0.1%;0.1%;;;
2015.01.22 06:00:00;GBP;2;CBI Industrial Order Expectations;5;6;4;;;
2015.01.22 07:45:00;EUR;3;Main Refinancing Rate;0.05%;0.05%;0.05%;;;
2015.01.22 08:30:00;EUR;3;ECB Press Conference;;;;;;
2015.01.22 08:30:00;USD;3;Unemployment Claims;317K;301K;307K;;316K;
2015.01.22 09:00:00;USD;1;HPI m/m;0.4%;0.4%;0.8%;;0.6%;
2015.01.22 10:00:00;EUR;1;Consumer Confidence;-11;-11;-9;;;
2015.01.22 10:30:00;USD;1;Natural Gas Storage;-236B;-231B;-216B;;;
2015.01.22 11:00:00;USD;2;Crude Oil Inventories;5.4M;2.5M;10.1M;;;
2015.01.22 20:35:00;JPY;1;Flash Manufacturing PMI;52.0;52.0;52.1;;52.1;
2015.01.22 20:45:00;CNY;3;Caixin Flash Manufacturing PMI;49.6;49.5;49.8;;49.5;
2015.01.23 03:00:00;EUR;3;French Flash Manufacturing PMI;47.5;48.1;49.5;;47.9;
2015.01.23 03:00:00;EUR;2;French Flash Services PMI;50.6;50.9;49.5;;49.8;
2015.01.23 03:30:00;EUR;3;German Flash Manufacturing PMI;51.2;51.8;51.0;;;
2015.01.23 03:30:00;EUR;2;German Flash Services PMI;52.1;52.6;52.7;;51.4;
2015.01.23 04:00:00;EUR;2;Flash Manufacturing PMI;50.6;51.0;51.0;;50.8;
2015.01.23 04:00:00;EUR;2;Flash Services PMI;51.6;52.1;52.3;;51.9;
2015.01.23 04:00:00;All;2;WEF Annual Meetings (Day 3);;;;;;
2015.01.23 04:30:00;GBP;3;Retail Sales m/m;1.6%;-0.6%;0.4%;;;
2015.01.23 08:30:00;CAD;3;Core CPI m/m;-0.2%;-0.3%;-0.3%;;;
2015.01.23 08:30:00;CAD;3;Core Retail Sales m/m;0.1%;0.5%;0.7%;;0.2%;
2015.01.23 08:30:00;CAD;2;CPI m/m;-0.4%;-0.5%;-0.7%;;;
2015.01.23 08:30:00;CAD;2;Retail Sales m/m;0.0%;0.1%;0.4%;;;
2015.01.23 09:00:00;EUR;1;Belgian NBB Business Climate;-6.9;-6.1;-8.8;;;
2015.01.23 09:45:00;USD;2;Flash Manufacturing PMI;53.9;54.1;53.7;;53.7;
2015.01.23 10:00:00;USD;2;Existing Home Sales;4.92M;5.08M;5.04M;;4.93M;
2015.01.23 10:00:00;USD;1;CB Leading Index m/m;0.4%;0.5%;0.5%;;0.6%;
2015.01.24 00:00:00;All;2;WEF Annual Meetings (Day 4);;;;;;
2015.01.25 00:00:00;EUR;3;Greek Parliamentary Election (All Day);;;;;;
2015.01.25 00:00:00;AUD;0;Bank Holiday (All Day);;;;;;
2015.01.25 18:50:00;JPY;2;Monetary Policy Meeting Minutes;;;;;;
2015.01.25 18:50:00;JPY;2;Trade Balance;-0.83T;-0.74T;-0.71T;;-0.93T;
2015.01.25 21:00:00;NZD;1;Credit Card Spending y/y;5.1%;;4.5%;;5.2%;
2015.01.26 04:00:00;EUR;3;German ifo Business Climate;105.5;106.7;106.7;;;
2015.01.26 04:00:00;EUR;2;Eurogroup Meetings (All Day);;;;;;
2015.01.26 18:50:00;JPY;1;SPPI y/y;3.6%;3.6%;3.6%;;;
2015.01.26 19:30:00;AUD;3;NAB Business Confidence;2;;2;;1;
2015.01.26 21:00:00;CNY;1;CB Leading Index m/m;0.8%;;1.1%;;0.9%;
2015.01.27 04:30:00;GBP;3;Prelim GDP q/q;0.7%;0.6%;0.5%;;;
2015.01.27 04:30:00;GBP;2;High Street Lending;36.7K;36.6K;35.7K;;;
2015.01.27 04:30:00;GBP;1;Index of Services 3m/3m;0.7%;1.0%;0.8%;;;
2015.01.27 04:30:00;EUR;2;ECOFIN Meetings (All Day);;;;;;
2015.01.27 08:30:00;USD;3;Core Durable Goods Orders m/m;-0.7%;0.6%;-0.8%;;-0.4%;
2015.01.27 08:30:00;USD;2;Durable Goods Orders m/m;-0.9%;0.6%;-3.4%;;-0.7%;
2015.01.27 09:00:00;USD;1;SP/CS Composite-20 HPI y/y;4.5%;4.4%;4.3%;;4.5%;
2015.01.27 09:45:00;USD;1;Flash Services PMI;53.3;53.9;54.0;;53.6;
2015.01.27 09:59:00;USD;1;Richmond Manufacturing Index;7;6;6;;;
2015.01.27 10:00:00;USD;3;CB Consumer Confidence;93.1;95.3;102.9;;92.6;
2015.01.27 10:00:00;USD;3;New Home Sales;431K;452K;481K;;438K;
2015.01.27 18:30:00;AUD;1;MI Leading Index m/m;-0.1%;;0.0%;;;
2015.01.27 19:30:00;AUD;3;CPI q/q;0.5%;0.3%;0.2%;;;
2015.01.27 19:30:00;AUD;2;Trimmed Mean CPI q/q;0.3%;0.5%;0.7%;;0.4%;
2015.01.28 02:00:00;CHF;1;UBS Consumption Indicator;1.29;;1.42;;;
2015.01.28 02:00:00;EUR;2;German GfK Consumer Climate;9.0;9.2;9.3;;;
2015.01.28 02:00:00;EUR;1;German Import Prices m/m;-0.8%;-1.4%;-1.7%;;;
2015.01.28 05:34:00;EUR;1;German 30-y Bond Auction;1.77|1.2;;1.07|1.3;;;
2015.01.28 10:30:00;USD;2;Crude Oil Inventories;10.1M;4.2M;8.9M;;;
2015.01.28 13:50:00;GBP;3;BOE Gov Carney Speaks;;;;;;
2015.01.28 14:00:00;USD;3;FOMC Statement;;;;;;
2015.01.28 14:00:00;USD;3;Federal Funds Rate;<0.25%;<0.25%;<0.25%;;;
2015.01.28 15:00:00;NZD;3;Official Cash Rate;3.50%;3.50%;3.50%;;;
2015.01.28 15:00:00;NZD;3;RBNZ Rate Statement;;;;;;
2015.01.28 16:45:00;NZD;3;Trade Balance;-285M;-48M;-159M;;-213M;
2015.01.28 18:00:00;AUD;1;CB Leading Index m/m;-0.2%;;0.1%;;;
2015.01.28 18:50:00;JPY;2;Retail Sales y/y;0.5%;1.1%;0.2%;;0.4%;
2015.01.28 19:30:00;AUD;2;Import Prices q/q;-0.8%;1.5%;0.9%;;;
2015.01.29 02:00:00;GBP;2;Nationwide HPI m/m;0.2%;0.4%;0.3%;;;
2015.01.29 02:00:00;EUR;3;German Prelim CPI m/m (All Day);0.0%;-0.8%;-1.0%;;;
2015.01.29 03:55:00;EUR;2;German Unemployment Change;-25K;-9K;-9K;;-27K;
2015.01.29 04:00:00;EUR;2;M3 Money Supply y/y;3.1%;3.6%;3.6%;;;
2015.01.29 04:00:00;EUR;2;Private Loans y/y;-0.9%;-0.5%;-0.5%;;;
2015.01.29 05:19:00;EUR;2;Italian 10-y Bond Auction;1.89|1.3;;1.62|1.4;;;
2015.01.29 06:00:00;GBP;2;CBI Realized Sales;61;31;39;;;
2015.01.29 08:30:00;USD;3;Unemployment Claims;308K;301K;265K;;307K;
2015.01.29 10:00:00;USD;2;Pending Home Sales m/m;0.6%;0.6%;-3.7%;;0.8%;
2015.01.29 10:30:00;USD;1;Natural Gas Storage;-216B;-113B;-94B;;;
2015.01.29 16:45:00;NZD;2;Building Consents m/m;10.5%;;-2.1%;;10.0%;
2015.01.29 16:45:00;NZD;1;Visitor Arrivals m/m;3.1%;;-1.3%;;;
2015.01.29 18:30:00;JPY;2;Household Spending y/y;-2.5%;-2.3%;-3.4%;;;
2015.01.29 18:30:00;JPY;2;Tokyo Core CPI y/y;2.3%;2.2%;2.2%;;;
2015.01.29 18:30:00;JPY;1;National Core CPI y/y;2.7%;2.6%;2.5%;;;
2015.01.29 18:30:00;JPY;1;Unemployment Rate;3.5%;3.5%;3.4%;;;
2015.01.29 18:50:00;JPY;2;Prelim Industrial Production m/m;-0.5%;1.3%;1.0%;;-0.6%;
2015.01.29 19:05:00;GBP;1;GfK Consumer Confidence;-4;-2;1;;;
2015.01.29 19:30:00;AUD;3;PPI q/q;0.2%;0.3%;0.1%;;;
2015.01.29 19:30:00;AUD;1;Private Sector Credit m/m;0.5%;0.5%;0.5%;;;
2015.01.30 00:00:00;JPY;1;Housing Starts y/y;-14.3%;-14.6%;-14.7%;;;
2015.01.30 02:00:00;EUR;2;German Retail Sales m/m;0.9%;0.4%;0.2%;;1.0%;
2015.01.30 02:45:00;EUR;2;French Consumer Spending m/m;0.2%;0.3%;1.5%;;0.4%;
2015.01.30 03:00:00;CHF;2;KOF Economic Barometer;98.8;94.8;97.0;;98.7;
2015.01.30 03:00:00;EUR;2;Spanish Flash CPI y/y;-1.0%;-1.5%;-1.4%;;-1.1%;
2015.01.30 03:00:00;EUR;2;Spanish Flash GDP q/q;0.5%;0.5%;0.7%;;;
2015.01.30 04:00:00;EUR;1;Italian Monthly Unemployment Rate;13.3%;13.5%;12.9%;;13.4%;
2015.01.30 04:30:00;GBP;2;Net Lending to Individuals m/m;3.1B;3.2B;2.2B;;3.3B;
2015.01.30 04:30:00;GBP;1;M4 Money Supply m/m;0.1%;0.5%;0.1%;;0.0%;
2015.01.30 04:30:00;GBP;1;Mortgage Approvals;59K;60K;60K;;;
2015.01.30 05:00:00;EUR;3;CPI Flash Estimate y/y;-0.2%;-0.5%;-0.6%;;;
2015.01.30 05:00:00;EUR;2;Core CPI Flash Estimate y/y;0.7%;0.6%;0.6%;;0.8%;
2015.01.30 05:00:00;EUR;2;Unemployment Rate;11.5%;11.5%;11.4%;;;
2015.01.30 08:30:00;CAD;3;GDP m/m;0.3%;-0.1%;-0.2%;;;
2015.01.30 08:30:00;USD;3;Advance GDP q/q;5.0%;3.0%;2.6%;;3.5%;
2015.01.30 08:30:00;USD;2;Advance GDP Price Index q/q;1.4%;0.9%;0.0%;;1.3%;
2015.01.30 08:30:00;USD;2;Employment Cost Index q/q;0.7%;0.6%;0.6%;;;
2015.01.30 09:45:00;USD;2;Chicago PMI;58.3;57.7;59.4;;;
2015.01.30 10:00:00;USD;2;Revised UoM Consumer Sentiment;98.2;98.5;98.1;;;
2015.01.30 10:00:00;USD;1;Revised UoM Inflation Expectations;2.4%;;2.5%;;;
2015.01.31 19:59:00;CNY;3;Manufacturing PMI;50.1;50.3;49.8;;;
2015.01.31 19:59:00;CNY;2;Non-Manufacturing PMI;54.1;;53.7;;;
