2015.06.01 00:00:00;EUR;2;German Prelim CPI m/m (All Day);0.0%;0.0%;0.1%;;-0.1%;
2015.06.01 02:30:00;AUD;1;Commodity Prices y/y;-20.7%;;-19.5%;;-20.5%;
2015.06.01 03:15:00;EUR;2;Spanish Manufacturing PMI;54.2;54.4;55.8;;;
2015.06.01 03:30:00;CHF;1;Manufacturing PMI;47.9;47.2;49.4;;;
2015.06.01 03:45:00;EUR;2;Italian Manufacturing PMI;53.8;53.1;54.8;;;
2015.06.01 03:50:00;EUR;1;French Final Manufacturing PMI;49.3;49.3;49.4;;;
2015.06.01 03:55:00;EUR;2;German Final Manufacturing PMI;51.4;51.4;51.1;;;
2015.06.01 04:00:00;EUR;1;Final Manufacturing PMI;52.3;52.3;52.2;;;
2015.06.01 04:30:00;GBP;3;Final Manufacturing PMI;51.8;52.7;52.0;;51.9;
2015.06.01 08:30:00;USD;2;Core PCE Price Index m/m;0.1%;0.2%;0.1%;;;
2015.06.01 08:30:00;USD;2;Personal Spending m/m;0.5%;0.2%;0.0%;;0.4%;
2015.06.01 08:30:00;USD;1;Personal Income m/m;0.0%;0.3%;0.4%;;;
2015.06.01 09:30:00;CAD;1;Manufacturing PMI;49.0;;49.8;;;
2015.06.01 09:30:00;USD;2;FOMC Member Fischer Speaks;;;;;;
2015.06.01 09:45:00;USD;1;Final Manufacturing PMI;53.8;54.2;54.0;;;
2015.06.01 10:00:00;USD;3;ISM Manufacturing PMI;51.5;51.9;52.8;;;
2015.06.01 10:00:00;USD;1;Construction Spending m/m;0.5%;0.7%;2.2%;;-0.6%;
2015.06.01 10:00:00;USD;1;ISM Manufacturing Prices;40.5;43.0;49.5;;;
2015.06.01 18:45:00;NZD;2;Overseas Trade Index q/q;-2.3%;1.6%;1.5%;;-1.9%;
2015.06.01 19:50:00;JPY;1;Monetary Base y/y;35.2%;34.3%;35.6%;;;
2015.06.01 21:30:00;AUD;2;Current Account;-10.2B;-10.9B;-10.7B;;-9.6B;
2015.06.01 21:30:00;JPY;2;Average Cash Earnings y/y;0.0%;0.4%;0.9%;;0.1%;
2015.06.01 23:45:00;JPY;1;10-y Bond Auction;0.43|2.2;;0.45|2.7;;;
2015.06.02 00:30:00;AUD;3;Cash Rate;2.00%;2.00%;2.00%;;;
2015.06.02 00:30:00;AUD;3;RBA Rate Statement;;;;;;
2015.06.02 00:30:00;EUR;0;Italian Bank Holiday (All Day);;;;;;
2015.06.02 03:00:00;EUR;2;Spanish Unemployment Change;-118.9K;-115.4K;-118.0K;;;
2015.06.02 03:55:00;EUR;2;German Unemployment Change;-9K;-10K;-6K;;-8K;
2015.06.02 04:30:00;GBP;3;Construction PMI;54.2;55.1;55.9;;;
2015.06.02 04:30:00;GBP;2;Net Lending to Individuals m/m;3.3B;2.3B;2.9B;;3.1B;
2015.06.02 04:30:00;GBP;1;M4 Money Supply m/m;0.3%;0.4%;0.4%;;;
2015.06.02 04:30:00;GBP;1;Mortgage Approvals;62K;64K;68K;;61K;
2015.06.02 05:00:00;EUR;2;CPI Flash Estimate y/y;0.0%;0.2%;0.3%;;;
2015.06.02 05:00:00;EUR;2;Core CPI Flash Estimate y/y;0.6%;0.7%;0.9%;;;
2015.06.02 05:00:00;EUR;1;PPI m/m;0.2%;0.1%;-0.1%;;;
2015.06.02 05:38:00;GBP;1;10-y Bond Auction;1.88|1.5;;2.02|1.2;;;
2015.06.02 10:00:00;USD;2;FOMC Member Brainard Speaks;;;;;;
2015.06.02 10:00:00;USD;2;Factory Orders m/m;2.2%;0.0%;-0.4%;;2.1%;
2015.06.02 10:00:00;USD;1;IBD/TIPP Economic Optimism;49.7;49.8;48.1;;;
2015.06.02 10:08:00;NZD;3;GDT Price Index;-2.2%;;-4.3%;;;
2015.06.02 10:08:00;USD;1;Total Vehicle Sales (All Day);16.5M;17.0M;17.8M;;;
2015.06.02 19:01:00;GBP;1;BRC Shop Price Index y/y;-1.9%;;-1.9%;;;
2015.06.02 19:30:00;AUD;1;AIG Services Index;49.7;;49.6;;;
2015.06.02 21:00:00;NZD;1;ANZ Commodity Prices m/m;-7.4%;;-4.7%;;;
2015.06.02 21:30:00;AUD;3;GDP q/q;0.5%;0.7%;0.9%;;;
2015.06.02 21:45:00;CNY;2;Caixin Services PMI;52.9;53.3;53.5;;;
2015.06.03 01:57:00;GBP;1;Nationwide HPI m/m;1.0%;0.4%;0.3%;;;
2015.06.03 03:15:00;EUR;2;Spanish Services PMI;60.3;59.5;58.4;;;
2015.06.03 03:45:00;EUR;2;Italian Services PMI;53.1;52.8;52.5;;;
2015.06.03 03:50:00;EUR;1;French Final Services PMI;51.6;51.6;52.8;;;
2015.06.03 03:55:00;EUR;2;German Final Services PMI;52.9;52.9;53.0;;;
2015.06.03 04:00:00;EUR;1;Final Services PMI;53.3;53.3;53.8;;;
2015.06.03 04:00:00;EUR;1;Italian Monthly Unemployment Rate;12.6%;12.8%;12.4%;;13.0%;
2015.06.03 04:00:00;EUR;1;Italian Quarterly Unemployment Rate;12.7%;12.9%;12.4%;;13.0%;
2015.06.03 04:30:00;GBP;3;Final Services PMI;59.5;59.2;56.5;;;
2015.06.03 05:00:00;EUR;2;Retail Sales m/m;-0.6%;0.7%;0.7%;;-0.8%;
2015.06.03 05:00:00;EUR;2;Unemployment Rate;11.2%;11.2%;11.1%;;11.3%;
2015.06.03 07:45:00;EUR;3;Main Refinancing Rate;0.05%;0.05%;0.05%;;;
2015.06.03 08:15:00;USD;3;ADP Non-Farm Employment Change;165K;198K;201K;;169K;
2015.06.03 08:30:00;CAD;3;Trade Balance;-3.9B;-2.1B;-3.0B;;-3.0B;
2015.06.03 08:30:00;EUR;3;ECB Press Conference;;;;;;
2015.06.03 08:30:00;USD;3;Trade Balance;-50.6B;-43.9B;-40.9B;;-51.4B;
2015.06.03 09:45:00;USD;1;Final Services PMI;56.4;56.5;56.2;;;
2015.06.03 10:00:00;USD;3;ISM Services PMI;57.8;57.1;55.7;;;
2015.06.03 10:30:00;USD;2;Crude Oil Inventories;-2.8M;-1.9M;-1.9M;;;
2015.06.03 14:00:00;USD;1;Beige Book;;;;;;
2015.06.03 14:15:00;USD;2;FOMC Member Evans Speaks;;;;;;
2015.06.03 21:30:00;AUD;3;Retail Sales m/m;0.2%;0.4%;0.0%;;0.3%;
2015.06.03 21:30:00;AUD;3;Trade Balance;-1.23B;-2.17B;-3.89B;;-1.32B;
2015.06.03 23:45:00;JPY;1;30-y Bond Auction;1.51|2.7;;1.53|3.1;;;
2015.06.04 03:00:00;GBP;2;Halifax HPI m/m;1.6%;0.2%;-0.1%;;;
2015.06.04 04:10:00;EUR;1;Retail PMI;49.5;;51.4;;;
2015.06.04 05:00:00;EUR;1;French 10-y Bond Auction;0.98|1.7;;1.28|1.8;;;
2015.06.04 07:00:00;GBP;3;Official Bank Rate;0.50%;0.50%;0.50%;;;
2015.06.04 07:00:00;GBP;2;Asset Purchase Facility;375B;375B;375B;;;
2015.06.04 07:30:00;USD;1;Challenger Job Cuts y/y;52.8%;;-22.5%;;;
2015.06.04 08:30:00;USD;3;Unemployment Claims;284K;280K;276K;;282K;
2015.06.04 08:30:00;USD;2;Revised Nonfarm Productivity q/q;-1.9%;-2.8%;-3.1%;;;
2015.06.04 08:30:00;USD;1;Revised Unit Labor Costs q/q;5.0%;5.8%;6.7%;;;
2015.06.04 10:00:00;CAD;3;Ivey PMI;58.2;55.1;62.3;;;
2015.06.04 10:30:00;USD;1;Natural Gas Storage;112B;119B;132B;;;
2015.06.04 12:00:00;USD;1;FOMC Member Tarullo Speaks;;;;;;
2015.06.04 19:30:00;AUD;1;AIG Construction Index;47.0;;47.8;;;
2015.06.05 01:00:00;JPY;1;Leading Indicators;106.0%;107.3%;107.2%;;105.5%;
2015.06.05 02:00:00;EUR;2;German Factory Orders m/m;1.1%;0.6%;1.4%;;0.9%;
2015.06.05 02:45:00;EUR;1;French Trade Balance;-4.4B;-4.0B;-3.0B;;-4.6B;
2015.06.05 03:00:00;CHF;2;Foreign Currency Reserves;522B;;518B;;;
2015.06.05 04:30:00;GBP;1;Consumer Inflation Expectations;1.9%;;2.2%;;;
2015.06.05 04:30:00;All;3;OPEC Meetings (All Day);;;;;;
2015.06.05 08:30:00;CAD;3;Employment Change;-19.7K;10.2K;58.9K;;;
2015.06.05 08:30:00;CAD;3;Unemployment Rate;6.8%;6.8%;6.8%;;;
2015.06.05 08:30:00;CAD;2;Labor Productivity q/q;0.3%;0.2%;-0.1%;;-0.1%;
2015.06.05 08:30:00;USD;3;Non-Farm Employment Change;221K;222K;280K;;223K;
2015.06.05 08:30:00;USD;3;Unemployment Rate;5.4%;5.4%;5.5%;;;
2015.06.05 08:30:00;USD;2;Average Hourly Earnings m/m;0.1%;0.2%;0.3%;;;
2015.06.05 12:30:00;USD;3;FOMC Member Dudley Speaks;;;;;;
2015.06.05 15:00:00;USD;1;Consumer Credit m/m;21.3B;16.5B;20.5B;;20.5B;
2015.06.07 00:00:00;All;3;G7 Meetings (Day 1);;;;;;
2015.06.07 00:00:00;AUD;0;Bank Holiday (All Day);;;;;;
2015.06.07 19:50:00;JPY;2;Current Account;2.07T;1.45T;1.27T;;;
2015.06.07 19:50:00;JPY;2;Final GDP q/q;0.6%;0.7%;1.0%;;;
2015.06.07 19:50:00;JPY;1;Bank Lending y/y;2.6%;;2.6%;;;
2015.06.07 19:50:00;JPY;1;Final GDP Price Index y/y;3.4%;3.4%;3.4%;;;
2015.06.07 22:19:00;CNY;3;Trade Balance;210B;245B;367B;;;
2015.06.07 22:25:00;CNY;1;USD-Denominated Trade Balance;34.1B;44.9B;59.5B;;;
2015.06.08 01:00:00;JPY;1;Economy Watchers Sentiment;53.6;54.2;53.3;;;
2015.06.08 02:00:00;EUR;2;German Industrial Production m/m;-0.4%;0.6%;0.9%;;-0.5%;
2015.06.08 02:00:00;EUR;1;German Trade Balance;19.4B;18.1B;22.3B;;19.3B;
2015.06.08 04:30:00;EUR;1;Sentix Investor Confidence;19.6;18.9;17.1;;;
2015.06.08 04:30:00;All;3;G7 Meetings (Day 2);;;;;;
2015.06.08 08:13:00;CAD;1;Housing Starts;183K;187K;202K;;182K;
2015.06.08 08:30:00;CAD;3;Building Permits m/m;13.6%;3.4%;11.6%;;11.6%;
2015.06.08 10:00:00;USD;1;Labor Market Conditions Index m/m;-0.5;;1.3;;-1.9;
2015.06.08 16:30:00;CAD;2;Gov Council Member Wilkins Speaks;;;;;;
2015.06.08 18:45:00;NZD;1;Manufacturing Sales q/q;-1.0%;;-2.8%;;-0.7%;
2015.06.08 19:01:00;GBP;1;BRC Retail Sales Monitor y/y;-2.4%;;0.0%;;;
2015.06.08 19:50:00;JPY;1;M2 Money Stock y/y;3.6%;3.6%;4.0%;;;
2015.06.08 21:30:00;AUD;3;NAB Business Confidence;3;;7;;;
2015.06.08 21:30:00;AUD;2;ANZ Job Advertisements m/m;2.5%;;0.0%;;2.3%;
2015.06.08 21:30:00;AUD;2;Home Loans m/m;1.5%;-1.8%;1.0%;;1.6%;
2015.06.08 21:30:00;CNY;3;CPI y/y;1.5%;1.3%;1.2%;;;
2015.06.08 21:30:00;CNY;2;PPI y/y;-4.6%;-4.5%;-4.6%;;;
2015.06.09 01:00:00;JPY;1;Consumer Confidence;41.5;41.9;41.4;;;
2015.06.09 01:45:00;CHF;1;Unemployment Rate;3.3%;3.3%;3.3%;;;
2015.06.09 01:59:00;JPY;1;Prelim Machine Tool Orders y/y;10.5%;;15.0%;;10.4%;
2015.06.09 02:45:00;EUR;1;French Gov Budget Balance;-26.3B;;-59.8B;;;
2015.06.09 03:15:00;CHF;2;CPI m/m;-0.2%;0.1%;0.2%;;;
2015.06.09 04:30:00;GBP;2;Goods Trade Balance;-10.7B;-10.0B;-8.6B;;-10.1B;
2015.06.09 05:00:00;EUR;1;Revised GDP q/q;0.4%;0.4%;0.4%;;;
2015.06.09 06:00:00;USD;1;NFIB Small Business Index;96.9;97.1;98.3;;;
2015.06.09 10:00:00;USD;2;JOLTS Job Openings;5.11M;5.03M;5.38M;;4.99M;
2015.06.09 10:00:00;USD;1;Final Wholesale Inventories m/m;0.2%;0.2%;0.4%;;0.1%;
2015.06.09 19:50:00;JPY;2;Core Machinery Orders m/m;2.9%;-2.0%;3.8%;;;
2015.06.09 19:50:00;JPY;1;PPI y/y;-2.1%;-2.2%;-2.1%;;;
2015.06.09 20:30:00;AUD;2;Westpac Consumer Sentiment;6.4%;;-6.9%;;;
2015.06.09 22:50:00;AUD;3;RBA Gov Stevens Speaks;;;;;;
2015.06.10 02:45:00;EUR;1;French Industrial Production m/m;0.0%;0.4%;-0.9%;;-0.3%;
2015.06.10 04:00:00;EUR;1;Italian Industrial Production m/m;0.5%;0.3%;-0.3%;;0.4%;
2015.06.10 04:30:00;GBP;3;Manufacturing Production m/m;0.4%;0.1%;-0.4%;;;
2015.06.10 04:30:00;GBP;1;Industrial Production m/m;0.6%;0.1%;0.4%;;0.5%;
2015.06.10 10:00:00;GBP;2;NIESR GDP Estimate;0.5%;;0.6%;;0.4%;
2015.06.10 10:30:00;USD;2;Crude Oil Inventories;-1.9M;-1.5M;-6.8M;;;
2015.06.10 13:01:00;USD;1;10-y Bond Auction;2.24|2.7;;2.46|2.7;;;
2015.06.10 14:00:00;USD;1;Federal Budget Balance;156.7B;-97.4B;-82.4B;;;
2015.06.10 16:00:00;GBP;3;BOE Gov Carney Speaks;;;;;;
2015.06.10 17:00:00;NZD;3;Official Cash Rate;3.50%;3.50%;3.25%;;;
2015.06.10 17:00:00;NZD;3;RBNZ Rate Statement;;;;;;
2015.06.10 17:00:00;NZD;2;RBNZ Monetary Policy Statement;;;;;;
2015.06.10 17:05:00;NZD;3;RBNZ Press Conference;;;;;;
2015.06.10 19:01:00;GBP;1;RICS House Price Balance;32%;35%;34%;;33%;
2015.06.10 19:50:00;JPY;2;BSI Manufacturing Index;2.4;3.2;-6.0;;;
2015.06.10 21:00:00;AUD;2;MI Inflation Expectations;3.6%;;3.0%;;;
2015.06.10 21:30:00;AUD;3;Employment Change;-13.7K;12.1K;42.0K;;-2.9K;
2015.06.10 21:30:00;AUD;3;Unemployment Rate;6.1%;6.2%;6.0%;;6.2%;
2015.06.11 01:30:00;CNY;3;Industrial Production y/y;5.9%;6.0%;6.1%;;;
2015.06.11 01:30:00;CNY;2;Fixed Asset Investment ytd/y;12.0%;11.7%;11.4%;;;
2015.06.11 01:30:00;CNY;1;Retail Sales y/y;10.0%;10.1%;10.1%;;;
2015.06.11 01:30:00;EUR;1;French Final Private Payrolls q/q;-0.1%;-0.1%;0.0%;;;
2015.06.11 02:45:00;EUR;1;French Final CPI m/m;0.1%;0.3%;0.2%;;;
2015.06.11 03:04:00;CNY;2;New Loans;708B;860B;901B;;;
2015.06.11 03:04:00;CNY;1;M2 Money Supply y/y;10.1%;10.6%;10.8%;;;
2015.06.11 05:35:00;GBP;1;30-y Bond Auction;2.34|1.4;;2.86|1.6;;;
2015.06.11 08:30:00;CAD;2;NHPI m/m;0.0%;0.2%;0.1%;;;
2015.06.11 08:30:00;CAD;1;Capacity Utilization Rate;83.5%;83.1%;82.7%;;83.6%;
2015.06.11 08:30:00;USD;3;Core Retail Sales m/m;0.1%;0.7%;1.0%;;;
2015.06.11 08:30:00;USD;3;Retail Sales m/m;0.2%;1.1%;1.2%;;0.0%;
2015.06.11 08:30:00;USD;3;Unemployment Claims;277K;277K;279K;;276K;
2015.06.11 08:30:00;USD;2;Import Prices m/m;-0.2%;0.9%;1.3%;;-0.3%;
2015.06.11 10:00:00;USD;2;Business Inventories m/m;0.1%;0.2%;0.4%;;;
2015.06.11 10:30:00;CAD;1;BOC Financial System Review;;;;;;
2015.06.11 10:30:00;USD;1;Natural Gas Storage;132B;114B;111B;;;
2015.06.11 11:15:00;CAD;3;BOC Gov Poloz Speaks;;;;;;
2015.06.11 13:01:00;USD;1;30-y Bond Auction;3.04|2.2;;3.14|2.5;;;
2015.06.11 18:30:00;NZD;2;BusinessNZ Manufacturing Index;51.7;;51.5;;51.8;
2015.06.11 18:45:00;NZD;1;FPI m/m;-0.3%;;0.4%;;;
2015.06.12 00:30:00;JPY;1;Revised Industrial Production m/m;1.0%;1.0%;1.2%;;;
2015.06.12 00:35:00;JPY;1;Tertiary Industry Activity m/m;-1.0%;0.4%;-0.2%;;;
2015.06.12 02:00:00;EUR;1;German WPI m/m;0.4%;0.3%;0.5%;;;
2015.06.12 04:30:00;GBP;1;Construction Output m/m;1.4%;0.1%;-0.8%;;3.9%;
2015.06.12 05:00:00;EUR;1;Industrial Production m/m;-0.4%;0.4%;0.1%;;-0.3%;
2015.06.12 08:30:00;USD;3;PPI m/m;-0.4%;0.4%;0.5%;;;
2015.06.12 08:30:00;USD;2;Core PPI m/m;-0.2%;0.1%;0.1%;;;
2015.06.12 10:00:00;USD;3;Prelim UoM Consumer Sentiment;90.7;91.3;94.6;;88.6;
2015.06.12 10:00:00;USD;1;Prelim UoM Inflation Expectations;2.8%;;2.7%;;2.9%;
2015.06.14 19:01:00;GBP;1;Rightmove HPI m/m;-0.1%;;3.0%;;;
2015.06.15 03:00:00;EUR;2;German Buba President Weidmann Speaks;;;;;;
2015.06.15 03:15:00;CHF;2;PPI m/m;-2.1%;0.1%;-0.8%;;;
2015.06.15 03:15:00;CHF;2;Retail Sales y/y;-2.8%;-2.2%;1.6%;;;
2015.06.15 03:50:00;AUD;2;RBA Assist Gov Kent Speaks;;;;;;
2015.06.15 05:00:00;EUR;1;Trade Balance;19.9B;20.3B;24.3B;;19.7B;
2015.06.15 06:00:00;EUR;1;German Buba Monthly Report;;;;;;
2015.06.15 08:30:00;CAD;3;Manufacturing Sales m/m;2.7%;-1.3%;-2.1%;;2.9%;
2015.06.15 08:30:00;USD;2;Empire State Manufacturing Index;3.1;5.8;-2.0;;;
2015.06.15 09:00:00;EUR;3;ECB President Draghi Speaks;;;;;;
2015.06.15 09:15:00;USD;2;Capacity Utilization Rate;78.3%;78.3%;78.1%;;78.2%;
2015.06.15 09:15:00;USD;2;Industrial Production m/m;-0.5%;0.2%;-0.2%;;-0.3%;
2015.06.15 10:00:00;USD;2;NAHB Housing Market Index;54;56;59;;;
2015.06.15 16:00:00;USD;1;TIC Long-Term Purchases;25.6B;22.5B;53.9B;;17.6B;
2015.06.15 17:55:00;AUD;2;RBA Deputy Gov Debelle Speaks;;;;;;
2015.06.15 21:30:00;AUD;3;Monetary Policy Meeting Minutes;;;;;;
2015.06.15 21:30:00;AUD;1;New Motor Vehicle Sales m/m;-1.5%;;-1.3%;;;
2015.06.16 01:45:00;CHF;1;SECO Economic Forecasts;;;;;;
2015.06.16 02:00:00;EUR;1;German Final CPI m/m;0.1%;0.1%;0.1%;;;
2015.06.16 03:36:00;EUR;3;European Court of Justice Ruling;;;;;;
2015.06.16 04:30:00;GBP;3;CPI y/y;-0.1%;0.1%;0.1%;;;
2015.06.16 04:30:00;GBP;2;PPI Input m/m;1.4%;0.7%;-0.9%;;0.4%;
2015.06.16 04:30:00;GBP;2;RPI y/y;0.9%;1.1%;1.0%;;;
2015.06.16 04:30:00;GBP;1;Core CPI y/y;0.8%;1.0%;0.9%;;;
2015.06.16 04:30:00;GBP;1;ONS HPI y/y;9.6%;10.2%;5.5%;;;
2015.06.16 04:30:00;GBP;1;PPI Output m/m;0.1%;0.1%;0.1%;;;
2015.06.16 05:00:00;EUR;3;German ZEW Economic Sentiment;41.9;37.5;31.5;;;
2015.06.16 05:00:00;EUR;2;ZEW Economic Sentiment;61.2;60.3;53.7;;;
2015.06.16 05:00:00;EUR;1;Final Employment Change q/q;0.1%;0.1%;0.1%;;;
2015.06.16 08:30:00;CAD;2;Foreign Securities Purchases;22.56B;5.03B;12.94B;;22.47B;
2015.06.16 08:30:00;USD;3;Building Permits;1.14M;1.11M;1.28M;;;
2015.06.16 08:30:00;USD;2;Housing Starts;1.17M;1.10M;1.04M;;1.14M;
2015.06.16 09:30:00;GBP;1;CB Leading Index m/m;0.3%;;0.4%;;0.2%;
2015.06.16 10:08:00;NZD;3;GDT Price Index;-4.3%;;-1.3%;;;
2015.06.16 18:45:00;NZD;2;Current Account;-3.17B;0.27B;0.66B;;-3.19B;
2015.06.16 19:50:00;JPY;2;Trade Balance;-0.24T;-0.17T;-0.18T;;-0.21T;
2015.06.16 20:30:00;AUD;1;MI Leading Index m/m;0.0%;;-0.1%;;0.1%;
2015.06.17 04:04:00;EUR;1;Italian Trade Balance;4.01B;3.27B;3.74B;;4.06B;
2015.06.17 04:30:00;GBP;3;Average Earnings Index 3m/y;2.3%;2.5%;2.7%;;1.9%;
2015.06.17 04:30:00;GBP;3;Claimant Count Change;-7.8K;-12.5K;-6.5K;;-6.5K;
2015.06.17 04:30:00;GBP;3;MPC Official Bank Rate Votes;0-0-9;0-0-9;0-0-9;;;
2015.06.17 04:30:00;GBP;2;MPC Asset Purchase Facility Votes;0-0-9;0-0-9;0-0-9;;;
2015.06.17 04:30:00;GBP;2;Unemployment Rate;5.5%;5.5%;5.5%;;;
2015.06.17 05:00:00;CHF;1;Credit Suisse Economic Expectations;-0.1;;0.1;;;
2015.06.17 05:00:00;EUR;2;Final CPI y/y;0.3%;0.3%;0.3%;;;
2015.06.17 05:00:00;EUR;1;Final Core CPI y/y;0.9%;0.9%;0.9%;;;
2015.06.17 05:34:00;EUR;2;German 10-y Bond Auction;0.65|1.3;;0.81|1.7;;;
2015.06.17 08:30:00;CAD;3;Wholesale Sales m/m;1.0%;0.3%;1.9%;;0.8%;
2015.06.17 10:30:00;USD;2;Crude Oil Inventories;-6.8M;-1.6M;-2.7M;;;
2015.06.17 13:30:00;GBP;2;MPC Member Forbes Speaks;;;;;;
2015.06.17 13:45:00;GBP;3;BOE Gov Carney Speaks;;;;;;
2015.06.17 14:00:00;USD;3;FOMC Economic Projections;;;;;;
2015.06.17 14:00:00;USD;3;FOMC Statement;;;;;;
2015.06.17 14:00:00;USD;3;Federal Funds Rate;<0.25%;<0.25%;<0.25%;;;
2015.06.17 14:30:00;USD;3;FOMC Press Conference;;;;;;
2015.06.17 18:45:00;NZD;3;GDP q/q;0.7%;0.6%;0.2%;;0.8%;
2015.06.17 19:05:00;GBP;1;BOE Quarterly Bulletin;;;;;;
2015.06.17 21:30:00;AUD;1;RBA Bulletin;;;;;;
2015.06.17 22:02:00;CNY;1;Foreign Direct Investment ytd/y;11.1%;;10.5%;;;
2015.06.18 00:30:00;CHF;2;SNB Financial Stability Report;;;;;;
2015.06.18 02:00:00;CHF;2;Trade Balance;2.66B;2.72B;3.43B;;2.86B;
2015.06.18 03:30:00;CHF;3;Libor Rate;-0.75%;-0.75%;-0.75%;;;
2015.06.18 03:30:00;CHF;3;SNB Monetary Policy Assessment;;;;;;
2015.06.18 03:30:00;CHF;3;SNB Press Conference;;;;;;
2015.06.18 04:00:00;EUR;1;ECB Economic Bulletin;;;;;;
2015.06.18 04:30:00;GBP;3;Retail Sales m/m;0.9%;0.0%;0.2%;;1.2%;
2015.06.18 04:47:00;EUR;1;Spanish 10-y Bond Auction;1.88|3.0;;2.35|1.9;;;
2015.06.18 05:30:00;EUR;3;Long Term Refinancing Operation;97.8B;60.0B;73.8B;;;
2015.06.18 05:30:00;EUR;3;Eurogroup Meetings (All Day);;;;;;
2015.06.18 08:30:00;USD;3;CPI m/m;0.1%;0.5%;0.4%;;;
2015.06.18 08:30:00;USD;3;Core CPI m/m;0.3%;0.2%;0.1%;;;
2015.06.18 08:30:00;USD;3;Unemployment Claims;279K;278K;267K;;;
2015.06.18 08:30:00;USD;2;Current Account;-103B;-116B;-113B;;-113B;
2015.06.18 10:00:00;USD;3;Philly Fed Manufacturing Index;6.7;8.1;15.2;;;
2015.06.18 10:00:00;USD;1;CB Leading Index m/m;0.7%;0.4%;0.7%;;;
2015.06.18 10:30:00;USD;1;Natural Gas Storage;111B;95B;89B;;;
2015.06.18 23:04:00;JPY;3;Monetary Policy Statement;;;;;;
2015.06.19 00:30:00;JPY;1;All Industries Activity m/m;-1.4%;0.3%;0.1%;;-1.3%;
2015.06.19 02:00:00;EUR;1;German PPI m/m;0.1%;0.2%;0.0%;;;
2015.06.19 02:31:00;JPY;3;BOJ Press Conference;;;;;;
2015.06.19 04:00:00;EUR;1;Current Account;18.0B;18.1B;22.3B;;18.6B;
2015.06.19 04:30:00;GBP;2;Public Sector Net Borrowing;5.5B;10.1B;9.4B;;6.0B;
2015.06.19 04:30:00;EUR;2;ECOFIN Meetings (All Day);;;;;;
2015.06.19 08:30:00;CAD;3;Core CPI m/m;0.1%;0.3%;0.4%;;;
2015.06.19 08:30:00;CAD;3;Core Retail Sales m/m;0.7%;0.3%;-0.6%;;0.5%;
2015.06.19 08:30:00;CAD;2;CPI m/m;-0.1%;0.4%;0.6%;;;
2015.06.19 08:30:00;CAD;2;Retail Sales m/m;0.9%;0.7%;-0.1%;;0.7%;
2015.06.19 11:40:00;USD;2;FOMC Member Williams Speaks;;;;;;
2015.06.21 17:52:00;NZD;1;Westpac Consumer Sentiment;117.4;;113.0;;;
2015.06.21 18:47:00;NZD;1;Visitor Arrivals m/m;1.5%;;0.1%;;1.4%;
2015.06.21 18:47:00;CNY;0;Bank Holiday (All Day);;;;;;
2015.06.21 23:00:00;NZD;1;Credit Card Spending y/y;7.2%;;7.1%;;7.1%;
2015.06.22 01:00:00;JPY;1;BOJ Monthly Report;;;;;;
2015.06.22 03:45:00;GBP;2;MPC Member Cunliffe Speaks;;;;;;
2015.06.22 03:45:00;EUR;3;Eurogroup Meetings (All Day);;;;;;
2015.06.22 03:45:00;EUR;3;Euro Summit (All Day);;;;;;
2015.06.22 10:00:00;EUR;1;Consumer Confidence;-6;-6;-6;;;
2015.06.22 10:00:00;USD;3;Existing Home Sales;5.09M;5.27M;5.35M;;5.04M;
2015.06.22 20:00:00;AUD;1;CB Leading Index m/m;0.0%;;-0.3%;;-0.1%;
2015.06.22 21:30:00;AUD;2;HPI q/q;2.0%;2.2%;1.6%;;1.9%;
2015.06.22 21:35:00;JPY;1;Flash Manufacturing PMI;50.9;50.6;49.9;;;
2015.06.22 21:45:00;CNY;3;Caixin Flash Manufacturing PMI;49.2;49.4;49.6;;49.1;
2015.06.23 03:00:00;EUR;3;French Flash Manufacturing PMI;49.4;50.1;50.5;;49.3;
2015.06.23 03:00:00;EUR;2;French Flash Services PMI;52.8;52.5;54.1;;51.6;
2015.06.23 03:30:00;EUR;3;German Flash Manufacturing PMI;51.1;51.5;51.9;;51.4;
2015.06.23 03:30:00;EUR;2;German Flash Services PMI;53.0;52.9;54.2;;52.9;
2015.06.23 04:00:00;EUR;2;Flash Manufacturing PMI;52.2;52.0;52.5;;52.3;
2015.06.23 04:00:00;EUR;2;Flash Services PMI;53.8;53.7;54.4;;53.3;
2015.06.23 05:00:00;EUR;1;Italian Retail Sales m/m;-0.1%;0.1%;0.7%;;;
2015.06.23 06:00:00;GBP;1;CBI Industrial Order Expectations;-5;1;-7;;;
2015.06.23 08:00:00;USD;3;FOMC Member Powell Speaks;;;;;;
2015.06.23 08:30:00;USD;3;Core Durable Goods Orders m/m;-0.2%;0.6%;0.5%;;0.5%;
2015.06.23 08:30:00;USD;2;Durable Goods Orders m/m;-1.0%;-0.6%;-1.8%;;-0.5%;
2015.06.23 09:00:00;USD;1;HPI m/m;0.3%;0.6%;0.3%;;;
2015.06.23 09:45:00;USD;2;Flash Manufacturing PMI;54.0;54.2;53.4;;53.8;
2015.06.23 09:59:00;USD;1;Richmond Manufacturing Index;1;3;6;;;
2015.06.23 10:00:00;USD;2;New Home Sales;534K;524K;546K;;517K;
2015.06.23 19:50:00;JPY;2;Monetary Policy Meeting Minutes;;;;;;
2015.06.23 19:50:00;JPY;1;SPPI y/y;0.7%;0.4%;0.6%;;;
2015.06.23 22:00:00;CNY;1;CB Leading Index m/m;1.4%;;1.1%;;1.1%;
2015.06.24 02:00:00;CHF;1;UBS Consumption Indicator;1.67;;1.73;;1.25;
2015.06.24 04:00:00;EUR;3;German ifo Business Climate;108.5;108.2;107.4;;;
2015.06.24 04:30:00;GBP;1;High Street Lending;42.0K;43.1K;42.5K;;42.1K;
2015.06.24 04:30:00;EUR;3;Eurogroup Meetings (All Day);;;;;;
2015.06.24 08:30:00;USD;3;Final GDP q/q;-0.7%;-0.2%;-0.2%;;;
2015.06.24 08:30:00;USD;1;Final GDP Price Index q/q;-0.1%;-0.1%;0.0%;;;
2015.06.24 09:00:00;CHF;1;SNB Quarterly Bulletin;;;;;;
2015.06.24 09:00:00;EUR;1;Belgian NBB Business Climate;-4.9;-5.2;-3.9;;;
2015.06.24 10:30:00;USD;2;Crude Oil Inventories;-2.7M;-1.8M;-4.9M;;;
2015.06.25 02:00:00;EUR;2;German GfK Consumer Climate;10.2;10.1;10.1;;;
2015.06.25 04:00:00;CHF;3;SNB Chairman Jordan Speaks;;;;;;
2015.06.25 06:00:00;GBP;1;CBI Realized Sales;51;32;29;;;
2015.06.25 06:00:00;EUR;3;Eurogroup Meetings (All Day);;;;;;
2015.06.25 06:00:00;EUR;3;EU Economic Summit (Day 1);;;;;;
2015.06.25 08:00:00;USD;1;FOMC Member Tarullo Speaks;;;;;;
2015.06.25 08:30:00;USD;3;Unemployment Claims;268K;271K;271K;;267K;
2015.06.25 08:30:00;USD;2;Core PCE Price Index m/m;0.1%;0.1%;0.1%;;;
2015.06.25 08:30:00;USD;2;Personal Spending m/m;0.1%;0.7%;0.9%;;0.0%;
2015.06.25 08:30:00;USD;1;Personal Income m/m;0.5%;0.6%;0.5%;;0.4%;
2015.06.25 09:45:00;USD;2;FOMC Member Powell Speaks;;;;;;
2015.06.25 09:45:00;USD;1;Flash Services PMI;56.2;56.5;54.8;;56.4;
2015.06.25 10:30:00;USD;1;Natural Gas Storage;89B;79B;75B;;;
2015.06.25 12:10:00;CAD;2;Gov Council Member Schembri Speaks;;;;;;
2015.06.25 18:45:00;NZD;3;Trade Balance;183M;-90M;350M;;123M;
2015.06.25 19:30:00;JPY;2;Household Spending y/y;-1.3%;3.5%;4.8%;;;
2015.06.25 19:30:00;JPY;2;Tokyo Core CPI y/y;0.2%;0.1%;0.1%;;;
2015.06.25 19:30:00;JPY;1;National Core CPI y/y;0.3%;0.0%;0.1%;;;
2015.06.25 19:30:00;JPY;1;Unemployment Rate;3.3%;3.3%;3.3%;;;
2015.06.26 02:00:00;EUR;1;German Import Prices m/m;0.6%;0.2%;-0.2%;;;
2015.06.26 04:00:00;EUR;2;M3 Money Supply y/y;5.3%;5.4%;5.0%;;;
2015.06.26 04:00:00;EUR;1;Private Loans y/y;0.0%;0.3%;0.5%;;;
2015.06.26 04:00:00;EUR;2;EU Economic Summit (Day 2);;;;;;
2015.06.26 10:00:00;USD;2;Revised UoM Consumer Sentiment;94.6;94.6;96.1;;;
2015.06.26 10:00:00;USD;1;Revised UoM Inflation Expectations;2.7%;;2.7%;;;
2015.06.26 10:15:00;GBP;3;BOE Gov Carney Speaks;;;;;;
2015.06.27 00:00:00;EUR;3;Eurogroup Meetings (All Day);;;;;;
2015.06.27 19:00:00;GBP;2;MPC Member Weale Speaks;;;;;;
2015.06.28 08:15:00;CAD;2;BOC Gov Poloz Speaks;;;;;;
2015.06.28 19:50:00;JPY;2;Retail Sales y/y;4.9%;2.1%;3.0%;;5.0%;
2015.06.28 19:50:00;JPY;1;Prelim Industrial Production m/m;1.2%;-0.8%;-2.2%;;1.0%;
2015.06.29 00:00:00;EUR;0;Italian Bank Holiday (All Day);;;;;;
2015.06.29 00:00:00;EUR;2;German Prelim CPI m/m (All Day);0.1%;0.1%;-0.1%;;;
2015.06.29 03:00:00;EUR;2;Spanish Flash CPI y/y;-0.2%;-0.1%;0.1%;;;
2015.06.29 04:30:00;GBP;2;Net Lending to Individuals m/m;2.9B;3.3B;3.1B;;;
2015.06.29 04:30:00;GBP;1;M4 Money Supply m/m;0.4%;0.5%;0.5%;;;
2015.06.29 04:30:00;GBP;1;Mortgage Approvals;68K;69K;64K;;;
2015.06.29 08:30:00;CAD;2;RMPI m/m;4.0%;4.4%;4.4%;;3.8%;
2015.06.29 08:30:00;CAD;1;IPPI m/m;-0.8%;0.4%;0.5%;;-0.9%;
2015.06.29 10:00:00;USD;2;Pending Home Sales m/m;2.7%;1.3%;0.9%;;3.4%;
2015.06.29 18:45:00;NZD;2;Building Consents m/m;-0.9%;;0.0%;;-1.7%;
2015.06.29 18:50:00;GBP;1;GfK Consumer Confidence;1;2;7;;;
2015.06.29 21:00:00;AUD;1;HIA New Home Sales m/m;0.6%;;-2.3%;;;
2015.06.29 21:00:00;NZD;3;Final ANZ Business Confidence;15.7;;-2.3;;;
2015.06.29 21:30:00;AUD;1;Private Sector Credit m/m;0.3%;0.5%;0.5%;;;
2015.06.29 21:30:00;JPY;2;Average Cash Earnings y/y;0.7%;0.7%;0.6%;;0.9%;
2015.06.30 01:00:00;JPY;1;Housing Starts y/y;0.4%;6.2%;5.8%;;;
2015.06.30 02:00:00;EUR;2;German Retail Sales m/m;1.3%;0.0%;0.5%;;1.7%;
2015.06.30 02:45:00;EUR;1;French Consumer Spending m/m;0.1%;0.3%;0.1%;;;
2015.06.30 03:00:00;CHF;2;KOF Economic Barometer;92.7;93.7;89.7;;93.1;
2015.06.30 03:55:00;EUR;2;German Unemployment Change;-5K;-5K;-1K;;-6K;
2015.06.30 04:00:00;EUR;1;Italian Monthly Unemployment Rate;12.4%;12.5%;12.4%;;;
2015.06.30 04:30:00;GBP;3;Current Account;-28.9B;-23.7B;-26.5B;;-25.3B;
2015.06.30 04:30:00;GBP;2;Final GDP q/q;0.3%;0.4%;0.4%;;;
2015.06.30 04:30:00;GBP;1;Index of Services 3m/3m;0.4%;0.5%;0.5%;;;
2015.06.30 04:30:00;GBP;1;Revised Business Investment q/q;1.7%;1.8%;2.0%;;;
2015.06.30 04:40:00;AUD;3;RBA Gov Stevens Speaks;;;;;;
2015.06.30 05:00:00;EUR;2;CPI Flash Estimate y/y;0.3%;0.2%;0.2%;;;
2015.06.30 05:00:00;EUR;2;Core CPI Flash Estimate y/y;0.9%;0.8%;0.8%;;;
2015.06.30 05:00:00;EUR;2;Unemployment Rate;11.1%;11.1%;11.1%;;;
2015.06.30 05:00:00;EUR;1;Italian Prelim CPI m/m;0.1%;0.3%;0.1%;;0.2%;
2015.06.30 05:26:00;EUR;1;Italian 10-y Bond Auction;1.83|1.4;;2.35|1.4;;;
2015.06.30 05:26:00;EUR;3;Eurogroup Meetings (All Day);;;;;;
2015.06.30 07:00:00;GBP;2;MPC Member Haldane Speaks;;;;;;
2015.06.30 08:30:00;CAD;3;GDP m/m;-0.2%;0.1%;-0.1%;;;
2015.06.30 09:00:00;USD;1;SP/CS Composite-20 HPI y/y;5.0%;5.3%;4.9%;;;
2015.06.30 09:45:00;USD;2;Chicago PMI;46.2;50.2;49.4;;;
2015.06.30 10:00:00;USD;3;CB Consumer Confidence;94.6;97.1;101.4;;95.4;
2015.06.30 19:30:00;AUD;1;AIG Manufacturing Index;52.3;;44.2;;;
2015.06.30 19:50:00;JPY;2;Tankan Manufacturing Index;12;12;15;;;
2015.06.30 19:50:00;JPY;2;Tankan Non-Manufacturing Index;19;23;23;;;
2015.06.30 21:00:00;CNY;3;Manufacturing PMI;50.2;50.5;50.2;;;
2015.06.30 21:00:00;CNY;2;Non-Manufacturing PMI;53.2;;53.8;;;
2015.06.30 21:30:00;AUD;3;Building Approvals m/m;-5.2%;1.2%;2.4%;;-4.4%;
2015.06.30 21:35:00;JPY;1;Final Manufacturing PMI;49.9;49.9;50.1;;;
2015.06.30 21:45:00;CNY;3;Caixin Manufacturing PMI;49.6;49.6;49.4;;;
