2015.07.01 02:30:00;AUD;1;Commodity Prices y/y;-20.8%;;-17.9%;;-19.5%;
2015.07.01 03:15:00;EUR;2;Spanish Manufacturing PMI;55.8;55.6;54.5;;;
2015.07.01 03:30:00;CHF;1;Manufacturing PMI;49.4;50.0;50.0;;;
2015.07.01 03:45:00;EUR;1;Italian Manufacturing PMI;54.8;54.4;54.1;;;
2015.07.01 03:50:00;EUR;1;French Final Manufacturing PMI;50.5;50.5;50.7;;;
2015.07.01 03:55:00;EUR;2;German Final Manufacturing PMI;51.9;51.9;51.9;;;
2015.07.01 04:00:00;EUR;1;Final Manufacturing PMI;52.5;52.5;52.5;;;
2015.07.01 04:30:00;GBP;3;Final Manufacturing PMI;51.9;52.6;51.4;;52.0;
2015.07.01 05:30:00;GBP;3;BOE Gov Carney Speaks;;;;;;
2015.07.01 05:30:00;GBP;2;BOE Financial Stability Report;;;;;;
2015.07.01 05:30:00;GBP;2;FPC Statement;;;;;;
2015.07.01 05:30:00;EUR;3;Eurogroup Meetings (All Day);;;;;;
2015.07.01 07:30:00;USD;1;Challenger Job Cuts y/y;-22.5%;;42.7%;;;
2015.07.01 07:30:00;CAD;0;Bank Holiday (All Day);;;;;;
2015.07.01 08:15:00;USD;3;ADP Non-Farm Employment Change;203K;219K;237K;;201K;
2015.07.01 09:45:00;USD;1;Final Manufacturing PMI;53.4;53.4;53.6;;;
2015.07.01 10:00:00;USD;3;ISM Manufacturing PMI;52.8;53.2;53.5;;;
2015.07.01 10:00:00;USD;1;Construction Spending m/m;2.1%;0.4%;0.8%;;2.2%;
2015.07.01 10:00:00;USD;1;ISM Manufacturing Prices;49.5;51.1;49.5;;;
2015.07.01 10:07:00;NZD;3;GDT Price Index;-1.3%;;-5.9%;;;
2015.07.01 10:30:00;USD;2;Crude Oil Inventories;-4.9M;-1.9M;2.4M;;;
2015.07.01 10:30:00;USD;1;Total Vehicle Sales (All Day);17.8M;17.2M;17.2M;;;
2015.07.01 19:50:00;JPY;1;Monetary Base y/y;35.6%;36.2%;34.2%;;;
2015.07.01 21:00:00;NZD;1;ANZ Commodity Prices m/m;-4.9%;;-3.1%;;-4.7%;
2015.07.01 21:30:00;AUD;3;Trade Balance;-4.14B;-2.21B;-2.75B;;-3.89B;
2015.07.01 23:45:00;JPY;1;10-y Bond Auction;0.45|2.7;;0.51|2.6;;;
2015.07.02 02:00:00;GBP;1;Nationwide HPI m/m;0.2%;0.6%;-0.2%;;0.3%;
2015.07.02 03:00:00;EUR;2;Spanish Unemployment Change;-118.0K;-124.3K;-94.7K;;;
2015.07.02 04:30:00;GBP;3;Construction PMI;55.9;56.6;58.1;;;
2015.07.02 04:53:00;EUR;1;Spanish 10-y Bond Auction;2.35|1.9;;2.26|1.8;;;
2015.07.02 04:59:00;EUR;1;French 10-y Bond Auction;1.28|1.8;;1.30|2.1;;;
2015.07.02 05:00:00;EUR;1;PPI m/m;-0.1%;0.1%;0.0%;;;
2015.07.02 07:30:00;EUR;2;ECB Monetary Policy Meeting Accounts;;;;;;
2015.07.02 08:30:00;USD;3;Non-Farm Employment Change;254K;231K;223K;;280K;
2015.07.02 08:30:00;USD;3;Unemployment Rate;5.5%;5.4%;5.3%;;;
2015.07.02 08:30:00;USD;2;Average Hourly Earnings m/m;0.2%;0.2%;0.0%;;0.3%;
2015.07.02 08:30:00;USD;2;Unemployment Claims;271K;270K;281K;;;
2015.07.02 09:30:00;CAD;1;Manufacturing PMI;49.8;;51.3;;;
2015.07.02 10:00:00;USD;2;Factory Orders m/m;-0.7%;-0.5%;-1.0%;;-0.4%;
2015.07.02 10:30:00;USD;1;Natural Gas Storage;75B;74B;69B;;;
2015.07.02 11:10:00;EUR;3;ECB President Draghi Speaks;;;;;;
2015.07.02 19:30:00;AUD;1;AIG Services Index;49.6;;51.2;;;
2015.07.02 21:30:00;AUD;3;Retail Sales m/m;-0.1%;0.5%;0.3%;;0.0%;
2015.07.02 21:45:00;CNY;2;Caixin Services PMI;53.5;53.8;51.8;;;
2015.07.03 03:15:00;EUR;2;Spanish Services PMI;58.4;58.0;56.1;;;
2015.07.03 03:45:00;EUR;1;Italian Services PMI;52.5;52.9;53.4;;;
2015.07.03 03:50:00;EUR;1;French Final Services PMI;54.1;54.1;54.1;;;
2015.07.03 03:55:00;EUR;1;German Final Services PMI;54.2;54.2;53.8;;;
2015.07.03 04:00:00;EUR;1;Final Services PMI;54.4;54.4;54.4;;;
2015.07.03 04:30:00;GBP;3;Final Services PMI;56.5;57.4;58.5;;;
2015.07.03 05:00:00;EUR;2;Retail Sales m/m;0.7%;0.1%;0.2%;;;
2015.07.03 05:00:00;USD;0;Bank Holiday (All Day);;;;;;
2015.07.05 00:00:00;EUR;3;Greek Bailout Vote (All Day);;;No;;;
2015.07.05 20:30:00;AUD;1;MI Inflation Gauge m/m;0.3%;;0.1%;;;
2015.07.05 21:30:00;AUD;2;ANZ Job Advertisements m/m;0.1%;;1.3%;;0.0%;
2015.07.06 01:00:00;JPY;1;Leading Indicators;106.4%;106.2%;106.2%;;107.2%;
2015.07.06 02:00:00;EUR;2;German Factory Orders m/m;2.2%;0.0%;-0.2%;;1.4%;
2015.07.06 03:15:00;CHF;2;CPI m/m;0.2%;0.1%;0.1%;;;
2015.07.06 04:10:00;EUR;1;Retail PMI;51.4;;50.4;;;
2015.07.06 04:30:00;EUR;1;Sentix Investor Confidence;17.1;15.6;18.5;;;
2015.07.06 04:30:00;GBP;1;Housing Equity Withdrawal q/q;-12.6B;-12.1B;-13.0B;;-13.0B;
2015.07.06 09:45:00;USD;1;Final Services PMI;54.8;54.8;54.8;;;
2015.07.06 10:00:00;CAD;3;Ivey PMI;62.3;56.2;55.9;;;
2015.07.06 10:00:00;USD;3;ISM Services PMI;55.7;56.5;56.0;;;
2015.07.06 10:29:00;USD;1;Labor Market Conditions Index m/m;0.9;;0.8;;1.3;
2015.07.06 10:30:00;CAD;2;BOC Business Outlook Survey;;;;;;
2015.07.06 18:00:00;NZD;3;NZIER Business Confidence;23;;5;;;
2015.07.06 19:23:00;AUD;1;AIG Construction Index;47.8;;46.4;;;
2015.07.07 00:30:00;AUD;3;Cash Rate;2.00%;2.00%;2.00%;;;
2015.07.07 00:30:00;AUD;3;RBA Rate Statement;;;;;;
2015.07.07 01:45:00;CHF;1;Unemployment Rate;3.3%;3.3%;3.3%;;;
2015.07.07 02:00:00;EUR;1;German Industrial Production m/m;0.6%;0.1%;0.0%;;0.9%;
2015.07.07 02:45:00;EUR;1;French Gov Budget Balance;-59.8B;;-63.9B;;;
2015.07.07 02:45:00;EUR;1;French Trade Balance;-3.3B;-3.3B;-4.0B;;-3.0B;
2015.07.07 03:00:00;CHF;2;Foreign Currency Reserves;518B;;516B;;;
2015.07.07 04:30:00;GBP;3;Manufacturing Production m/m;-0.4%;0.1%;-0.6%;;;
2015.07.07 04:30:00;GBP;1;Industrial Production m/m;0.3%;-0.2%;0.4%;;0.4%;
2015.07.07 05:35:00;GBP;1;30-y Bond Auction;2.86|1.6;;2.73|1.9;;;
2015.07.07 05:35:00;EUR;3;Eurogroup Meetings (All Day);;;;;;
2015.07.07 05:35:00;EUR;3;Euro Summit (All Day);;;;;;
2015.07.07 08:30:00;CAD;3;Trade Balance;-3.0B;-2.6B;-3.3B;;;
2015.07.07 08:30:00;USD;3;Trade Balance;-40.7B;-42.5B;-41.9B;;-40.9B;
2015.07.07 10:00:00;GBP;2;NIESR GDP Estimate;0.6%;;0.7%;;;
2015.07.07 10:00:00;USD;2;JOLTS Job Openings;5.33M;5.33M;5.36M;;5.38M;
2015.07.07 10:00:00;USD;1;IBD/TIPP Economic Optimism;48.1;48.9;48.1;;;
2015.07.07 19:01:00;GBP;1;BRC Shop Price Index y/y;-1.9%;;-1.3%;;;
2015.07.07 19:50:00;JPY;2;Current Account;1.27T;1.39T;1.64T;;;
2015.07.07 19:50:00;JPY;1;Bank Lending y/y;2.6%;;2.5%;;;
2015.07.08 01:00:00;JPY;1;Economy Watchers Sentiment;53.3;53.2;51.0;;;
2015.07.08 03:00:00;GBP;2;Halifax HPI m/m;0.3%;0.2%;1.7%;;-0.1%;
2015.07.08 04:30:00;GBP;1;FPC Meeting Minutes;;;;;;
2015.07.08 07:30:00;GBP;3;Annual Budget Release;;;;;;
2015.07.08 08:30:00;CAD;3;Building Permits m/m;12.1%;-5.2%;-14.5%;;11.6%;
2015.07.08 10:30:00;USD;2;Crude Oil Inventories;2.4M;-0.6M;0.4M;;;
2015.07.08 13:01:00;USD;1;10-y Bond Auction;2.46|2.7;;2.23|2.7;;;
2015.07.08 14:00:00;USD;3;FOMC Meeting Minutes;;;;;;
2015.07.08 14:00:00;USD;2;FOMC Member Williams Speaks;;;;;;
2015.07.08 15:00:00;USD;1;Consumer Credit m/m;21.4B;18.5B;16.1B;;20.5B;
2015.07.08 19:01:00;GBP;1;RICS House Price Balance;34%;37%;40%;;;
2015.07.08 19:50:00;JPY;2;Core Machinery Orders m/m;3.8%;-4.8%;0.6%;;;
2015.07.08 19:50:00;JPY;1;M2 Money Stock y/y;4.1%;4.0%;3.8%;;4.0%;
2015.07.08 21:30:00;AUD;3;Employment Change;40.0K;-2.1K;7.3K;;42.0K;
2015.07.08 21:30:00;AUD;3;Unemployment Rate;5.9%;6.1%;6.0%;;6.0%;
2015.07.08 21:30:00;CNY;3;CPI y/y;1.2%;1.3%;1.4%;;;
2015.07.08 21:30:00;CNY;2;PPI y/y;-4.6%;-4.6%;-4.8%;;;
2015.07.08 23:45:00;JPY;1;30-y Bond Auction;1.53|3.1;;1.43|2.2;;;
2015.07.09 01:59:00;JPY;1;Prelim Machine Tool Orders y/y;15.0%;;6.6%;;;
2015.07.09 02:00:00;EUR;1;German Trade Balance;21.5B;20.6B;22.8B;;22.3B;
2015.07.09 07:00:00;GBP;3;Official Bank Rate;0.50%;0.50%;0.50%;;;
2015.07.09 07:00:00;GBP;2;Asset Purchase Facility;375B;375B;375B;;;
2015.07.09 08:13:00;CAD;1;Housing Starts;197K;191K;203K;;202K;
2015.07.09 08:30:00;CAD;2;NHPI m/m;0.1%;0.1%;0.2%;;;
2015.07.09 08:30:00;USD;3;Unemployment Claims;282K;274K;297K;;281K;
2015.07.09 10:15:00;USD;2;FOMC Member Brainard Speaks;;;;;;
2015.07.09 10:30:00;USD;1;Natural Gas Storage;69B;86B;91B;;;
2015.07.09 13:01:00;USD;1;30-y Bond Auction;3.14|2.5;;3.08|2.2;;;
2015.07.09 19:50:00;JPY;1;PPI y/y;-2.2%;-2.2%;-2.4%;;-2.1%;
2015.07.09 21:30:00;AUD;2;Home Loans m/m;0.7%;-3.3%;-6.1%;;1.0%;
2015.07.10 01:00:00;JPY;1;Consumer Confidence;41.4;41.9;41.7;;;
2015.07.10 02:00:00;EUR;1;German WPI m/m;0.5%;0.1%;-0.2%;;;
2015.07.10 02:45:00;EUR;1;French Industrial Production m/m;-0.8%;0.5%;0.4%;;-0.9%;
2015.07.10 04:00:00;EUR;1;Italian Industrial Production m/m;-0.3%;0.3%;0.9%;;;
2015.07.10 04:30:00;GBP;2;Goods Trade Balance;-9.4B;-9.7B;-8.0B;;-8.6B;
2015.07.10 04:30:00;GBP;1;Construction Output m/m;-0.5%;0.7%;-1.3%;;-0.8%;
2015.07.10 08:30:00;CAD;3;Employment Change;58.9K;-9.0K;-6.4K;;;
2015.07.10 08:30:00;CAD;3;Unemployment Rate;6.8%;6.9%;6.8%;;;
2015.07.10 10:00:00;USD;1;Final Wholesale Inventories m/m;0.4%;0.3%;0.8%;;;
2015.07.10 12:30:00;USD;3;Fed Chair Yellen Speaks;;;;;;
2015.07.11 00:00:00;EUR;3;Eurogroup Meetings (Day 1);;;;;;
2015.07.12 00:00:00;EUR;3;Eurogroup Meetings (Day 2);;;;;;
2015.07.12 00:00:00;EUR;3;Euro Summit (All Day);;;;;;
2015.07.12 18:45:00;NZD;1;FPI m/m;0.4%;;0.5%;;;
2015.07.12 22:00:00;CNY;3;Trade Balance;367B;355B;284B;;;
2015.07.12 22:46:00;CNY;1;USD-Denominated Trade Balance;59.5B;57.0B;46.5B;;;
2015.07.13 00:30:00;JPY;1;Revised Industrial Production m/m;-2.2%;-2.1%;-2.1%;;;
2015.07.13 00:32:00;JPY;1;Tertiary Industry Activity m/m;-0.1%;-0.2%;-0.7%;;-0.2%;
2015.07.13 04:30:00;GBP;2;BOE Credit Conditions Survey;;;;;;
2015.07.13 04:30:00;EUR;3;Eurogroup Meetings (All Day);;;;;;
2015.07.13 14:00:00;USD;1;Federal Budget Balance;-82.4B;41.2B;51.8B;;;
2015.07.13 19:01:00;GBP;1;BRC Retail Sales Monitor y/y;0.0%;;1.8%;;;
2015.07.13 21:30:00;AUD;3;NAB Business Confidence;8;;10;;7;
2015.07.13 22:05:00;CNY;1;M2 Money Supply y/y;10.8%;11.0%;11.8%;;;
2015.07.14 00:00:00;EUR;0;French Bank Holiday (All Day);;;;;;
2015.07.14 02:00:00;EUR;1;German Final CPI m/m;-0.1%;-0.1%;-0.1%;;;
2015.07.14 03:15:00;CHF;2;PPI m/m;-0.8%;0.2%;-0.1%;;;
2015.07.14 04:30:00;GBP;3;CPI y/y;0.1%;0.0%;0.0%;;;
2015.07.14 04:30:00;GBP;2;PPI Input m/m;-1.1%;-0.7%;-1.3%;;-0.9%;
2015.07.14 04:30:00;GBP;2;RPI y/y;1.0%;1.0%;1.0%;;;
2015.07.14 04:30:00;GBP;1;Core CPI y/y;0.9%;0.9%;0.8%;;;
2015.07.14 04:30:00;GBP;1;ONS HPI y/y;5.5%;5.9%;5.7%;;;
2015.07.14 04:30:00;GBP;1;PPI Output m/m;0.1%;0.1%;0.0%;;;
2015.07.14 05:00:00;EUR;3;German ZEW Economic Sentiment;31.5;30.6;29.7;;;
2015.07.14 05:00:00;EUR;2;ZEW Economic Sentiment;53.7;51.1;42.7;;;
2015.07.14 05:00:00;EUR;1;Industrial Production m/m;0.0%;0.2%;-0.4%;;0.1%;
2015.07.14 05:15:00;GBP;3;Monetary Policy Report Hearings;;;;;;
2015.07.14 06:00:00;USD;1;NFIB Small Business Index;98.3;98.6;94.1;;;
2015.07.14 06:00:00;EUR;2;ECOFIN Meetings (All Day);;;;;;
2015.07.14 07:45:00;GBP;3;BOE Gov Carney Speaks;;;;;;
2015.07.14 08:30:00;USD;3;Core Retail Sales m/m;0.8%;0.7%;-0.1%;;1.0%;
2015.07.14 08:30:00;USD;3;Retail Sales m/m;1.0%;0.2%;-0.3%;;1.2%;
2015.07.14 08:30:00;USD;2;Import Prices m/m;1.2%;0.1%;-0.1%;;1.3%;
2015.07.14 10:00:00;USD;2;Business Inventories m/m;0.4%;0.3%;0.3%;;;
2015.07.14 13:00:00;GBP;2;MPC Member Miles Speaks;;;;;;
2015.07.14 20:30:00;AUD;2;Westpac Consumer Sentiment;-6.9%;;-3.2%;;;
2015.07.14 21:30:00;AUD;1;New Motor Vehicle Sales m/m;-0.8%;;3.8%;;-1.3%;
2015.07.14 22:00:00;CNY;3;GDP q/y;7.0%;6.9%;7.0%;;;
2015.07.14 22:00:00;CNY;3;Industrial Production y/y;6.1%;6.0%;6.8%;;;
2015.07.14 22:00:00;CNY;2;Fixed Asset Investment ytd/y;11.4%;11.2%;11.4%;;;
2015.07.14 22:00:00;CNY;2;NBS Press Conference;;;;;;
2015.07.14 22:00:00;CNY;1;Retail Sales y/y;10.1%;10.2%;10.6%;;;
2015.07.14 23:18:00;JPY;3;Monetary Policy Statement;;;;;;
2015.07.15 02:32:00;JPY;3;BOJ Press Conference;;;;;;
2015.07.15 02:45:00;EUR;1;French Final CPI m/m;0.2%;0.1%;-0.1%;;;
2015.07.15 04:30:00;GBP;3;Average Earnings Index 3m/y;2.7%;3.3%;3.2%;;;
2015.07.15 04:30:00;GBP;3;Claimant Count Change;-1.1K;-8.9K;7.0K;;-6.5K;
2015.07.15 04:30:00;GBP;2;Unemployment Rate;5.5%;5.5%;5.6%;;;
2015.07.15 05:00:00;CHF;1;Credit Suisse Economic Expectations;0.1;;-5.4;;;
2015.07.15 05:34:00;EUR;1;German 10-y Bond Auction;0.81|1.7;;0.88|1.1;;;
2015.07.15 05:34:00;EUR;3;Eurogroup Meetings (All Day);;;;;;
2015.07.15 08:30:00;CAD;3;Manufacturing Sales m/m;-2.2%;0.3%;0.1%;;-2.1%;
2015.07.15 08:30:00;USD;3;PPI m/m;0.5%;0.2%;0.4%;;;
2015.07.15 08:30:00;USD;2;Core PPI m/m;0.1%;0.1%;0.3%;;;
2015.07.15 08:30:00;USD;2;Empire State Manufacturing Index;-2.0;3.4;3.9;;;
2015.07.15 09:15:00;USD;2;Capacity Utilization Rate;78.2%;78.1%;78.4%;;78.1%;
2015.07.15 09:15:00;USD;2;Industrial Production m/m;-0.2%;0.2%;0.3%;;;
2015.07.15 09:48:00;NZD;3;GDT Price Index;-5.9%;;-10.7%;;;
2015.07.15 10:00:00;CAD;3;BOC Monetary Policy Report;;;;;;
2015.07.15 10:00:00;CAD;3;BOC Rate Statement;;;;;;
2015.07.15 10:00:00;CAD;3;Overnight Rate;0.75%;0.75%;0.50%;;;
2015.07.15 10:00:00;USD;3;Fed Chair Yellen Testifies;;;;;;
2015.07.15 10:00:00;USD;1;Fed Monetary Policy Report;;;;;;
2015.07.15 10:30:00;USD;2;Crude Oil Inventories;0.4M;-2.0M;-4.3M;;;
2015.07.15 11:15:00;CAD;3;BOC Press Conference;;;;;;
2015.07.15 14:00:00;USD;1;Beige Book;;;;;;
2015.07.15 15:00:00;USD;2;FOMC Member Williams Speaks;;;;;;
2015.07.15 18:30:00;NZD;2;BusinessNZ Manufacturing Index;52.0;;55.2;;51.5;
2015.07.15 18:45:00;NZD;3;CPI q/q;-0.2%;0.5%;0.4%;;-0.3%;
2015.07.15 18:53:00;EUR;3;Greek Gov Debt Crisis Vote;;Pass;Pass;;;
2015.07.15 21:00:00;AUD;2;MI Inflation Expectations;3.0%;;3.4%;;;
2015.07.16 01:00:00;JPY;1;BOJ Monthly Report;;;;;;
2015.07.16 03:15:00;CHF;2;Retail Sales y/y;1.6%;1.9%;-1.8%;;;
2015.07.16 04:03:00;EUR;1;Italian Trade Balance;3.73B;2.83B;4.18B;;3.74B;
2015.07.16 04:51:00;EUR;1;Spanish 10-y Bond Auction;2.26|1.8;;2.10|1.5;;;
2015.07.16 05:00:00;EUR;2;Final CPI y/y;0.2%;0.2%;0.2%;;;
2015.07.16 05:00:00;EUR;1;Final Core CPI y/y;0.8%;0.8%;0.8%;;;
2015.07.16 05:00:00;EUR;1;Trade Balance;23.9B;22.3B;21.2B;;24.3B;
2015.07.16 05:00:00;EUR;3;Eurogroup Meetings (All Day);;;;;;
2015.07.16 07:45:00;EUR;3;Main Refinancing Rate;0.05%;0.05%;0.05%;;;
2015.07.16 08:30:00;CAD;2;Foreign Securities Purchases;16.73B;8.21B;-5.45B;;12.94B;
2015.07.16 08:30:00;EUR;3;ECB Press Conference;;;;;;
2015.07.16 08:30:00;USD;3;Unemployment Claims;296K;284K;281K;;297K;
2015.07.16 09:30:00;GBP;1;CB Leading Index m/m;0.3%;;-0.4%;;0.4%;
2015.07.16 10:00:00;USD;3;Philly Fed Manufacturing Index;15.2;11.9;5.7;;;
2015.07.16 10:00:00;USD;1;NAHB Housing Market Index;60;59;60;;59;
2015.07.16 10:30:00;USD;1;Natural Gas Storage;91B;89B;99B;;;
2015.07.16 14:00:00;GBP;2;BOE Gov Carney Speaks;;;;;;
2015.07.16 14:30:00;USD;3;Fed Chair Yellen Testifies;;;;;;
2015.07.16 16:00:00;USD;1;TIC Long-Term Purchases;54.4B;30.3B;93.0B;;53.9B;
2015.07.16 20:00:00;AUD;1;CB Leading Index m/m;-0.3%;;0.2%;;;
2015.07.17 08:30:00;CAD;3;Core CPI m/m;0.4%;-0.1%;0.0%;;;
2015.07.17 08:30:00;CAD;2;CPI m/m;0.6%;0.2%;0.2%;;;
2015.07.17 08:30:00;USD;3;Building Permits;1.25M;1.11M;1.34M;;1.28M;
2015.07.17 08:30:00;USD;3;CPI m/m;0.4%;0.3%;0.3%;;;
2015.07.17 08:30:00;USD;3;Core CPI m/m;0.1%;0.2%;0.2%;;;
2015.07.17 08:30:00;USD;2;Housing Starts;1.07M;1.10M;1.17M;;1.04M;
2015.07.17 10:00:00;USD;3;Prelim UoM Consumer Sentiment;96.1;96.0;93.3;;94.6;
2015.07.17 10:00:00;USD;2;FOMC Member Fischer Speaks;;;;;;
2015.07.17 10:00:00;USD;1;Prelim UoM Inflation Expectations;2.7%;;2.8%;;;
2015.07.19 19:01:00;GBP;1;Rightmove HPI m/m;3.0%;;0.1%;;;
2015.07.19 19:01:00;JPY;0;Bank Holiday (All Day);;;;;;
2015.07.19 20:19:00;CNY;2;New Loans;901B;1050B;1279B;;;
2015.07.20 02:00:00;EUR;1;German PPI m/m;0.0%;0.0%;-0.1%;;;
2015.07.20 04:00:00;EUR;1;Current Account;24.0B;23.1B;18.0B;;22.3B;
2015.07.20 06:00:00;EUR;1;German Buba Monthly Report;;;;;;
2015.07.20 08:30:00;CAD;3;Wholesale Sales m/m;1.7%;0.1%;-1.0%;;1.9%;
2015.07.20 14:30:00;USD;2;Treasury Sec Lew Speaks;;;;;;
2015.07.20 18:45:00;NZD;1;Visitor Arrivals m/m;0.1%;;-0.2%;;;
2015.07.20 19:50:00;JPY;2;Monetary Policy Meeting Minutes;;;;;;
2015.07.20 21:30:00;AUD;3;Monetary Policy Meeting Minutes;;;;;;
2015.07.20 22:00:00;CNY;1;Foreign Direct Investment ytd/y;10.5%;;8.3%;;;
2015.07.20 23:00:00;NZD;1;Credit Card Spending y/y;7.2%;;6.5%;;7.1%;
2015.07.21 02:00:00;CHF;2;Trade Balance;3.41B;2.54B;3.58B;;3.43B;
2015.07.21 04:30:00;GBP;2;Public Sector Net Borrowing;8.4B;8.6B;8.6B;;9.4B;
2015.07.21 20:30:00;AUD;1;MI Leading Index m/m;-0.1%;;0.0%;;;
2015.07.21 21:30:00;AUD;3;CPI q/q;0.2%;0.8%;0.7%;;;
2015.07.21 21:30:00;AUD;2;Trimmed Mean CPI q/q;0.7%;0.6%;0.6%;;0.6%;
2015.07.21 22:00:00;CNY;1;CB Leading Index m/m;1.1%;;1.0%;;;
2015.07.21 23:05:00;AUD;3;RBA Gov Stevens Speaks;;;;;;
2015.07.22 00:30:00;JPY;1;All Industries Activity m/m;0.1%;-0.5%;-0.5%;;;
2015.07.22 04:30:00;GBP;3;MPC Official Bank Rate Votes;0-0-9;0-0-9;0-0-9;;;
2015.07.22 04:30:00;GBP;2;MPC Asset Purchase Facility Votes;0-0-9;0-0-9;0-0-9;;;
2015.07.22 05:00:00;EUR;1;Italian Retail Sales m/m;0.7%;0.1%;-0.1%;;;
2015.07.22 09:00:00;USD;1;HPI m/m;0.4%;0.5%;0.4%;;0.3%;
2015.07.22 10:00:00;USD;2;Existing Home Sales;5.32M;5.40M;5.49M;;5.35M;
2015.07.22 10:30:00;USD;2;Crude Oil Inventories;-4.3M;-1.7M;2.5M;;;
2015.07.22 17:00:00;NZD;3;Official Cash Rate;3.25%;3.00%;3.00%;;;
2015.07.22 17:00:00;NZD;3;RBNZ Rate Statement;;;;;;
2015.07.22 19:50:00;JPY;2;Trade Balance;-0.16T;-0.25T;-0.25T;;-0.18T;
2015.07.22 21:11:00;EUR;3;Greek Gov Debt Crisis Vote;;Pass;Pass;;;
2015.07.22 21:30:00;AUD;2;NAB Quarterly Business Confidence;0;;4;;;
2015.07.23 03:00:00;EUR;2;Spanish Unemployment Rate;23.8%;22.8%;22.4%;;;
2015.07.23 04:30:00;GBP;3;Retail Sales m/m;0.3%;0.4%;-0.2%;;0.2%;
2015.07.23 08:30:00;CAD;3;Core Retail Sales m/m;-0.5%;0.7%;0.9%;;-0.6%;
2015.07.23 08:30:00;CAD;2;Retail Sales m/m;-0.1%;0.4%;1.0%;;;
2015.07.23 08:30:00;USD;3;Unemployment Claims;281K;279K;255K;;;
2015.07.23 10:00:00;EUR;1;Consumer Confidence;-6;-6;-7;;;
2015.07.23 10:00:00;USD;1;CB Leading Index m/m;0.8%;0.1%;0.6%;;0.7%;
2015.07.23 10:15:00;EUR;2;German Buba President Weidmann Speaks;;;;;;
2015.07.23 10:30:00;USD;1;Natural Gas Storage;99B;71B;61B;;;
2015.07.23 18:45:00;NZD;3;Trade Balance;371M;100M;-60M;;350M;
2015.07.23 21:35:00;JPY;1;Flash Manufacturing PMI;50.1;50.5;51.4;;49.9;
2015.07.23 21:45:00;CNY;3;Caixin Flash Manufacturing PMI;49.4;49.8;48.2;;49.6;
2015.07.24 03:00:00;EUR;3;French Flash Manufacturing PMI;50.7;51.1;49.6;;50.5;
2015.07.24 03:00:00;EUR;2;French Flash Services PMI;54.1;53.9;52.0;;;
2015.07.24 03:30:00;EUR;3;German Flash Manufacturing PMI;51.9;52.1;51.5;;;
2015.07.24 03:30:00;EUR;2;German Flash Services PMI;53.8;54.1;53.7;;54.2;
2015.07.24 04:00:00;EUR;2;Flash Manufacturing PMI;52.5;52.5;52.2;;;
2015.07.24 04:00:00;EUR;2;Flash Services PMI;54.4;54.2;53.8;;;
2015.07.24 04:30:00;GBP;1;High Street Lending;42.9K;43.5K;44.5K;;42.5K;
2015.07.24 09:08:00;EUR;1;Belgian NBB Business Climate;-3.9;-4.0;-4.1;;;
2015.07.24 09:45:00;USD;2;Flash Manufacturing PMI;53.6;53.7;53.8;;53.4;
2015.07.24 10:00:00;USD;2;New Home Sales;517K;543K;482K;;546K;
2015.07.26 19:50:00;JPY;1;SPPI y/y;0.6%;0.6%;0.4%;;;
2015.07.27 02:00:00;EUR;1;German Import Prices m/m;-0.2%;0.2%;-0.5%;;;
2015.07.27 04:00:00;EUR;3;German ifo Business Climate;107.5;107.6;108.0;;107.4;
2015.07.27 04:00:00;EUR;2;M3 Money Supply y/y;5.0%;5.1%;5.0%;;;
2015.07.27 04:00:00;EUR;1;Private Loans y/y;0.5%;0.7%;0.6%;;;
2015.07.27 06:00:00;GBP;1;CBI Industrial Order Expectations;-7;-4;-10;;;
2015.07.27 08:30:00;USD;3;Core Durable Goods Orders m/m;0.0%;0.4%;0.8%;;0.5%;
2015.07.27 08:30:00;USD;2;Durable Goods Orders m/m;-2.2%;3.2%;3.4%;;-1.8%;
2015.07.28 04:30:00;GBP;3;Prelim GDP q/q;0.4%;0.7%;0.7%;;0.3%;
2015.07.28 04:30:00;GBP;1;Index of Services 3m/3m;0.5%;0.5%;0.4%;;;
2015.07.28 08:30:00;CAD;2;RMPI m/m;4.5%;1.1%;0.0%;;4.4%;
2015.07.28 08:30:00;CAD;1;IPPI m/m;0.5%;0.3%;0.5%;;;
2015.07.28 09:00:00;USD;1;SP/CS Composite-20 HPI y/y;5.0%;5.2%;4.9%;;4.9%;
2015.07.28 09:45:00;USD;1;Flash Services PMI;54.8;55.1;55.2;;;
2015.07.28 09:59:00;USD;1;Richmond Manufacturing Index;6;6;13;;;
2015.07.28 10:00:00;USD;3;CB Consumer Confidence;99.8;100.1;90.9;;101.4;
2015.07.28 14:00:00;GBP;2;MPC Member Cunliffe Speaks;;;;;;
2015.07.28 17:00:00;NZD;3;RBNZ Gov Wheeler Speaks;;;;;;
2015.07.28 19:50:00;JPY;2;Retail Sales y/y;3.0%;0.8%;0.9%;;;
2015.07.29 02:00:00;CHF;1;UBS Consumption Indicator;1.62;;1.68;;1.73;
2015.07.29 02:00:00;EUR;2;German GfK Consumer Climate;10.1;10.1;10.1;;;
2015.07.29 04:30:00;GBP;2;Net Lending to Individuals m/m;3.5B;3.0B;3.8B;;3.1B;
2015.07.29 04:30:00;GBP;1;M4 Money Supply m/m;0.5%;0.4%;-0.5%;;;
2015.07.29 04:30:00;GBP;1;Mortgage Approvals;65K;66K;67K;;64K;
2015.07.29 06:00:00;GBP;1;CBI Realized Sales;29;30;21;;;
2015.07.29 10:00:00;USD;2;Pending Home Sales m/m;0.6%;1.0%;-1.8%;;0.9%;
2015.07.29 10:30:00;USD;2;Crude Oil Inventories;2.5M;-0.1M;-4.2M;;;
2015.07.29 14:00:00;USD;3;FOMC Statement;;;;;;
2015.07.29 14:00:00;USD;3;Federal Funds Rate;<0.25%;<0.25%;<0.25%;;;
2015.07.29 18:45:00;NZD;1;Building Consents m/m;0.0%;;-4.1%;;;
2015.07.29 19:50:00;JPY;1;Prelim Industrial Production m/m;-2.1%;0.4%;0.8%;;-2.2%;
2015.07.29 21:00:00;AUD;3;RBA Gov Stevens Speaks;;;;;;
2015.07.29 21:30:00;AUD;3;Building Approvals m/m;2.3%;-0.8%;-8.2%;;2.4%;
2015.07.29 21:30:00;AUD;2;Import Prices q/q;-0.2%;1.4%;1.4%;;;
2015.07.30 00:00:00;EUR;2;German Prelim CPI m/m (All Day);-0.1%;0.2%;0.2%;;;
2015.07.30 03:00:00;CHF;2;KOF Economic Barometer;89.8;90.3;99.8;;89.7;
2015.07.30 03:00:00;EUR;2;Spanish Flash CPI y/y;0.1%;0.1%;0.0%;;;
2015.07.30 03:00:00;EUR;2;Spanish Flash GDP q/q;0.9%;1.1%;1.0%;;;
2015.07.30 03:55:00;EUR;2;German Unemployment Change;1K;-5K;9K;;-1K;
2015.07.30 04:00:00;EUR;1;ECB Economic Bulletin;;;;;;
2015.07.30 05:22:00;EUR;1;Italian 10-y Bond Auction;2.35|1.4;;1.83|1.4;;;
2015.07.30 08:30:00;USD;3;Advance GDP q/q;-0.2%;2.6%;2.3%;;0.2%;
2015.07.30 08:30:00;USD;3;Unemployment Claims;255K;268K;267K;;;
2015.07.30 08:30:00;USD;2;Advance GDP Price Index q/q;0.0%;1.5%;2.0%;;-0.1%;
2015.07.30 08:37:00;USD;3;Goods Trade Balance;;;-62.3B;;;
2015.07.30 10:30:00;USD;1;Natural Gas Storage;61B;53B;52B;;;
2015.07.30 18:28:00;GBP;1;GfK Consumer Confidence;7;5;4;;;
2015.07.30 19:30:00;JPY;2;Household Spending y/y;4.8%;2.0%;-2.0%;;;
2015.07.30 19:30:00;JPY;2;Tokyo Core CPI y/y;0.1%;0.0%;-0.1%;;;
2015.07.30 19:30:00;JPY;1;National Core CPI y/y;0.1%;0.0%;0.1%;;;
2015.07.30 19:30:00;JPY;1;Unemployment Rate;3.3%;3.3%;3.4%;;;
2015.07.30 21:00:00;NZD;3;Final ANZ Business Confidence;-2.3;;-15.3;;;
2015.07.30 21:30:00;AUD;3;PPI q/q;0.5%;0.2%;0.3%;;;
2015.07.30 21:30:00;AUD;1;Private Sector Credit m/m;0.5%;0.5%;0.4%;;;
2015.07.31 01:00:00;JPY;1;Housing Starts y/y;5.8%;3.2%;16.3%;;;
2015.07.31 02:00:00;EUR;2;German Retail Sales m/m;0.4%;0.3%;-2.3%;;0.5%;
2015.07.31 02:45:00;EUR;1;French Consumer Spending m/m;0.1%;0.7%;0.4%;;;
2015.07.31 04:00:00;EUR;1;Italian Monthly Unemployment Rate;12.5%;12.3%;12.7%;;12.4%;
2015.07.31 05:00:00;EUR;2;CPI Flash Estimate y/y;0.2%;0.2%;0.2%;;;
2015.07.31 05:00:00;EUR;2;Core CPI Flash Estimate y/y;0.8%;0.8%;1.0%;;;
2015.07.31 05:00:00;EUR;2;Unemployment Rate;11.1%;11.0%;11.1%;;;
2015.07.31 05:00:00;EUR;1;Italian Prelim CPI m/m;0.2%;0.0%;-0.1%;;0.1%;
2015.07.31 08:30:00;CAD;3;GDP m/m;-0.1%;0.0%;-0.2%;;;
2015.07.31 08:30:00;USD;2;Employment Cost Index q/q;0.7%;0.6%;0.2%;;;
2015.07.31 09:45:00;USD;2;Chicago PMI;49.4;50.7;54.7;;;
2015.07.31 10:00:00;USD;2;Revised UoM Consumer Sentiment;93.3;94.2;93.1;;;
2015.07.31 10:00:00;USD;1;Revised UoM Inflation Expectations;2.8%;;2.8%;;;
2015.07.31 21:00:00;CNY;3;Manufacturing PMI;50.2;50.2;50.0;;;
2015.07.31 21:00:00;CNY;2;Non-Manufacturing PMI;53.8;;53.9;;;
