2016.10.01 12:00:00;AUD;0;Daylight Saving Time Shift;;;;;;
2016.10.02 00:00:00;AUD;0;Bank Holiday (All Day);;;;;;
2016.10.02 18:30:00;AUD;1;AIG Manufacturing Index;46.9;;49.8;;;
2016.10.02 19:50:00;JPY;2;Tankan Manufacturing Index;6;7;6;;;
2016.10.02 19:50:00;JPY;2;Tankan Non-Manufacturing Index;19;18;18;;;
2016.10.02 19:50:00;CNY;0;Bank Holiday (All Day);;;;;;
2016.10.02 20:30:00;JPY;1;Final Manufacturing PMI;50.3;50.3;50.4;;;
2016.10.02 20:37:00;AUD;1;MI Inflation Gauge m/m;0.2%;;0.4%;;;
2016.10.03 00:00:00;EUR;0;German Bank Holiday (All Day);;;;;;
2016.10.03 03:15:00;CHF;1;Retail Sales y/y;-2.7%;-1.6%;-3.0%;;-2.2%;
2016.10.03 03:15:00;EUR;2;Spanish Manufacturing PMI;51.0;51.6;52.3;;;
2016.10.03 03:30:00;CHF;1;Manufacturing PMI;51.0;51.9;53.2;;;
2016.10.03 03:45:00;EUR;1;Italian Manufacturing PMI;49.8;50.2;51.0;;;
2016.10.03 03:50:00;EUR;1;French Final Manufacturing PMI;49.5;49.5;49.7;;;
2016.10.03 03:55:00;EUR;1;German Final Manufacturing PMI;54.3;54.3;54.3;;;
2016.10.03 04:00:00;EUR;1;Final Manufacturing PMI;52.6;52.6;52.6;;;
2016.10.03 04:30:00;GBP;3;Final Manufacturing PMI;53.4;52.1;55.4;;53.3;
2016.10.03 04:30:00;GBP;1;FPC Meeting Minutes;;;;;;
2016.10.03 09:30:00;CAD;1;Manufacturing PMI;51.1;;50.3;;;
2016.10.03 09:45:00;USD;1;Final Manufacturing PMI;51.4;51.4;51.5;;;
2016.10.03 10:00:00;USD;3;ISM Manufacturing PMI;49.4;50.4;51.5;;;
2016.10.03 10:00:00;USD;1;Construction Spending m/m;-0.3%;0.3%;-0.7%;;0.0%;
2016.10.03 10:00:00;USD;1;ISM Manufacturing Prices;53.0;53.5;53.0;;;
2016.10.03 10:00:00;USD;1;Wards Total Vehicle Sales (All Day);17.1M;17.5M;17.7M;;16.9M;
2016.10.03 10:00:00;USD;1;Total Vehicle Sales (All Day);17.0M;17.4M;17.8M;;;
2016.10.03 17:00:00;NZD;2;NZIER Business Confidence;19;;26;;;
2016.10.03 19:50:00;JPY;1;Monetary Base y/y;24.2%;23.4%;22.7%;;;
2016.10.03 19:50:00;CNY;0;Bank Holiday (All Day);;;;;;
2016.10.03 20:30:00;AUD;3;Building Approvals m/m;12.0%;-5.8%;-1.8%;;11.3%;
2016.10.03 20:30:00;AUD;1;ANZ Job Advertisements m/m;1.7%;;-0.3%;;1.8%;
2016.10.03 21:30:00;NZD;3;RBNZ Gov Wheeler Speaks;;;;;;
2016.10.03 23:30:00;AUD;3;Cash Rate;1.50%;1.50%;1.50%;;;
2016.10.03 23:30:00;AUD;3;RBA Rate Statement;;;;;;
2016.10.03 23:45:00;JPY;1;10-y Bond Auction;-0.05|3.7;;-0.06|3.8;;;
2016.10.04 01:00:00;JPY;1;Consumer Confidence;42.0;41.8;43.0;;;
2016.10.04 01:30:00;AUD;1;Commodity Prices y/y;0.3%;;3.1%;;0.8%;
2016.10.04 03:00:00;EUR;2;Spanish Unemployment Change;14.4K;23.5K;22.8K;;;
2016.10.04 04:30:00;GBP;3;Construction PMI;49.2;49.1;52.3;;;
2016.10.04 05:00:00;EUR;1;PPI m/m;0.3%;0.0%;-0.2%;;0.1%;
2016.10.04 10:06:00;NZD;3;GDT Price Index;1.7%;;-3.0%;;;
2016.10.04 18:30:00;AUD;1;AIG Services Index;45.0;;48.9;;;
2016.10.04 19:01:00;GBP;1;BRC Shop Price Index y/y;-2.0%;;-1.8%;;;
2016.10.04 19:01:00;CNY;0;Bank Holiday (All Day);;;;;;
2016.10.04 20:00:00;NZD;1;ANZ Commodity Prices m/m;3.2%;;5.1%;;;
2016.10.04 20:30:00;AUD;3;Retail Sales m/m;0.0%;0.2%;0.4%;;;
2016.10.05 01:30:00;AUD;2;RBA Assist Gov Kent Speaks;;;;;;
2016.10.05 03:15:00;EUR;1;Spanish Services PMI;56.0;54.8;54.7;;;
2016.10.05 03:45:00;EUR;1;Italian Services PMI;52.3;52.1;50.7;;;
2016.10.05 03:50:00;EUR;1;French Final Services PMI;54.1;54.1;53.3;;;
2016.10.05 03:55:00;EUR;1;German Final Services PMI;50.6;50.6;50.9;;;
2016.10.05 04:00:00;EUR;1;Final Services PMI;52.1;52.1;52.2;;;
2016.10.05 04:30:00;GBP;3;Final Services PMI;52.9;52.1;52.6;;;
2016.10.05 05:00:00;EUR;1;Retail Sales m/m;0.3%;-0.1%;-0.1%;;1.1%;
2016.10.05 05:34:00;EUR;1;German 10-y Bond Auction;-0.11|1.1;;-0.03|1.4;;;
2016.10.05 08:15:00;USD;3;ADP Non-Farm Employment Change;175K;166K;154K;;177K;
2016.10.05 08:30:00;CAD;3;Trade Balance;-2.2B;-2.5B;-1.9B;;-2.5B;
2016.10.05 08:30:00;USD;2;Trade Balance;-39.5B;-41.1B;-40.7B;;;
2016.10.05 09:45:00;USD;1;Final Services PMI;51.9;51.9;52.3;;;
2016.10.05 10:00:00;USD;3;ISM Services PMI;51.4;53.1;57.1;;;
2016.10.05 10:00:00;USD;2;Factory Orders m/m;1.4%;-0.4%;0.2%;;1.9%;
2016.10.05 10:30:00;USD;3;Crude Oil Inventories;-1.9M;1.1M;-3.0M;;;
2016.10.05 10:30:00;CNY;0;Bank Holiday (All Day);;;;;;
2016.10.05 20:30:00;AUD;3;Trade Balance;-2.12B;-2.32B;-2.01B;;-2.41B;
2016.10.06 02:00:00;EUR;2;German Factory Orders m/m;0.3%;0.3%;1.0%;;0.2%;
2016.10.06 03:15:00;CHF;1;CPI m/m;-0.1%;0.2%;0.1%;;;
2016.10.06 04:10:00;EUR;1;Retail PMI;51.0;;49.6;;;
2016.10.06 04:30:00;GBP;1;Housing Equity Withdrawal q/q;-5.1B;-5.4B;-12.6B;;-4.9B;
2016.10.06 04:47:00;EUR;1;Spanish 10-y Bond Auction;1.13|2.2;;1.07|1.8;;;
2016.10.06 04:58:00;EUR;1;French 10-y Bond Auction;0.26|2.1;;0.28|3.1;;;
2016.10.06 05:36:00;GBP;1;30-y Bond Auction;1.53|1.9;;1.49|2.2;;;
2016.10.06 07:30:00;EUR;2;ECB Monetary Policy Meeting Accounts;;;;;;
2016.10.06 07:30:00;USD;1;Challenger Job Cuts y/y;-21.8%;;-24.7%;;;
2016.10.06 08:30:00;CAD;2;Building Permits m/m;3.4%;1.1%;10.4%;;0.8%;
2016.10.06 08:30:00;USD;3;Unemployment Claims;254K;255K;249K;;;
2016.10.06 10:30:00;USD;1;Natural Gas Storage;49B;67B;80B;;;
2016.10.06 11:50:00;CAD;2;Gov Council Member Wilkins Speaks;;;;;;
2016.10.06 18:30:00;AUD;1;AIG Construction Index;46.6;;51.4;;;
2016.10.06 18:30:00;CNY;0;Bank Holiday (All Day);;;;;;
2016.10.06 20:00:00;JPY;1;Average Cash Earnings y/y;1.2%;0.5%;-0.1%;;1.4%;
2016.10.07 01:00:00;JPY;1;Leading Indicators;100.0%;101.7%;101.2%;;;
2016.10.07 02:00:00;EUR;1;German Industrial Production m/m;-1.5%;1.1%;2.5%;;;
2016.10.07 02:45:00;EUR;1;French Gov Budget Balance;-80.8B;;-96.0B;;;
2016.10.07 02:45:00;EUR;1;French Industrial Production m/m;-0.5%;0.7%;2.1%;;-0.6%;
2016.10.07 02:45:00;EUR;1;French Trade Balance;-4.3B;-4.3B;-4.3B;;-4.5B;
2016.10.07 03:00:00;CHF;2;Foreign Currency Reserves;627B;;628B;;;
2016.10.07 03:30:00;GBP;2;Halifax HPI m/m;-0.3%;0.0%;0.1%;;-0.2%;
2016.10.07 04:30:00;GBP;3;Manufacturing Production m/m;-0.9%;0.4%;0.2%;;;
2016.10.07 04:30:00;GBP;2;Goods Trade Balance;-9.5B;-11.1B;-12.1B;;-11.8B;
2016.10.07 04:30:00;GBP;1;Industrial Production m/m;0.1%;0.1%;-0.4%;;;
2016.10.07 08:30:00;CAD;3;Employment Change;26.2K;8.5K;67.2K;;;
2016.10.07 08:30:00;CAD;3;Unemployment Rate;7.0%;7.0%;7.0%;;;
2016.10.07 08:30:00;USD;3;Average Hourly Earnings m/m;0.1%;0.2%;0.2%;;;
2016.10.07 08:30:00;USD;3;Non-Farm Employment Change;167K;171K;156K;;151K;
2016.10.07 08:30:00;USD;3;Unemployment Rate;4.9%;4.9%;5.0%;;;
2016.10.07 09:12:00;GBP;1;NIESR GDP Estimate;0.5%;;0.4%;;0.3%;
2016.10.07 10:00:00;CAD;2;Ivey PMI;52.3;53.0;58.4;;;
2016.10.07 10:00:00;USD;1;Final Wholesale Inventories m/m;-0.1%;-0.1%;-0.2%;;;
2016.10.07 10:00:00;All;1;IMF Meetings (Day 1);;;;;;
2016.10.07 10:30:00;CAD;2;BOC Business Outlook Survey;;;;;;
2016.10.07 10:30:00;USD;2;FOMC Member Fischer Speaks;;;;;;
2016.10.07 12:45:00;USD;2;FOMC Member Mester Speaks;;;;;;
2016.10.07 15:00:00;USD;2;FOMC Member George Speaks;;;;;;
2016.10.07 15:00:00;USD;1;Consumer Credit m/m;17.8B;16.8B;25.9B;;17.7B;
2016.10.07 16:00:00;CAD;2;Gov Council Member Wilkins Speaks;;;;;;
2016.10.07 16:00:00;USD;2;FOMC Member Brainard Speaks;;;;;;
2016.10.07 21:45:00;CNY;2;Caixin Services PMI;52.1;52.2;52.0;;;
2016.10.08 00:00:00;All;1;IMF Meetings (Day 2);;;;;;
2016.10.08 13:00:00;EUR;2;German Buba President Weidmann Speaks;;;;;;
2016.10.09 00:00:00;All;1;IMF Meetings (Day 3);;;;;;
2016.10.09 00:00:00;JPY;0;Bank Holiday (All Day);;;;;;
2016.10.10 01:45:00;CHF;1;Unemployment Rate;3.3%;3.4%;3.3%;;3.4%;
2016.10.10 02:00:00;EUR;1;German Trade Balance;19.4B;19.3B;22.2B;;;
2016.10.10 04:00:00;EUR;1;Italian Industrial Production m/m;0.7%;-0.2%;1.7%;;0.4%;
2016.10.10 04:30:00;EUR;1;Sentix Investor Confidence;5.6;6.2;8.5;;;
2016.10.10 04:30:00;EUR;2;Eurogroup Meetings (All Day);;;;;;
2016.10.10 04:30:00;CAD;0;Bank Holiday (All Day);;;;;;
2016.10.10 04:30:00;USD;0;Bank Holiday (All Day);;;;;;
2016.10.10 19:01:00;GBP;1;BRC Retail Sales Monitor y/y;-0.9%;;0.4%;;;
2016.10.10 19:50:00;JPY;2;Current Account;1.45T;1.58T;1.98T;;;
2016.10.10 20:30:00;AUD;2;NAB Business Confidence;6;;6;;;
2016.10.10 20:30:00;AUD;1;Home Loans m/m;-4.5%;-1.3%;-3.0%;;-4.2%;
2016.10.11 01:00:00;JPY;1;Economy Watchers Sentiment;45.6;45.9;44.8;;;
2016.10.11 05:00:00;EUR;2;German ZEW Economic Sentiment;0.5;4.2;6.2;;;
2016.10.11 05:00:00;EUR;2;ZEW Economic Sentiment;5.4;6.3;12.3;;;
2016.10.11 05:00:00;GBP;2;MPC Member Saunders Speaks;;;;;;
2016.10.11 06:00:00;USD;1;NFIB Small Business Index;94.4;95.2;94.1;;;
2016.10.11 06:00:00;EUR;2;ECOFIN Meetings (All Day);;;;;;
2016.10.11 08:13:00;CAD;1;Housing Starts;182K;194K;221K;;183K;
2016.10.11 10:18:00;USD;1;Labor Market Conditions Index m/m;-1.3;;-2.2;;-0.7;
2016.10.11 19:30:00;AUD;1;Westpac Consumer Sentiment;0.3%;;1.1%;;;
2016.10.11 19:50:00;JPY;1;Core Machinery Orders m/m;4.9%;-4.4%;-2.2%;;;
2016.10.11 23:45:00;JPY;1;30-y Bond Auction;0.50|3.1;;0.51|3.6;;;
2016.10.12 01:58:00;JPY;1;Prelim Machine Tool Orders y/y;-8.4%;;-6.3%;;;
2016.10.12 02:00:00;EUR;1;German WPI m/m;-0.7%;0.3%;0.4%;;;
2016.10.12 02:45:00;EUR;1;French Final CPI m/m;-0.2%;-0.2%;-0.2%;;;
2016.10.12 03:39:00;CHF;2;Gov Board Member Zurbrugg Speaks;;;;;;
2016.10.12 05:00:00;CHF;1;Credit Suisse Economic Expectations;2.7;;5.2;;;
2016.10.12 05:00:00;EUR;1;Industrial Production m/m;-0.7%;1.4%;1.6%;;-1.1%;
2016.10.12 05:00:00;GBP;2;MPC Member Cunliffe Speaks;;;;;;
2016.10.12 08:00:00;USD;2;FOMC Member Dudley Speaks;;;;;;
2016.10.12 09:40:00;USD;2;FOMC Member George Speaks;;;;;;
2016.10.12 10:00:00;USD;2;JOLTS Job Openings;5.83M;5.79M;5.44M;;5.87M;
2016.10.12 13:01:00;USD;1;10-y Bond Auction;1.70|2.4;;1.79|2.5;;;
2016.10.12 14:00:00;USD;3;FOMC Meeting Minutes;;;;;;
2016.10.12 17:30:00;NZD;1;BusinessNZ Manufacturing Index;55.2;;57.7;;55.1;
2016.10.12 17:45:00;NZD;1;FPI m/m;1.3%;;-0.9%;;;
2016.10.12 19:01:00;GBP;1;RICS House Price Balance;13%;14%;17%;;12%;
2016.10.12 19:50:00;JPY;1;Bank Lending y/y;2.0%;2.0%;2.2%;;;
2016.10.12 20:00:00;AUD;1;MI Inflation Expectations;3.3%;;3.7%;;;
2016.10.12 22:00:00;CNY;3;Trade Balance;346B;365B;278B;;;
2016.10.12 22:23:00;CNY;1;USD-Denominated Trade Balance;52.1B;53.1B;42.0B;;;
2016.10.13 00:23:00;AUD;1;RBA Annual Report;;;;;;
2016.10.13 00:30:00;JPY;1;Tertiary Industry Activity m/m;0.2%;-0.2%;0.0%;;0.3%;
2016.10.13 02:00:00;EUR;1;German Final CPI m/m;0.1%;0.1%;0.1%;;;
2016.10.13 06:29:00;CNY;1;Foreign Direct Investment ytd/y;4.5%;;4.2%;;;
2016.10.13 08:30:00;CAD;2;NHPI m/m;0.4%;0.3%;0.2%;;;
2016.10.13 08:30:00;USD;3;Unemployment Claims;246K;252K;246K;;249K;
2016.10.13 08:30:00;USD;2;Import Prices m/m;-0.2%;0.1%;0.1%;;;
2016.10.13 10:30:00;USD;1;Natural Gas Storage;80B;84B;79B;;;
2016.10.13 11:00:00;USD;3;Crude Oil Inventories;-3.0M;0.4M;4.9M;;;
2016.10.13 13:01:00;USD;1;30-y Bond Auction;2.48|2.1;;2.47|2.4;;;
2016.10.13 19:50:00;JPY;1;M2 Money Stock y/y;3.3%;3.4%;3.6%;;;
2016.10.13 19:50:00;JPY;1;PPI y/y;-3.6%;-3.2%;-3.2%;;;
2016.10.13 20:30:00;AUD;2;RBA Financial Stability Review;;;;;;
2016.10.13 21:30:00;CNY;2;CPI y/y;1.3%;1.6%;1.9%;;;
2016.10.13 21:30:00;CNY;2;PPI y/y;-0.8%;-0.4%;0.1%;;;
2016.10.14 03:15:00;CHF;2;PPI m/m;-0.3%;0.1%;0.3%;;;
2016.10.14 04:30:00;GBP;2;BOE Credit Conditions Survey;;;;;;
2016.10.14 04:30:00;GBP;1;Construction Output m/m;0.5%;0.0%;-1.5%;;0.0%;
2016.10.14 05:00:00;EUR;1;Trade Balance;20.8B;20.5B;23.3B;;20.0B;
2016.10.14 07:45:00;GBP;2;MPC Member Forbes Speaks;;;;;;
2016.10.14 08:30:00;USD;3;Core Retail Sales m/m;-0.2%;0.4%;0.5%;;-0.1%;
2016.10.14 08:30:00;USD;3;PPI m/m;0.0%;0.2%;0.3%;;;
2016.10.14 08:30:00;USD;3;Retail Sales m/m;-0.2%;0.6%;0.6%;;-0.3%;
2016.10.14 08:30:00;USD;2;Core PPI m/m;0.1%;0.1%;0.2%;;;
2016.10.14 08:30:00;USD;2;FOMC Member Rosengren Speaks;;;;;;
2016.10.14 09:30:00;GBP;3;BOE Gov Carney Speaks;;;;;;
2016.10.14 10:00:00;USD;3;Prelim UoM Consumer Sentiment;91.2;92.1;87.9;;89.8;
2016.10.14 10:00:00;USD;1;Business Inventories m/m;0.0%;0.1%;0.2%;;;
2016.10.14 10:00:00;USD;1;Prelim UoM Inflation Expectations;2.4%;;2.4%;;2.3%;
2016.10.14 13:30:00;USD;3;Fed Chair Yellen Speaks;;;;;;
2016.10.14 15:00:00;USD;2;Treasury Currency Report;;;;;;
2016.10.14 16:00:00;USD;1;Federal Budget Balance;-107.1B;30.0B;33.4B;;;
2016.10.16 19:01:00;GBP;1;Rightmove HPI m/m;0.7%;;0.9%;;;
2016.10.17 00:30:00;JPY;1;Revised Industrial Production m/m;1.5%;1.5%;1.3%;;;
2016.10.17 04:03:00;EUR;1;Italian Trade Balance;7.80B;4.25B;2.52B;;;
2016.10.17 05:00:00;EUR;2;Final CPI y/y;0.4%;0.4%;0.4%;;;
2016.10.17 05:00:00;EUR;1;Final Core CPI y/y;0.8%;0.8%;0.8%;;;
2016.10.17 08:30:00;CAD;2;Foreign Securities Purchases;9.10B;6.24B;12.74B;;5.23B;
2016.10.17 08:30:00;USD;2;Empire State Manufacturing Index;-2.0;1.1;-6.8;;;
2016.10.17 09:15:00;USD;2;Capacity Utilization Rate;75.3%;75.6%;75.4%;;75.5%;
2016.10.17 09:15:00;USD;2;Industrial Production m/m;-0.5%;0.3%;0.1%;;-0.4%;
2016.10.17 09:30:00;GBP;1;CB Leading Index m/m;-0.2%;;0.0%;;0.0%;
2016.10.17 10:45:00;GBP;2;MPC Member Broadbent Speaks;;;;;;
2016.10.17 12:15:00;USD;2;FOMC Member Fischer Speaks;;;;;;
2016.10.17 13:35:00;EUR;3;ECB President Draghi Speaks;;;;;;
2016.10.17 13:35:00;EUR;2;German Buba President Weidmann Speaks;;;;;;
2016.10.17 17:10:00;AUD;3;RBA Gov Lowe Speaks;;;;;;
2016.10.17 17:45:00;NZD;3;CPI q/q;0.4%;0.0%;0.3%;;;
2016.10.17 20:30:00;AUD;3;Monetary Policy Meeting Minutes;;;;;;
2016.10.17 20:30:00;AUD;1;New Motor Vehicle Sales m/m;0.0%;;2.5%;;0.1%;
2016.10.18 03:03:00;CNY;1;M2 Money Supply y/y;11.4%;11.6%;11.5%;;;
2016.10.18 03:03:00;CNY;1;New Loans;949B;1000B;1220B;;;
2016.10.18 04:30:00;GBP;3;CPI y/y;0.6%;0.9%;1.0%;;;
2016.10.18 04:30:00;GBP;2;PPI Input m/m;0.2%;0.4%;0.0%;;;
2016.10.18 04:30:00;GBP;2;RPI y/y;1.8%;2.0%;2.0%;;;
2016.10.18 04:30:00;GBP;1;Core CPI y/y;1.3%;1.4%;1.5%;;;
2016.10.18 04:30:00;GBP;1;HPI y/y;8.0%;7.9%;8.4%;;8.3%;
2016.10.18 04:30:00;GBP;1;PPI Output m/m;0.1%;0.2%;0.2%;;;
2016.10.18 08:30:00;CAD;3;Manufacturing Sales m/m;0.1%;0.3%;0.9%;;;
2016.10.18 08:30:00;USD;3;CPI m/m;0.2%;0.3%;0.3%;;;
2016.10.18 08:30:00;USD;3;Core CPI m/m;0.3%;0.2%;0.1%;;;
2016.10.18 09:48:00;NZD;3;GDT Price Index;-3.0%;;1.4%;;;
2016.10.18 10:00:00;USD;1;NAHB Housing Market Index;65;64;63;;;
2016.10.18 16:00:00;USD;1;TIC Long-Term Purchases;102.8B;22.0B;48.3B;;103.9B;
2016.10.18 19:30:00;AUD;1;MI Leading Index m/m;0.0%;;0.1%;;;
2016.10.18 22:00:00;CNY;3;GDP q/y;6.7%;6.7%;6.7%;;;
2016.10.18 22:00:00;CNY;3;Industrial Production y/y;6.3%;6.4%;6.1%;;;
2016.10.18 22:00:00;CNY;2;Fixed Asset Investment ytd/y;8.1%;8.2%;8.2%;;;
2016.10.18 22:00:00;CNY;2;NBS Press Conference;;;;;;
2016.10.18 22:00:00;CNY;1;Retail Sales y/y;10.6%;10.7%;10.7%;;;
2016.10.19 00:30:00;JPY;1;All Industries Activity m/m;0.2%;0.2%;0.2%;;0.3%;
2016.10.19 04:30:00;GBP;3;Average Earnings Index 3m/y;2.4%;2.3%;2.3%;;2.3%;
2016.10.19 04:30:00;GBP;3;Claimant Count Change;7.1K;3.4K;0.7K;;2.4K;
2016.10.19 04:30:00;GBP;2;Unemployment Rate;4.9%;4.9%;4.9%;;;
2016.10.19 05:34:00;EUR;1;German 30-y Bond Auction;0.62|1.7;;0.64|1.7;;;
2016.10.19 05:34:00;GBP;1;10-y Bond Auction;0.69|1.7;;1.08|2.0;;;
2016.10.19 08:30:00;USD;3;Building Permits;1.15M;1.17M;1.23M;;1.14M;
2016.10.19 08:30:00;USD;2;Housing Starts;1.15M;1.18M;1.05M;;1.14M;
2016.10.19 10:00:00;CAD;3;BOC Monetary Policy Report;;;;;;
2016.10.19 10:00:00;CAD;3;BOC Rate Statement;;;;;;
2016.10.19 10:00:00;CAD;3;Overnight Rate;0.50%;0.50%;0.50%;;;
2016.10.19 10:30:00;AUD;1;CB Leading Index m/m;0.5%;;0.0%;;0.4%;
2016.10.19 10:30:00;USD;3;Crude Oil Inventories;4.9M;2.2M;-5.2M;;;
2016.10.19 11:15:00;CAD;3;BOC Press Conference;;;;;;
2016.10.19 13:00:00;GBP;2;MPC Member Haldane Speaks;;;;;;
2016.10.19 14:00:00;USD;1;Beige Book;;;;;;
2016.10.19 16:15:00;CAD;3;BOC Gov Poloz Speaks;;;;;;
2016.10.19 19:45:00;USD;2;FOMC Member Dudley Speaks;;;;;;
2016.10.19 20:30:00;AUD;3;Employment Change;-8.6K;15.2K;-9.8K;;-3.9K;
2016.10.19 20:30:00;AUD;3;Unemployment Rate;5.7%;5.7%;5.6%;;5.6%;
2016.10.19 20:30:00;AUD;2;NAB Quarterly Business Confidence;3;;5;;2;
2016.10.20 02:00:00;CHF;1;Trade Balance;3.01B;3.27B;4.37B;;3.02B;
2016.10.20 02:00:00;EUR;1;German PPI m/m;-0.1%;0.3%;-0.2%;;;
2016.10.20 04:00:00;EUR;1;Current Account;27.7B;24.3B;29.7B;;21.0B;
2016.10.20 04:30:00;GBP;3;Retail Sales m/m;0.0%;0.3%;0.0%;;-0.2%;
2016.10.20 04:53:00;EUR;1;Spanish 10-y Bond Auction;1.07|1.8;;1.04|1.9;;;
2016.10.20 04:53:00;EUR;2;EU Economic Summit (Day 1);;;;;;
2016.10.20 07:45:00;EUR;3;Main Refinancing Rate;0.00%;0.00%;0.00%;;;
2016.10.20 07:45:00;EUR;3;Monetary Policy Statement;;;;;;
2016.10.20 08:30:00;EUR;3;ECB Press Conference;;;;;;
2016.10.20 08:30:00;USD;3;Philly Fed Manufacturing Index;12.8;5.2;9.7;;;
2016.10.20 08:30:00;USD;3;Unemployment Claims;247K;251K;260K;;246K;
2016.10.20 08:30:00;USD;2;FOMC Member Dudley Speaks;;;;;;
2016.10.20 09:00:00;GBP;2;MPC Member Shafik Speaks;;;;;;
2016.10.20 10:00:00;USD;2;Existing Home Sales;5.30M;5.36M;5.47M;;5.33M;
2016.10.20 10:00:00;USD;1;CB Leading Index m/m;-0.2%;0.2%;0.2%;;;
2016.10.20 10:30:00;USD;1;Natural Gas Storage;79B;72B;77B;;;
2016.10.20 17:45:00;NZD;1;Visitor Arrivals m/m;-1.8%;;3.6%;;-1.9%;
2016.10.20 20:54:00;JPY;3;BOJ Gov Kuroda Speaks;;;;;;
2016.10.20 22:00:00;NZD;1;Credit Card Spending y/y;2.0%;;8.2%;;1.9%;
2016.10.21 04:30:00;GBP;2;Public Sector Net Borrowing;10.3B;8.6B;10.1B;;10.1B;
2016.10.21 05:00:00;EUR;2;German Buba President Weidmann Speaks;;;;;;
2016.10.21 05:00:00;EUR;2;EU Economic Summit (Day 2);;;;;;
2016.10.21 08:30:00;CAD;3;Core CPI m/m;0.0%;0.2%;0.2%;;;
2016.10.21 08:30:00;CAD;3;Core Retail Sales m/m;-0.2%;0.4%;0.0%;;-0.1%;
2016.10.21 08:30:00;CAD;2;CPI m/m;-0.2%;0.2%;0.1%;;;
2016.10.21 08:30:00;CAD;2;Retail Sales m/m;-0.2%;0.5%;-0.1%;;-0.1%;
2016.10.21 09:00:00;EUR;1;Belgian NBB Business Climate;-2.2;-1.5;-1.8;;;
2016.10.21 10:00:00;EUR;1;Consumer Confidence;-8;-8;-8;;;
2016.10.21 10:15:00;USD;1;FOMC Member Tarullo Speaks;;;;;;
2016.10.23 00:00:00;NZD;0;Bank Holiday (All Day);;;;;;
2016.10.23 19:50:00;JPY;1;Trade Balance;0.36T;0.21T;0.35T;;0.41T;
2016.10.23 20:30:00;JPY;1;Flash Manufacturing PMI;50.4;50.6;51.7;;50.3;
2016.10.24 02:30:00;GBP;2;MPC Member Shafik Speaks;;;;;;
2016.10.24 03:00:00;EUR;2;French Flash Manufacturing PMI;49.7;50.2;51.3;;49.5;
2016.10.24 03:00:00;EUR;2;French Flash Services PMI;53.3;54.1;52.1;;54.1;
2016.10.24 03:30:00;EUR;2;German Flash Manufacturing PMI;54.3;54.3;55.1;;;
2016.10.24 03:30:00;EUR;2;German Flash Services PMI;50.9;51.9;54.1;;50.6;
2016.10.24 04:00:00;EUR;2;Flash Manufacturing PMI;52.6;52.7;53.3;;;
2016.10.24 04:00:00;EUR;2;Flash Services PMI;52.2;52.4;53.5;;52.1;
2016.10.24 06:00:00;EUR;1;German Buba Monthly Report;;;;;;
2016.10.24 06:00:00;GBP;1;CBI Industrial Order Expectations;-5;-2;-17;;;
2016.10.24 08:30:00;CAD;2;Wholesale Sales m/m;0.1%;0.2%;0.8%;;0.3%;
2016.10.24 09:00:00;CNY;1;CB Leading Index m/m;0.8%;;1.1%;;0.9%;
2016.10.24 09:00:00;USD;2;FOMC Member Dudley Speaks;;;;;;
2016.10.24 09:05:00;USD;2;FOMC Member Bullard Speaks;;;;;;
2016.10.24 09:45:00;USD;1;Flash Manufacturing PMI;51.5;51.6;53.2;;51.4;
2016.10.24 12:15:00;CHF;3;SNB Chairman Jordan Speaks;;;;;;
2016.10.24 15:30:00;CAD;3;BOC Gov Poloz Speaks;;;;;;
2016.10.25 04:00:00;EUR;3;German ifo Business Climate;109.5;109.6;110.5;;;
2016.10.25 09:00:00;USD;1;HPI m/m;0.5%;0.5%;0.7%;;;
2016.10.25 09:00:00;USD;1;SP/CS Composite-20 HPI y/y;5.0%;5.1%;5.1%;;;
2016.10.25 09:59:00;USD;1;Richmond Manufacturing Index;-8;-5;-4;;;
2016.10.25 10:00:00;USD;3;CB Consumer Confidence;103.5;101.5;98.6;;104.1;
2016.10.25 10:00:00;USD;1;IBD/TIPP Economic Optimism;46.7;47.6;51.3;;;
2016.10.25 10:35:00;GBP;3;BOE Gov Carney Speaks;;;;;;
2016.10.25 11:30:00;EUR;3;ECB President Draghi Speaks;;;;;;
2016.10.25 19:50:00;JPY;1;SPPI y/y;0.2%;0.2%;0.3%;;;
2016.10.25 20:30:00;AUD;3;CPI q/q;0.4%;0.5%;0.7%;;;
2016.10.25 20:30:00;AUD;2;Trimmed Mean CPI q/q;0.5%;0.4%;0.4%;;;
2016.10.26 02:00:00;EUR;1;German GfK Consumer Climate;10.0;10.1;9.7;;;
2016.10.26 02:00:00;EUR;1;German Import Prices m/m;-0.2%;0.1%;0.1%;;;
2016.10.26 04:00:00;EUR;1;Italian Retail Sales m/m;-0.2%;0.2%;-0.1%;;-0.3%;
2016.10.26 04:30:00;GBP;1;High Street Lending;37.2K;37.3K;38.3K;;37.0K;
2016.10.26 08:30:00;USD;1;Goods Trade Balance;-59.2B;-60.6B;-56.1B;;-58.4B;
2016.10.26 08:30:00;USD;1;Prelim Wholesale Inventories m/m;-0.2%;0.1%;0.2%;;-0.1%;
2016.10.26 09:45:00;USD;1;Flash Services PMI;52.3;52.4;54.8;;51.9;
2016.10.26 10:00:00;USD;2;New Home Sales;575K;601K;593K;;609K;
2016.10.26 10:30:00;USD;3;Crude Oil Inventories;-5.2M;0.7M;-0.6M;;;
2016.10.26 17:45:00;NZD;2;Trade Balance;-1243M;-1125M;-1436M;;-1265M;
2016.10.26 20:30:00;AUD;1;Import Prices q/q;-1.0%;-0.7%;-1.0%;;;
2016.10.27 02:00:00;CHF;1;UBS Consumption Indicator;1.53;;1.59;;;
2016.10.27 03:00:00;EUR;2;Spanish Unemployment Rate;20.0%;19.3%;18.9%;;;
2016.10.27 04:00:00;EUR;2;M3 Money Supply y/y;5.1%;5.1%;5.0%;;;
2016.10.27 04:00:00;EUR;1;Private Loans y/y;1.8%;1.9%;1.8%;;;
2016.10.27 04:30:00;GBP;3;Prelim GDP q/q;0.7%;0.3%;0.5%;;0.6%;
2016.10.27 04:30:00;GBP;1;Index of Services 3m/3m;0.6%;0.8%;0.8%;;;
2016.10.27 06:00:00;GBP;1;CBI Realized Sales;-8;-2;21;;;
2016.10.27 08:30:00;USD;3;Core Durable Goods Orders m/m;-0.2%;0.2%;0.2%;;-0.4%;
2016.10.27 08:30:00;USD;3;Unemployment Claims;261K;261K;258K;;260K;
2016.10.27 08:30:00;USD;2;Durable Goods Orders m/m;0.1%;0.1%;-0.1%;;0.0%;
2016.10.27 10:00:00;USD;2;Pending Home Sales m/m;-2.5%;1.2%;1.5%;;-2.4%;
2016.10.27 10:30:00;USD;1;Natural Gas Storage;77B;71B;73B;;;
2016.10.27 19:01:00;GBP;1;GfK Consumer Confidence;-1;-2;-3;;;
2016.10.27 19:30:00;JPY;2;Household Spending y/y;-4.6%;-2.6%;-2.1%;;;
2016.10.27 19:30:00;JPY;2;Tokyo Core CPI y/y;-0.5%;-0.5%;-0.4%;;;
2016.10.27 19:30:00;JPY;1;National Core CPI y/y;-0.5%;-0.5%;-0.5%;;;
2016.10.27 19:30:00;JPY;1;Unemployment Rate;3.1%;3.1%;3.0%;;;
2016.10.27 20:19:00;AUD;1;HIA New Home Sales m/m;6.1%;;2.7%;;;
2016.10.27 20:30:00;AUD;2;PPI q/q;0.1%;0.6%;0.3%;;;
2016.10.28 01:00:00;JPY;1;BOJ Core CPI y/y;0.4%;0.3%;0.2%;;;
2016.10.28 01:30:00;EUR;1;French Flash GDP q/q;-0.1%;0.3%;0.2%;;0.0%;
2016.10.28 01:30:00;EUR;2;German Prelim CPI m/m (All Day);0.1%;0.1%;0.2%;;;
2016.10.28 02:45:00;EUR;1;French Consumer Spending m/m;0.8%;0.3%;-0.2%;;0.7%;
2016.10.28 02:45:00;EUR;1;French Prelim CPI m/m;-0.2%;0.2%;0.0%;;;
2016.10.28 03:00:00;CHF;2;KOF Economic Barometer;101.6;101.8;104.7;;101.3;
2016.10.28 03:00:00;EUR;2;Spanish Flash CPI y/y;0.2%;0.3%;0.7%;;0.3%;
2016.10.28 03:00:00;EUR;2;Spanish Flash GDP q/q;0.8%;0.7%;0.7%;;0.7%;
2016.10.28 05:21:00;EUR;1;Italian 10-y Bond Auction;1.21|1.4;;1.60|1.3;;;
2016.10.28 08:30:00;USD;3;Advance GDP q/q;1.4%;2.5%;2.9%;;1.2%;
2016.10.28 08:30:00;USD;2;Advance GDP Price Index q/q;2.3%;1.3%;1.5%;;2.2%;
2016.10.28 08:30:00;USD;2;Employment Cost Index q/q;0.6%;0.6%;0.6%;;;
2016.10.28 10:00:00;USD;2;Revised UoM Consumer Sentiment;87.9;88.2;87.2;;;
2016.10.28 10:00:00;USD;1;Revised UoM Inflation Expectations;2.4%;;2.4%;;;
2016.10.29 22:00:00;CHF;0;Daylight Saving Time Shift;;;;;;
2016.10.29 22:00:00;EUR;0;Daylight Saving Time Shift;;;;;;
2016.10.29 22:00:00;GBP;0;Daylight Saving Time Shift;;;;;;
2016.10.30 17:45:00;NZD;1;Building Consents m/m;-1.5%;;0.2%;;-1.0%;
2016.10.30 19:50:00;JPY;1;Prelim Industrial Production m/m;1.3%;0.9%;0.0%;;1.5%;
2016.10.30 19:50:00;JPY;1;Retail Sales y/y;-2.2%;-1.7%;-1.9%;;-2.1%;
2016.10.30 20:00:00;NZD;2;Final ANZ Business Confidence;27.9;;24.5;;;
2016.10.30 20:05:00;AUD;1;MI Inflation Gauge m/m;0.4%;;0.2%;;;
2016.10.30 20:30:00;AUD;1;Private Sector Credit m/m;0.4%;0.4%;0.4%;;;
2016.10.31 01:00:00;JPY;1;Housing Starts y/y;2.5%;5.3%;10.0%;;;
2016.10.31 03:00:00;EUR;2;German Retail Sales m/m;-0.3%;0.2%;-1.4%;;-0.4%;
2016.10.31 05:30:00;GBP;2;Net Lending to Individuals m/m;4.7B;4.6B;4.7B;;4.5B;
2016.10.31 05:30:00;GBP;1;M4 Money Supply m/m;1.0%;0.6%;-0.4%;;0.9%;
2016.10.31 05:30:00;GBP;1;Mortgage Approvals;61K;62K;63K;;60K;
2016.10.31 06:00:00;EUR;2;CPI Flash Estimate y/y;0.4%;0.5%;0.5%;;;
2016.10.31 06:00:00;EUR;2;Core CPI Flash Estimate y/y;0.8%;0.8%;0.8%;;;
2016.10.31 06:00:00;EUR;2;Prelim Flash GDP q/q;0.3%;0.3%;0.3%;;;
2016.10.31 06:00:00;EUR;1;Italian Prelim CPI m/m;-0.2%;0.2%;0.0%;;;
2016.10.31 08:30:00;CAD;2;RMPI m/m;-0.7%;0.5%;-0.1%;;;
2016.10.31 08:30:00;CAD;1;IPPI m/m;-0.4%;0.4%;0.4%;;-0.5%;
2016.10.31 08:30:00;USD;2;Core PCE Price Index m/m;0.2%;0.1%;0.1%;;;
2016.10.31 08:30:00;USD;2;Personal Spending m/m;-0.1%;0.5%;0.5%;;0.0%;
2016.10.31 08:30:00;USD;1;Personal Income m/m;0.2%;0.3%;0.3%;;;
2016.10.31 09:45:00;USD;2;Chicago PMI;54.2;54.1;50.6;;;
2016.10.31 18:30:00;AUD;1;AIG Manufacturing Index;49.8;;50.9;;;
2016.10.31 20:30:00;JPY;1;Final Manufacturing PMI;51.7;51.7;51.4;;;
2016.10.31 21:00:00;CNY;3;Manufacturing PMI;50.4;50.4;51.2;;;
2016.10.31 21:00:00;CNY;2;Non-Manufacturing PMI;53.7;;54.0;;;
2016.10.31 21:45:00;CNY;3;Caixin Manufacturing PMI;50.1;50.2;51.2;;;
2016.10.31 22:55:00;JPY;3;BOJ Outlook Report;;;;;;
2016.10.31 22:55:00;JPY;3;BOJ Policy Rate;-0.10%;-0.10%;-0.10%;;;
2016.10.31 22:55:00;JPY;3;Monetary Policy Statement;;;;;;
2016.10.31 23:30:00;AUD;3;Cash Rate;1.50%;1.50%;1.50%;;;
2016.10.31 23:30:00;AUD;3;RBA Rate Statement;;;;;;
