2016.09.01 02:30:00;AUD;1;Commodity Prices y/y;-2.7%;;0.8%;;-2.0%;
2016.09.01 03:15:00;CHF;1;Retail Sales y/y;-3.5%;-3.1%;-2.2%;;-3.9%;
2016.09.01 03:15:00;EUR;2;Spanish Manufacturing PMI;51.0;50.8;51.0;;;
2016.09.01 03:30:00;CHF;1;Manufacturing PMI;50.1;50.5;51.0;;;
2016.09.01 03:45:00;EUR;1;Italian Manufacturing PMI;51.2;51.3;49.8;;;
2016.09.01 03:50:00;EUR;1;French Final Manufacturing PMI;48.5;48.5;48.3;;;
2016.09.01 03:55:00;EUR;1;German Final Manufacturing PMI;53.6;53.6;53.6;;;
2016.09.01 04:00:00;EUR;1;Final Manufacturing PMI;51.8;51.8;51.7;;;
2016.09.01 04:30:00;GBP;3;Final Manufacturing PMI;48.3;49.1;53.3;;48.2;
2016.09.01 04:50:00;EUR;1;Spanish 10-y Bond Auction;1.06|1.9;;1.10|2.1;;;
2016.09.01 05:04:00;EUR;1;French 10-y Bond Auction;0.19|2.8;;0.26|2.1;;;
2016.09.01 07:30:00;USD;1;Challenger Job Cuts y/y;-57.1%;;-21.8%;;;
2016.09.01 08:30:00;USD;3;Unemployment Claims;261K;265K;263K;;;
2016.09.01 08:30:00;USD;2;Revised Nonfarm Productivity q/q;-0.5%;-0.6%;-0.6%;;;
2016.09.01 08:30:00;USD;1;Revised Unit Labor Costs q/q;2.0%;2.0%;4.3%;;;
2016.09.01 09:30:00;CAD;1;Manufacturing PMI;51.9;;51.1;;;
2016.09.01 09:45:00;USD;1;Final Manufacturing PMI;52.1;52.1;52.0;;;
2016.09.01 10:00:00;USD;3;ISM Manufacturing PMI;52.6;52.0;49.4;;;
2016.09.01 10:00:00;USD;1;Construction Spending m/m;0.9%;0.6%;0.0%;;-0.6%;
2016.09.01 10:00:00;USD;1;ISM Manufacturing Prices;55.0;54.5;53.0;;;
2016.09.01 10:00:00;USD;1;Wards Total Vehicle Sales (All Day);17.8M;17.2M;16.9M;;17.8M;
2016.09.01 10:30:00;USD;1;Natural Gas Storage;11B;38B;51B;;;
2016.09.01 10:30:00;USD;1;Total Vehicle Sales (All Day);17.9M;17.2M;17.0M;;;
2016.09.01 19:50:00;JPY;1;Monetary Base y/y;24.7%;23.1%;24.2%;;;
2016.09.02 01:00:00;JPY;1;Consumer Confidence;41.3;41.6;42.0;;;
2016.09.02 03:00:00;EUR;2;Spanish Unemployment Change;-84.0K;15.0K;14.4K;;;
2016.09.02 04:30:00;GBP;3;Construction PMI;45.9;46.6;49.2;;;
2016.09.02 05:00:00;EUR;1;PPI m/m;0.8%;0.1%;0.1%;;0.7%;
2016.09.02 08:30:00;CAD;3;Trade Balance;-4.0B;-3.2B;-2.5B;;-3.6B;
2016.09.02 08:30:00;CAD;2;Labor Productivity q/q;0.4%;0.2%;-0.3%;;;
2016.09.02 08:30:00;USD;3;Average Hourly Earnings m/m;0.3%;0.2%;0.1%;;;
2016.09.02 08:30:00;USD;3;Non-Farm Employment Change;275K;180K;151K;;255K;
2016.09.02 08:30:00;USD;3;Unemployment Rate;4.9%;4.8%;4.9%;;;
2016.09.02 08:30:00;USD;2;Trade Balance;-44.7B;-43.0B;-39.5B;;-44.5B;
2016.09.02 10:00:00;USD;2;Factory Orders m/m;-1.8%;2.1%;1.9%;;-1.5%;
2016.09.03 06:55:00;USD;1;Final Services PMI;50.9;51.2;51.0;;;
2016.09.04 00:00:00;All;2;G20 Meetings (All Day);;;;;;
2016.09.04 19:01:00;GBP;1;BRC Shop Price Index y/y;-1.6%;;-2.0%;;;
2016.09.04 19:30:00;AUD;1;AIG Services Index;53.9;;45.0;;;
2016.09.04 20:00:00;JPY;1;Average Cash Earnings y/y;1.4%;0.5%;1.4%;;1.3%;
2016.09.04 21:00:00;AUD;1;MI Inflation Gauge m/m;-0.3%;;0.2%;;;
2016.09.04 21:00:00;NZD;1;ANZ Commodity Prices m/m;2.1%;;3.2%;;2.0%;
2016.09.04 21:30:00;AUD;2;Company Operating Profits q/q;-4.4%;2.1%;6.9%;;-4.7%;
2016.09.04 21:30:00;AUD;1;ANZ Job Advertisements m/m;-0.8%;;1.8%;;;
2016.09.04 21:45:00;CNY;2;Caixin Services PMI;51.7;51.9;52.1;;;
2016.09.04 22:30:00;JPY;3;BOJ Gov Kuroda Speaks;;;;;;
2016.09.05 00:00:00;All;2;G20 Meetings (All Day);;;;;;
2016.09.05 03:15:00;EUR;1;Spanish Services PMI;54.1;55.1;56.0;;;
2016.09.05 03:45:00;EUR;1;Italian Services PMI;52.0;51.8;52.3;;;
2016.09.05 03:50:00;EUR;1;French Final Services PMI;52.0;52.0;52.3;;;
2016.09.05 03:55:00;EUR;1;German Final Services PMI;53.3;53.3;51.7;;;
2016.09.05 04:00:00;EUR;1;Final Services PMI;53.1;53.1;52.8;;;
2016.09.05 04:30:00;EUR;1;Sentix Investor Confidence;4.2;5.1;5.6;;;
2016.09.05 04:30:00;GBP;3;Final Services PMI;47.4;49.1;52.9;;;
2016.09.05 05:00:00;EUR;1;Retail Sales m/m;-0.1%;0.5%;1.1%;;0.0%;
2016.09.05 05:00:00;CAD;0;Bank Holiday (All Day);;;;;;
2016.09.05 05:00:00;USD;0;Bank Holiday (All Day);;;;;;
2016.09.05 19:01:00;GBP;1;BRC Retail Sales Monitor y/y;1.1%;;-0.9%;;;
2016.09.05 21:30:00;AUD;2;Current Account;-14.9B;-20.2B;-15.5B;;-20.8B;
2016.09.05 23:45:00;JPY;1;30-y Bond Auction;0.42|3.1;;0.50|3.1;;;
2016.09.06 00:30:00;AUD;3;Cash Rate;1.50%;1.50%;1.50%;;;
2016.09.06 00:30:00;AUD;3;RBA Rate Statement;;;;;;
2016.09.06 01:45:00;CHF;1;GDP q/q;0.3%;0.2%;0.6%;;0.1%;
2016.09.06 02:00:00;EUR;1;German Factory Orders m/m;-0.3%;0.5%;0.2%;;-0.4%;
2016.09.06 03:15:00;CHF;1;CPI m/m;-0.4%;-0.1%;-0.1%;;;
2016.09.06 04:10:00;EUR;1;Retail PMI;48.9;;51.0;;;
2016.09.06 05:00:00;EUR;1;Revised GDP q/q;0.3%;0.3%;0.3%;;;
2016.09.06 05:33:00;GBP;1;10-y Bond Auction;0.91|2.3;;0.69|1.7;;;
2016.09.06 09:59:00;USD;1;IBD/TIPP Economic Optimism;48.4;48.6;46.7;;;
2016.09.06 10:00:00;USD;3;ISM Services PMI;55.5;55.4;51.4;;;
2016.09.06 10:00:00;USD;1;Labor Market Conditions Index m/m;1.3;;-0.7;;1.0;
2016.09.06 10:22:00;NZD;3;GDT Price Index;12.7%;;7.7%;;;
2016.09.06 12:15:00;CHF;3;SNB Chairman Jordan Speaks;;;;;;
2016.09.06 18:45:00;NZD;1;Manufacturing Sales q/q;-2.0%;;2.2%;;-2.6%;
2016.09.06 19:30:00;AUD;1;AIG Construction Index;51.6;;46.6;;;
2016.09.06 21:30:00;AUD;3;GDP q/q;1.0%;0.6%;0.5%;;1.1%;
2016.09.07 01:00:00;JPY;1;Leading Indicators;99.2%;98.6%;100.0%;;98.4%;
2016.09.07 02:00:00;EUR;1;German Industrial Production m/m;1.1%;0.0%;-1.5%;;0.8%;
2016.09.07 02:45:00;EUR;1;French Trade Balance;-3.5B;-3.7B;-4.5B;;-3.4B;
2016.09.07 03:00:00;CHF;2;Foreign Currency Reserves;616B;;627B;;615B;
2016.09.07 03:30:00;GBP;2;Halifax HPI m/m;-1.1%;-0.3%;-0.2%;;-1.0%;
2016.09.07 04:30:00;GBP;3;Manufacturing Production m/m;-0.2%;-0.4%;-0.9%;;-0.3%;
2016.09.07 04:30:00;GBP;1;Industrial Production m/m;0.0%;-0.3%;0.1%;;0.1%;
2016.09.07 05:33:00;EUR;1;German 10-y Bond Auction;-0.09|1.4;;-0.11|1.1;;;
2016.09.07 09:15:00;GBP;3;Monetary Policy Report Hearings;;;;;;
2016.09.07 09:36:00;GBP;1;NIESR GDP Estimate;0.4%;;0.3%;;0.3%;
2016.09.07 10:00:00;CAD;3;BOC Rate Statement;;;;;;
2016.09.07 10:00:00;CAD;3;Overnight Rate;0.50%;0.50%;0.50%;;;
2016.09.07 10:00:00;CAD;2;Ivey PMI;57.0;55.5;52.3;;;
2016.09.07 10:00:00;USD;2;FOMC Member George Speaks;;;;;;
2016.09.07 10:00:00;USD;2;JOLTS Job Openings;5.64M;5.58M;5.87M;;5.62M;
2016.09.07 14:00:00;USD;1;Beige Book;;;;;;
2016.09.07 18:55:00;AUD;2;RBA Deputy Gov Lowe Speaks;;;;;;
2016.09.07 19:01:00;GBP;1;RICS House Price Balance;5%;5%;12%;;;
2016.09.07 19:50:00;JPY;2;Current Account;1.65T;1.59T;1.45T;;;
2016.09.07 19:50:00;JPY;2;Final GDP q/q;0.0%;0.0%;0.2%;;;
2016.09.07 19:50:00;JPY;1;Bank Lending y/y;2.1%;;2.0%;;;
2016.09.07 19:50:00;JPY;1;Final GDP Price Index y/y;0.8%;0.8%;0.7%;;;
2016.09.07 21:30:00;AUD;3;Trade Balance;-3.25B;-2.65B;-2.41B;;-3.20B;
2016.09.07 22:32:00;CNY;2;Trade Balance;343B;372B;346B;;;
2016.09.07 22:41:00;CNY;1;USD-Denominated Trade Balance;52.3B;57.9B;52.1B;;;
2016.09.08 01:00:00;JPY;1;Economy Watchers Sentiment;45.1;45.2;45.6;;;
2016.09.08 01:30:00;EUR;1;French Final Private Payrolls q/q;0.2%;0.2%;0.2%;;;
2016.09.08 07:45:00;EUR;3;Main Refinancing Rate;0.00%;0.00%;0.00%;;;
2016.09.08 07:45:00;EUR;3;Monetary Policy Statement;;;;;;
2016.09.08 08:30:00;CAD;2;Building Permits m/m;-5.3%;3.2%;0.8%;;-5.5%;
2016.09.08 08:30:00;CAD;2;NHPI m/m;0.1%;0.2%;0.4%;;;
2016.09.08 08:30:00;CAD;1;Capacity Utilization Rate;81.4%;81.5%;80.0%;;;
2016.09.08 08:30:00;EUR;3;ECB Press Conference;;;;;;
2016.09.08 08:30:00;USD;3;Unemployment Claims;263K;264K;259K;;;
2016.09.08 10:30:00;USD;1;Natural Gas Storage;51B;44B;36B;;;
2016.09.08 11:00:00;USD;3;Crude Oil Inventories;2.3M;0.6M;-14.5M;;;
2016.09.08 12:20:00;CAD;2;Gov Council Member Lane Speaks;;;;;;
2016.09.08 12:30:00;CAD;1;Housing Starts;195K;191K;183K;;198K;
2016.09.08 15:00:00;USD;1;Consumer Credit m/m;14.5B;15.7B;17.7B;;12.3B;
2016.09.08 19:50:00;JPY;1;M2 Money Stock y/y;3.4%;3.3%;3.3%;;3.3%;
2016.09.08 21:30:00;AUD;1;Home Loans m/m;1.7%;-1.3%;-4.2%;;1.2%;
2016.09.08 21:30:00;CNY;2;CPI y/y;1.8%;1.7%;1.3%;;;
2016.09.08 21:30:00;CNY;2;PPI y/y;-1.7%;-1.0%;-0.8%;;;
2016.09.09 00:30:00;JPY;1;Tertiary Industry Activity m/m;0.7%;0.4%;0.3%;;0.8%;
2016.09.09 01:45:00;CHF;1;Unemployment Rate;3.3%;3.3%;3.4%;;;
2016.09.09 02:00:00;EUR;1;German Trade Balance;21.4B;21.2B;19.4B;;21.7B;
2016.09.09 02:45:00;EUR;1;French Gov Budget Balance;-61.8B;;-80.8B;;;
2016.09.09 02:45:00;EUR;1;French Industrial Production m/m;-0.7%;0.2%;-0.6%;;-0.8%;
2016.09.09 04:30:00;GBP;2;Goods Trade Balance;-12.9B;-11.7B;-11.8B;;-12.4B;
2016.09.09 04:30:00;GBP;1;Construction Output m/m;-1.0%;-1.0%;0.0%;;-0.9%;
2016.09.09 04:30:00;GBP;1;Consumer Inflation Expectations;2.0%;;2.2%;;;
2016.09.09 04:30:00;EUR;2;Eurogroup Meetings (All Day);;;;;;
2016.09.09 08:15:00;USD;2;FOMC Member Rosengren Speaks;;;;;;
2016.09.09 08:30:00;CAD;3;Employment Change;-31.2K;16.0K;26.2K;;;
2016.09.09 08:30:00;CAD;3;Unemployment Rate;6.9%;6.9%;7.0%;;;
2016.09.09 10:00:00;USD;1;Final Wholesale Inventories m/m;0.0%;0.1%;0.0%;;;
2016.09.10 00:00:00;EUR;2;ECOFIN Meetings (All Day);;;;;;
2016.09.11 19:50:00;JPY;1;Core Machinery Orders m/m;8.3%;-2.8%;4.9%;;;
2016.09.11 19:50:00;JPY;1;PPI y/y;-3.9%;-3.5%;-3.6%;;;
2016.09.12 01:58:00;JPY;1;Prelim Machine Tool Orders y/y;-19.7%;;-8.4%;;-19.6%;
2016.09.12 04:00:00;EUR;1;Italian Quarterly Unemployment Rate;11.6%;11.5%;11.5%;;;
2016.09.12 09:30:00;GBP;1;CB Leading Index m/m;-0.3%;;0.0%;;;
2016.09.12 13:01:00;USD;1;10-y Bond Auction;1.50|2.4;;1.70|2.4;;;
2016.09.12 13:15:00;USD;2;FOMC Member Brainard Speaks;;;;;;
2016.09.12 18:30:00;AUD;2;RBA Assist Gov Kent Speaks;;;;;;
2016.09.12 18:45:00;NZD;1;FPI m/m;-0.2%;;1.3%;;;
2016.09.12 19:50:00;JPY;2;BSI Manufacturing Index;-11.1;-6.5;2.9;;;
2016.09.12 21:30:00;AUD;2;NAB Business Confidence;4;;6;;;
2016.09.12 22:00:00;CNY;3;Industrial Production y/y;6.0%;6.2%;6.3%;;;
2016.09.12 22:00:00;CNY;2;Fixed Asset Investment ytd/y;8.1%;7.9%;8.1%;;;
2016.09.12 22:00:00;CNY;1;Retail Sales y/y;10.2%;10.2%;10.6%;;;
2016.09.13 02:00:00;EUR;1;German Final CPI m/m;0.0%;0.0%;0.0%;;;
2016.09.13 02:00:00;EUR;1;German WPI m/m;0.2%;0.1%;-0.7%;;;
2016.09.13 03:15:00;CHF;2;PPI m/m;-0.1%;-0.2%;-0.3%;;;
2016.09.13 03:59:00;CNY;1;Foreign Direct Investment ytd/y;4.3%;;4.5%;;;
2016.09.13 04:00:00;EUR;1;Italian Industrial Production m/m;-0.3%;0.2%;0.4%;;-0.4%;
2016.09.13 04:30:00;GBP;3;CPI y/y;0.6%;0.7%;0.6%;;;
2016.09.13 04:30:00;GBP;2;PPI Input m/m;3.1%;0.6%;0.2%;;3.3%;
2016.09.13 04:30:00;GBP;2;RPI y/y;1.9%;1.8%;1.8%;;;
2016.09.13 04:30:00;GBP;1;Core CPI y/y;1.3%;1.4%;1.3%;;;
2016.09.13 04:30:00;GBP;1;HPI y/y;9.7%;8.5%;8.3%;;8.7%;
2016.09.13 04:30:00;GBP;1;PPI Output m/m;0.3%;0.3%;0.1%;;;
2016.09.13 05:00:00;EUR;3;German ZEW Economic Sentiment;0.5;2.8;0.5;;;
2016.09.13 05:00:00;EUR;2;ZEW Economic Sentiment;4.6;6.7;5.4;;;
2016.09.13 05:00:00;EUR;1;Final Employment Change q/q;0.4%;0.2%;0.4%;;0.3%;
2016.09.13 06:00:00;USD;1;NFIB Small Business Index;94.6;94.9;94.4;;;
2016.09.13 06:45:00;EUR;3;ECB President Draghi Speaks;;;;;;
2016.09.13 13:01:00;USD;1;30-y Bond Auction;2.27|2.2;;2.48|2.1;;;
2016.09.13 14:00:00;USD;1;Federal Budget Balance;-112.8B;-98.0B;-107.1B;;;
2016.09.13 18:45:00;NZD;2;Current Account;1.18B;-0.30B;-0.95B;;1.31B;
2016.09.13 20:30:00;AUD;1;Westpac Consumer Sentiment;2.0%;;0.3%;;;
2016.09.14 00:33:00;JPY;1;Revised Industrial Production m/m;0.0%;0.0%;-0.4%;;;
2016.09.14 02:45:00;EUR;1;French Final CPI m/m;0.3%;0.3%;0.3%;;;
2016.09.14 04:00:00;CNY;1;M2 Money Supply y/y;10.2%;10.5%;11.4%;;;
2016.09.14 04:00:00;CNY;1;New Loans;464B;725B;949B;;;
2016.09.14 04:30:00;GBP;3;Average Earnings Index 3m/y;2.5%;2.1%;2.3%;;2.4%;
2016.09.14 04:30:00;GBP;3;Claimant Count Change;-3.6K;1.7K;2.4K;;-8.6K;
2016.09.14 04:30:00;GBP;2;Unemployment Rate;4.9%;4.9%;4.9%;;;
2016.09.14 05:00:00;CHF;1;Credit Suisse Economic Expectations;-2.8;;2.7;;;
2016.09.14 05:00:00;EUR;1;Industrial Production m/m;0.8%;-0.8%;-1.1%;;0.6%;
2016.09.14 05:33:00;EUR;1;German 30-y Bond Auction;0.45|1.5;;0.62|1.7;;;
2016.09.14 05:50:00;AUD;2;RBA Deputy Gov Debelle Speaks;;;;;;
2016.09.14 06:50:00;CAD;2;Gov Council Member Wilkins Speaks;;;;;;
2016.09.14 08:30:00;USD;2;Import Prices m/m;0.1%;-0.1%;-0.2%;;;
2016.09.14 10:30:00;USD;3;Crude Oil Inventories;-14.5M;2.8M;-0.6M;;;
2016.09.14 18:30:00;NZD;1;BusinessNZ Manufacturing Index;55.5;;55.1;;55.8;
2016.09.14 18:45:00;NZD;3;GDP q/q;0.9%;1.1%;0.9%;;0.7%;
2016.09.14 18:45:00;CNY;0;Bank Holiday (All Day);;;;;;
2016.09.14 21:00:00;AUD;1;MI Inflation Expectations;3.5%;;3.3%;;;
2016.09.14 21:30:00;AUD;3;Employment Change;26.2K;15.2K;-3.9K;;;
2016.09.14 21:30:00;AUD;3;Unemployment Rate;5.7%;5.7%;5.6%;;;
2016.09.14 21:30:00;AUD;1;New Motor Vehicle Sales m/m;-1.4%;;0.1%;;-1.3%;
2016.09.14 21:30:00;AUD;1;RBA Bulletin;;;;;;
2016.09.15 03:30:00;CHF;3;Libor Rate;-0.75%;-0.75%;-0.75%;;;
2016.09.15 03:30:00;CHF;3;SNB Monetary Policy Assessment;;;;;;
2016.09.15 04:30:00;GBP;3;Retail Sales m/m;1.9%;-0.4%;-0.2%;;1.4%;
2016.09.15 04:45:00;EUR;1;Spanish 10-y Bond Auction;1.10|2.1;;1.13|2.2;;;
2016.09.15 05:00:00;EUR;2;Final CPI y/y;0.2%;0.2%;0.2%;;;
2016.09.15 05:00:00;EUR;1;Final Core CPI y/y;0.8%;0.8%;0.8%;;;
2016.09.15 05:00:00;EUR;1;Trade Balance;23.8B;22.1B;20.0B;;23.4B;
2016.09.15 07:00:00;GBP;3;MPC Official Bank Rate Votes;0-9-0;0-0-9;0-0-9;;;
2016.09.15 07:00:00;GBP;3;Monetary Policy Summary;;;;;;
2016.09.15 07:00:00;GBP;3;Official Bank Rate;0.25%;0.25%;0.25%;;;
2016.09.15 07:00:00;GBP;2;Asset Purchase Facility;435B;435B;435B;;;
2016.09.15 07:00:00;GBP;2;MPC Asset Purchase Facility Votes;6-0-3;0-0-9;0-0-9;;;
2016.09.15 08:30:00;USD;3;Core Retail Sales m/m;-0.4%;0.3%;-0.1%;;-0.3%;
2016.09.15 08:30:00;USD;3;PPI m/m;-0.4%;0.1%;0.0%;;;
2016.09.15 08:30:00;USD;3;Philly Fed Manufacturing Index;2.0;1.1;12.8;;;
2016.09.15 08:30:00;USD;3;Retail Sales m/m;0.1%;-0.1%;-0.3%;;0.0%;
2016.09.15 08:30:00;USD;3;Unemployment Claims;259K;262K;260K;;;
2016.09.15 08:30:00;USD;2;Core PPI m/m;-0.3%;0.1%;0.1%;;;
2016.09.15 08:30:00;USD;2;Current Account;-132B;-120B;-120B;;-125B;
2016.09.15 08:30:00;USD;2;Empire State Manufacturing Index;-4.2;-0.9;-2.0;;;
2016.09.15 09:15:00;USD;2;Capacity Utilization Rate;75.9%;75.8%;75.5%;;;
2016.09.15 09:15:00;USD;2;Industrial Production m/m;0.6%;-0.2%;-0.4%;;0.7%;
2016.09.15 10:00:00;USD;1;Business Inventories m/m;0.2%;0.1%;0.0%;;;
2016.09.15 10:30:00;USD;1;Natural Gas Storage;36B;57B;62B;;;
2016.09.15 10:30:00;CNY;0;Bank Holiday (All Day);;;;;;
2016.09.16 04:00:00;EUR;1;Italian Trade Balance;4.66B;3.67B;7.80B;;;
2016.09.16 04:00:00;EUR;2;EU Economic Summit (All Day);;;;;;
2016.09.16 08:30:00;CAD;3;Manufacturing Sales m/m;0.8%;0.6%;0.1%;;;
2016.09.16 08:30:00;CAD;2;Foreign Securities Purchases;9.02B;10.12B;5.23B;;;
2016.09.16 08:30:00;USD;3;CPI m/m;0.0%;0.1%;0.2%;;;
2016.09.16 08:30:00;USD;3;Core CPI m/m;0.1%;0.2%;0.3%;;;
2016.09.16 10:00:00;USD;3;Prelim UoM Consumer Sentiment;89.8;91.0;89.8;;90.4;
2016.09.16 10:00:00;USD;1;Prelim UoM Inflation Expectations;2.5%;;2.3%;;;
2016.09.16 16:00:00;USD;1;TIC Long-Term Purchases;-0.5B;30.2B;103.9B;;-3.6B;
2016.09.18 18:00:00;NZD;1;Westpac Consumer Sentiment;106.0;;108.0;;;
2016.09.18 19:01:00;GBP;1;Rightmove HPI m/m;-1.2%;;0.7%;;;
2016.09.18 19:01:00;JPY;0;Bank Holiday (All Day);;;;;;
2016.09.19 04:00:00;EUR;1;Current Account;29.5B;27.2B;21.0B;;28.2B;
2016.09.19 06:00:00;EUR;1;German Buba Monthly Report;;;;;;
2016.09.19 10:00:00;USD;1;NAHB Housing Market Index;59;60;65;;60;
2016.09.19 10:30:00;AUD;1;CB Leading Index m/m;0.3%;;0.4%;;0.1%;
2016.09.19 21:30:00;AUD;3;Monetary Policy Meeting Minutes;;;;;;
2016.09.19 21:30:00;AUD;2;HPI q/q;-0.2%;3.1%;2.0%;;;
2016.09.20 01:45:00;CHF;1;SECO Economic Forecasts;;;;;;
2016.09.20 02:00:00;CHF;1;Trade Balance;2.81B;3.27B;3.02B;;2.93B;
2016.09.20 02:00:00;EUR;1;German PPI m/m;0.2%;0.1%;-0.1%;;;
2016.09.20 05:34:00;GBP;1;30-y Bond Auction;2.10|1.4;;1.53|1.9;;;
2016.09.20 08:30:00;USD;3;Building Permits;1.14M;1.17M;1.14M;;1.15M;
2016.09.20 08:30:00;USD;2;Housing Starts;1.21M;1.19M;1.14M;;;
2016.09.20 10:08:00;NZD;3;GDT Price Index;7.7%;;1.7%;;;
2016.09.20 12:50:00;CAD;3;BOC Gov Poloz Speaks;;;;;;
2016.09.20 18:45:00;NZD;1;Visitor Arrivals m/m;2.8%;;-1.9%;;2.9%;
2016.09.20 19:52:00;JPY;1;Trade Balance;0.34T;0.50T;0.41T;;0.32T;
2016.09.20 20:30:00;AUD;1;MI Leading Index m/m;0.1%;;0.0%;;;
2016.09.20 23:00:00;NZD;1;Credit Card Spending y/y;5.6%;;1.9%;;;
2016.09.21 00:18:00;JPY;3;BOJ Policy Rate;-0.10%;-0.20%;-0.10%;;;
2016.09.21 00:18:00;JPY;3;Monetary Policy Statement;;;;;;
2016.09.21 02:30:00;JPY;3;BOJ Press Conference;;;;;;
2016.09.21 04:30:00;GBP;2;Public Sector Net Borrowing;-2.4B;10.5B;10.1B;;-1.5B;
2016.09.21 07:00:00;GBP;1;BOE Quarterly Bulletin;;;;;;
2016.09.21 08:30:00;CAD;2;Wholesale Sales m/m;0.7%;0.3%;0.3%;;;
2016.09.21 09:00:00;CHF;1;SNB Quarterly Bulletin;;;;;;
2016.09.21 09:00:00;CNY;1;CB Leading Index m/m;0.6%;;0.9%;;0.7%;
2016.09.21 10:30:00;USD;3;Crude Oil Inventories;-0.6M;3.2M;-6.2M;;;
2016.09.21 14:00:00;USD;3;FOMC Economic Projections;;;;;;
2016.09.21 14:00:00;USD;3;FOMC Statement;;;;;;
2016.09.21 14:00:00;USD;3;Federal Funds Rate;<0.50%;<0.50%;<0.50%;;;
2016.09.21 14:30:00;USD;3;FOMC Press Conference;;;;;;
2016.09.21 17:00:00;NZD;3;Official Cash Rate;2.00%;2.00%;2.00%;;;
2016.09.21 17:00:00;NZD;3;RBNZ Rate Statement;;;;;;
2016.09.21 20:00:00;AUD;3;RBA Gov Lowe Speaks;;;;;;
2016.09.21 20:00:00;JPY;0;Bank Holiday (All Day);;;;;;
2016.09.22 04:00:00;EUR;1;ECB Economic Bulletin;;;;;;
2016.09.22 04:30:00;GBP;1;FPC Statement;;;;;;
2016.09.22 05:30:00;EUR;2;Long Term Refinancing Operation;399.3B;;45.3B;;;
2016.09.22 06:00:00;GBP;1;CBI Industrial Order Expectations;-5;-5;-5;;;
2016.09.22 08:00:00;GBP;2;MPC Member Forbes Speaks;;;;;;
2016.09.22 08:30:00;USD;3;Unemployment Claims;260K;261K;252K;;;
2016.09.22 09:00:00;EUR;3;ECB President Draghi Speaks;;;;;;
2016.09.22 09:00:00;USD;1;HPI m/m;0.3%;0.3%;0.5%;;0.2%;
2016.09.22 09:30:00;GBP;2;MPC Member Cunliffe Speaks;;;;;;
2016.09.22 10:00:00;EUR;1;Consumer Confidence;-9;-8;-8;;;
2016.09.22 10:00:00;USD;2;Existing Home Sales;5.38M;5.45M;5.33M;;5.39M;
2016.09.22 10:00:00;USD;1;CB Leading Index m/m;0.5%;0.0%;-0.2%;;0.4%;
2016.09.22 10:30:00;USD;1;Natural Gas Storage;62B;59B;52B;;;
2016.09.22 13:10:00;GBP;3;BOE Gov Carney Speaks;;;;;;
2016.09.22 20:30:00;JPY;1;Flash Manufacturing PMI;49.5;49.3;50.3;;49.6;
2016.09.23 00:30:00;JPY;1;All Industries Activity m/m;1.0%;0.2%;0.3%;;;
2016.09.23 03:00:00;EUR;2;French Flash Manufacturing PMI;48.3;48.4;49.5;;48.5;
2016.09.23 03:00:00;EUR;2;French Flash Services PMI;52.3;52.0;54.1;;52.0;
2016.09.23 03:30:00;EUR;2;German Flash Manufacturing PMI;53.6;53.2;54.3;;;
2016.09.23 03:30:00;EUR;2;German Flash Services PMI;51.7;52.2;50.6;;53.3;
2016.09.23 04:00:00;EUR;2;Flash Manufacturing PMI;51.7;51.5;52.6;;51.8;
2016.09.23 04:00:00;EUR;2;Flash Services PMI;52.8;52.8;52.1;;53.1;
2016.09.23 08:30:00;CAD;3;Core CPI m/m;0.0%;0.2%;0.0%;;;
2016.09.23 08:30:00;CAD;3;Core Retail Sales m/m;-0.6%;0.5%;-0.1%;;-0.8%;
2016.09.23 08:30:00;CAD;2;CPI m/m;-0.2%;0.1%;-0.2%;;;
2016.09.23 08:30:00;CAD;2;Retail Sales m/m;0.0%;0.2%;-0.1%;;-0.1%;
2016.09.23 09:00:00;EUR;1;Belgian NBB Business Climate;-3.1;-2.6;-2.2;;;
2016.09.23 09:45:00;USD;1;Flash Manufacturing PMI;52.0;52.1;51.4;;52.1;
2016.09.24 10:00:00;NZD;0;Daylight Saving Time Shift;;;;;;
2016.09.25 17:45:00;NZD;2;Trade Balance;-351M;-730M;-1265M;;-433M;
2016.09.26 01:36:00;JPY;3;BOJ Gov Kuroda Speaks;;;;;;
2016.09.26 04:00:00;EUR;3;German ifo Business Climate;106.3;106.3;109.5;;106.2;
2016.09.26 04:00:00;EUR;1;Italian Retail Sales m/m;0.3%;0.0%;-0.3%;;0.2%;
2016.09.26 04:30:00;GBP;1;High Street Lending;37.7K;37.2K;37.0K;;;
2016.09.26 05:30:00;CHF;3;SNB Chairman Jordan Speaks;;;;;;
2016.09.26 10:00:00;USD;2;New Home Sales;659K;598K;609K;;654K;
2016.09.26 10:05:00;EUR;3;ECB President Draghi Speaks;;;;;;
2016.09.26 11:45:00;USD;1;FOMC Member Tarullo Speaks;;;;;;
2016.09.26 19:10:00;CAD;3;BOC Gov Poloz Speaks;;;;;;
2016.09.26 19:50:00;JPY;1;Monetary Policy Meeting Minutes;;;;;;
2016.09.26 19:50:00;JPY;1;SPPI y/y;0.3%;0.3%;0.2%;;0.4%;
2016.09.27 02:00:00;EUR;1;German Import Prices m/m;0.1%;-0.1%;-0.2%;;;
2016.09.27 04:00:00;EUR;2;M3 Money Supply y/y;4.9%;4.9%;5.1%;;4.8%;
2016.09.27 04:00:00;EUR;1;Private Loans y/y;1.8%;1.9%;1.8%;;;
2016.09.27 06:00:00;GBP;1;CBI Realized Sales;9;8;-8;;;
2016.09.27 09:00:00;USD;1;SP/CS Composite-20 HPI y/y;5.1%;5.0%;5.0%;;;
2016.09.27 09:45:00;USD;1;Flash Services PMI;51.0;51.1;51.9;;50.9;
2016.09.27 09:59:00;USD;1;Richmond Manufacturing Index;-11;-2;-8;;;
2016.09.27 10:00:00;USD;3;CB Consumer Confidence;101.8;98.6;104.1;;101.1;
2016.09.27 11:15:00;USD;2;FOMC Member Fischer Speaks;;;;;;
2016.09.27 20:20:00;AUD;2;RBA Assist Gov Edey Speaks;;;;;;
2016.09.28 02:00:00;CHF;1;UBS Consumption Indicator;1.45;;1.53;;1.32;
2016.09.28 02:00:00;EUR;1;German GfK Consumer Climate;10.2;10.2;10.0;;;
2016.09.28 04:05:00;GBP;2;MPC Member Shafik Speaks;;;;;;
2016.09.28 08:30:00;USD;3;Core Durable Goods Orders m/m;1.3%;-0.5%;-0.4%;;1.5%;
2016.09.28 08:30:00;USD;2;Durable Goods Orders m/m;3.6%;-1.0%;0.0%;;4.4%;
2016.09.28 09:30:00;EUR;3;ECB President Draghi Speaks;;;;;;
2016.09.28 10:00:00;USD;3;Fed Chair Yellen Testifies;;;;;;
2016.09.28 10:10:00;USD;2;FOMC Member Bullard Speaks;;;;;;
2016.09.28 10:30:00;USD;3;Crude Oil Inventories;-6.2M;2.4M;-1.9M;;;
2016.09.28 16:00:00;All;2;OPEC Meetings;;;;;;
2016.09.28 16:35:00;USD;2;FOMC Member Mester Speaks;;;;;;
2016.09.28 19:50:00;JPY;1;Retail Sales y/y;-0.2%;-1.7%;-2.1%;;;
2016.09.28 20:00:00;USD;2;FOMC Member George Speaks;;;;;;
2016.09.29 00:00:00;EUR;2;German Prelim CPI m/m (All Day);0.0%;0.0%;0.1%;;;
2016.09.29 02:35:00;JPY;3;BOJ Gov Kuroda Speaks;;;;;;
2016.09.29 03:00:00;EUR;2;Spanish Flash CPI y/y;-0.1%;0.1%;0.3%;;;
2016.09.29 03:55:00;EUR;2;German Unemployment Change;-6K;-5K;1K;;-7K;
2016.09.29 04:30:00;GBP;2;Net Lending to Individuals m/m;3.8B;4.0B;4.5B;;;
2016.09.29 04:30:00;GBP;1;M4 Money Supply m/m;1.2%;0.8%;0.9%;;;
2016.09.29 04:30:00;GBP;1;Mortgage Approvals;61K;60K;60K;;;
2016.09.29 05:15:00;EUR;1;Italian 10-y Bond Auction;1.14|1.4;;1.21|1.4;;;
2016.09.29 08:30:00;USD;3;Final GDP q/q;1.1%;1.3%;1.4%;;;
2016.09.29 08:30:00;USD;3;Unemployment Claims;251K;260K;254K;;252K;
2016.09.29 08:30:00;USD;1;Final GDP Price Index q/q;2.3%;2.3%;2.3%;;;
2016.09.29 08:30:00;USD;1;Goods Trade Balance;-58.8B;-62.6B;-58.4B;;-59.3B;
2016.09.29 08:30:00;USD;1;Prelim Wholesale Inventories m/m;0.0%;0.0%;-0.1%;;;
2016.09.29 09:00:00;GBP;2;MPC Member Forbes Speaks;;;;;;
2016.09.29 10:00:00;USD;2;FOMC Member Powell Speaks;;;;;;
2016.09.29 10:00:00;USD;2;Pending Home Sales m/m;1.2%;-0.1%;-2.4%;;1.3%;
2016.09.29 10:30:00;USD;1;Natural Gas Storage;52B;57B;49B;;;
2016.09.29 16:00:00;USD;3;Fed Chair Yellen Speaks;;;;;;
2016.09.29 17:45:00;NZD;1;Building Consents m/m;-8.1%;;-1.0%;;-10.5%;
2016.09.29 19:01:00;GBP;1;GfK Consumer Confidence;-7;-5;-1;;;
2016.09.29 19:30:00;JPY;2;Household Spending y/y;-0.5%;-2.1%;-4.6%;;;
2016.09.29 19:30:00;JPY;2;Tokyo Core CPI y/y;-0.4%;-0.4%;-0.5%;;;
2016.09.29 19:30:00;JPY;1;National Core CPI y/y;-0.5%;-0.4%;-0.5%;;;
2016.09.29 19:30:00;JPY;1;Unemployment Rate;3.0%;3.0%;3.1%;;;
2016.09.29 19:50:00;JPY;1;BOJ Summary of Opinions;;;;;;
2016.09.29 19:50:00;JPY;1;Prelim Industrial Production m/m;-0.4%;0.5%;1.5%;;0.0%;
2016.09.29 20:00:00;JPY;3;BOJ Gov Kuroda Speaks;;;;;;
2016.09.29 20:00:00;NZD;2;Final ANZ Business Confidence;15.5;;27.9;;;
2016.09.29 21:00:00;AUD;1;HIA New Home Sales m/m;-9.7%;;6.1%;;;
2016.09.29 21:30:00;AUD;1;Private Sector Credit m/m;0.4%;0.5%;0.4%;;;
2016.09.29 21:45:00;CNY;3;Caixin Manufacturing PMI;50.0;50.1;50.1;;;
2016.09.30 01:00:00;JPY;1;BOJ Core CPI y/y;0.5%;0.6%;0.4%;;;
2016.09.30 01:00:00;JPY;1;Housing Starts y/y;8.9%;7.3%;2.5%;;;
2016.09.30 02:00:00;EUR;2;German Retail Sales m/m;0.5%;-0.2%;-0.4%;;1.7%;
2016.09.30 02:00:00;GBP;1;Nationwide HPI m/m;0.6%;0.3%;0.3%;;;
2016.09.30 02:45:00;EUR;1;French Consumer Spending m/m;-0.3%;0.4%;0.7%;;-0.2%;
2016.09.30 02:45:00;EUR;1;French Prelim CPI m/m;0.3%;-0.3%;-0.2%;;;
2016.09.30 03:00:00;CHF;2;KOF Economic Barometer;99.7;100.5;101.3;;99.8;
2016.09.30 04:00:00;EUR;1;Italian Monthly Unemployment Rate;11.4%;11.4%;11.4%;;;
2016.09.30 04:30:00;GBP;3;Current Account;-27.0B;-30.5B;-28.7B;;-32.6B;
2016.09.30 04:30:00;GBP;2;Final GDP q/q;0.6%;0.6%;0.7%;;;
2016.09.30 04:30:00;GBP;1;Index of Services 3m/3m;0.6%;0.3%;0.6%;;0.5%;
2016.09.30 04:30:00;GBP;1;Revised Business Investment q/q;0.5%;0.5%;1.0%;;;
2016.09.30 05:00:00;EUR;2;CPI Flash Estimate y/y;0.2%;0.4%;0.4%;;;
2016.09.30 05:00:00;EUR;2;Core CPI Flash Estimate y/y;0.8%;0.9%;0.8%;;;
2016.09.30 05:00:00;EUR;1;Italian Prelim CPI m/m;0.2%;-0.3%;-0.2%;;;
2016.09.30 05:00:00;EUR;1;Unemployment Rate;10.1%;10.0%;10.1%;;;
2016.09.30 08:30:00;CAD;3;GDP m/m;0.6%;0.3%;0.5%;;;
2016.09.30 08:30:00;CAD;2;RMPI m/m;-2.7%;-1.0%;-0.7%;;;
2016.09.30 08:30:00;CAD;1;IPPI m/m;0.2%;-0.1%;-0.5%;;;
2016.09.30 08:30:00;USD;2;Core PCE Price Index m/m;0.1%;0.2%;0.2%;;;
2016.09.30 08:30:00;USD;2;Personal Spending m/m;0.4%;0.2%;0.0%;;0.3%;
2016.09.30 08:30:00;USD;1;Personal Income m/m;0.4%;0.2%;0.2%;;;
2016.09.30 09:45:00;USD;2;Chicago PMI;51.5;52.1;54.2;;;
2016.09.30 10:00:00;USD;2;Revised UoM Consumer Sentiment;89.8;90.1;91.2;;;
2016.09.30 10:00:00;USD;1;Revised UoM Inflation Expectations;2.3%;;2.4%;;;
2016.09.30 21:00:00;CNY;3;Manufacturing PMI;50.4;50.5;50.4;;;
2016.09.30 21:00:00;CNY;2;Non-Manufacturing PMI;53.5;;53.7;;;
