2017.03.01 00:30:00;AUD;1;Commodity Prices y/y;57.1%;;56.0%;;55.7%;
2017.03.01 02:00:00;CHF;1;UBS Consumption Indicator;1.38;;1.43;;1.50;
2017.03.01 02:00:00;GBP;1;Nationwide HPI m/m;0.2%;0.2%;0.6%;;;
2017.03.01 02:00:00;EUR;2;German Prelim CPI m/m (All Day);-0.6%;0.6%;0.6%;;;
2017.03.01 03:15:00;EUR;2;Spanish Manufacturing PMI;55.6;55.9;54.8;;;
2017.03.01 03:30:00;CHF;1;Manufacturing PMI;54.6;55.5;57.8;;;
2017.03.01 03:45:00;EUR;1;Italian Manufacturing PMI;53.0;53.6;55.0;;;
2017.03.01 03:50:00;EUR;1;French Final Manufacturing PMI;52.3;52.3;52.2;;;
2017.03.01 03:55:00;EUR;2;German Unemployment Change;-25K;-10K;-14K;;-26K;
2017.03.01 03:55:00;EUR;1;German Final Manufacturing PMI;57.0;57.0;56.8;;;
2017.03.01 04:00:00;EUR;1;Final Manufacturing PMI;55.5;55.5;55.4;;;
2017.03.01 04:30:00;GBP;3;Final Manufacturing PMI;55.7;55.7;54.6;;55.9;
2017.03.01 04:30:00;GBP;2;Net Lending to Individuals m/m;4.7B;4.0B;4.8B;;4.8B;
2017.03.01 04:30:00;GBP;1;M4 Money Supply m/m;-0.5%;-0.1%;0.9%;;;
2017.03.01 04:30:00;GBP;1;Mortgage Approvals;68K;69K;70K;;;
2017.03.01 05:33:00;EUR;1;German 10-y Bond Auction;0.33|2.2;;0.25|1.3;;;
2017.03.01 08:30:00;CAD;2;Current Account;-19.7B;-9.6B;-10.7B;;-18.3B;
2017.03.01 08:30:00;USD;2;Core PCE Price Index m/m;0.1%;0.3%;0.3%;;;
2017.03.01 08:30:00;USD;2;Personal Spending m/m;0.5%;0.3%;0.2%;;;
2017.03.01 08:30:00;USD;1;Personal Income m/m;0.3%;0.3%;0.4%;;;
2017.03.01 09:30:00;CAD;1;Manufacturing PMI;53.5;;54.7;;;
2017.03.01 09:45:00;USD;1;Final Manufacturing PMI;54.3;54.4;54.2;;;
2017.03.01 10:00:00;CAD;3;BOC Rate Statement;;;;;;
2017.03.01 10:00:00;CAD;3;Overnight Rate;0.50%;0.50%;0.50%;;;
2017.03.01 10:00:00;USD;3;ISM Manufacturing PMI;56.0;56.2;57.7;;;
2017.03.01 10:00:00;USD;1;Construction Spending m/m;0.1%;0.7%;-1.0%;;-0.2%;
2017.03.01 10:00:00;USD;1;ISM Manufacturing Prices;69.0;68.5;68.0;;;
2017.03.01 10:00:00;USD;1;Wards Total Vehicle Sales (All Day);17.3M;17.7M;17.5M;;17.5M;
2017.03.01 10:30:00;USD;3;Crude Oil Inventories;0.6M;1.5M;1.5M;;;
2017.03.01 10:30:00;USD;1;Total Vehicle Sales (All Day);17.6M;17.7M;17.6M;;;
2017.03.01 13:00:00;USD;2;FOMC Member Kaplan Speaks;;;;;;
2017.03.01 14:00:00;USD;1;Beige Book;;;;;;
2017.03.01 15:00:00;NZD;3;RBNZ Gov Wheeler Speaks;;;;;;
2017.03.01 18:00:00;USD;2;FOMC Member Brainard Speaks;;;;;;
2017.03.01 18:50:00;JPY;1;Monetary Base y/y;22.6%;23.2%;21.4%;;;
2017.03.01 19:30:00;AUD;2;Building Approvals m/m;-2.5%;-0.1%;1.8%;;-1.2%;
2017.03.01 19:30:00;AUD;2;Trade Balance;3.33B;3.82B;1.30B;;3.51B;
2017.03.01 22:45:00;JPY;1;10-y Bond Auction;0.09|3.6;;0.08|3.7;;;
2017.03.02 01:45:00;CHF;1;GDP q/q;0.1%;0.5%;0.1%;;0.0%;
2017.03.02 02:00:00;EUR;1;German Import Prices m/m;1.9%;0.5%;0.9%;;;
2017.03.02 03:00:00;EUR;2;Spanish Unemployment Change;57.3K;5.2K;-9.4K;;;
2017.03.02 03:15:00;CHF;1;Retail Sales y/y;-4.1%;-2.0%;-1.4%;;-3.5%;
2017.03.02 04:00:00;EUR;1;Italian Monthly Unemployment Rate;11.9%;12.0%;11.9%;;12.0%;
2017.03.02 04:30:00;GBP;3;Construction PMI;52.2;52.2;52.5;;;
2017.03.02 04:44:00;EUR;1;Spanish 10-y Bond Auction;1.73|3.0;;1.68|1.4;;;
2017.03.02 04:59:00;EUR;1;French 10-y Bond Auction;1.07|2.1;;0.91|2.8;;;
2017.03.02 05:00:00;EUR;2;CPI Flash Estimate y/y;1.8%;1.8%;2.0%;;;
2017.03.02 05:00:00;EUR;2;Core CPI Flash Estimate y/y;0.9%;0.9%;0.9%;;;
2017.03.02 05:00:00;EUR;1;PPI m/m;0.8%;0.5%;0.7%;;0.7%;
2017.03.02 05:00:00;EUR;1;Unemployment Rate;9.6%;9.6%;9.6%;;;
2017.03.02 08:30:00;CAD;3;GDP m/m;0.5%;0.3%;0.3%;;0.4%;
2017.03.02 08:30:00;USD;3;Unemployment Claims;242K;243K;223K;;244K;
2017.03.02 10:30:00;USD;1;Natural Gas Storage;-89B;-5B;7B;;;
2017.03.02 13:00:00;CAD;2;Gov Council Member Lane Speaks;;;;;;
2017.03.02 17:30:00;AUD;1;AIG Services Index;54.5;;49.0;;;
2017.03.02 18:30:00;JPY;2;Household Spending y/y;-0.3%;-0.3%;-1.2%;;;
2017.03.02 18:30:00;JPY;1;National Core CPI y/y;-0.2%;0.0%;0.1%;;;
2017.03.02 18:30:00;JPY;1;Tokyo Core CPI y/y;-0.3%;0.2%;-0.3%;;;
2017.03.02 18:30:00;JPY;1;Unemployment Rate;3.1%;3.0%;3.0%;;;
2017.03.02 19:00:00;NZD;1;ANZ Commodity Prices m/m;-0.1%;;2.0%;;;
2017.03.02 20:45:00;CNY;1;Caixin Services PMI;53.1;53.3;52.6;;;
2017.03.03 00:00:00;JPY;1;Consumer Confidence;43.2;43.7;43.1;;;
2017.03.03 02:00:00;EUR;2;German Retail Sales m/m;0.0%;0.2%;-0.8%;;-0.9%;
2017.03.03 03:15:00;EUR;1;Spanish Services PMI;54.2;55.1;57.7;;;
2017.03.03 03:45:00;EUR;1;Italian Services PMI;52.4;53.1;54.1;;;
2017.03.03 03:50:00;EUR;1;French Final Services PMI;56.7;56.7;56.4;;;
2017.03.03 03:55:00;EUR;1;German Final Services PMI;54.4;54.4;54.4;;;
2017.03.03 04:00:00;EUR;1;Final Services PMI;55.6;55.6;55.5;;;
2017.03.03 04:30:00;GBP;3;Final Services PMI;54.5;54.2;53.3;;;
2017.03.03 05:00:00;EUR;1;Retail Sales m/m;-0.5%;0.3%;-0.1%;;-0.3%;
2017.03.03 09:45:00;USD;1;Final Services PMI;53.9;53.9;53.8;;;
2017.03.03 10:00:00;USD;3;ISM Services PMI;56.5;56.5;57.6;;;
2017.03.03 10:15:00;USD;2;FOMC Member Evans Speaks;;;;;;
2017.03.03 12:15:00;USD;2;FOMC Member Powell Speaks;;;;;;
2017.03.03 13:00:00;USD;3;Fed Chair Yellen Speaks;;;;;;
2017.03.03 13:00:00;USD;2;FOMC Member Fischer Speaks;;;;;;
2017.03.05 16:45:00;NZD;1;Building Consents m/m;-7.9%;;0.8%;;-7.2%;
2017.03.05 19:00:00;AUD;1;MI Inflation Gauge m/m;0.6%;;-0.3%;;;
2017.03.05 19:30:00;AUD;3;Retail Sales m/m;-0.1%;0.4%;0.4%;;;
2017.03.05 19:30:00;AUD;1;ANZ Job Advertisements m/m;3.9%;;-0.7%;;4.0%;
2017.03.06 04:10:00;EUR;1;Retail PMI;50.1;;49.9;;;
2017.03.06 04:30:00;EUR;1;Sentix Investor Confidence;17.4;18.8;20.7;;;
2017.03.06 06:30:00;GBP;2;MPC Member Hogg Speaks;;;;;;
2017.03.06 10:00:00;USD;2;Factory Orders m/m;1.3%;1.1%;1.2%;;;
2017.03.06 15:00:00;USD;2;FOMC Member Kashkari Speaks;;;;;;
2017.03.06 17:30:00;AUD;1;AIG Construction Index;47.7;;53.1;;;
2017.03.06 19:01:00;GBP;1;BRC Retail Sales Monitor y/y;-0.6%;;-0.4%;;;
2017.03.06 22:30:00;AUD;3;Cash Rate;1.50%;1.50%;1.50%;;;
2017.03.06 22:30:00;AUD;3;RBA Rate Statement;;;;;;
2017.03.06 22:45:00;JPY;1;30-y Bond Auction;0.91|3.2;;0.82|3.1;;;
2017.03.07 00:00:00;JPY;1;BOJ Core CPI y/y;0.1%;0.2%;0.2%;;;
2017.03.07 02:00:00;EUR;2;German Factory Orders m/m;5.2%;-2.5%;-7.4%;;;
2017.03.07 02:45:00;EUR;1;French Gov Budget Balance;-69.0B;;-5.4B;;;
2017.03.07 03:00:00;CHF;1;Foreign Currency Reserves;644B;;668B;;;
2017.03.07 03:30:00;GBP;2;Halifax HPI m/m;-1.1%;0.4%;0.1%;;-0.9%;
2017.03.07 05:00:00;EUR;1;Revised GDP q/q;0.4%;0.4%;0.4%;;;
2017.03.07 08:30:00;CAD;3;Trade Balance;0.4B;0.2B;0.8B;;0.9B;
2017.03.07 08:30:00;USD;2;Trade Balance;-44.3B;-47.0B;-48.5B;;;
2017.03.07 08:43:00;NZD;3;GDT Price Index;-3.2%;;-6.3%;;;
2017.03.07 10:00:00;CAD;2;Ivey PMI;57.2;58.9;55.0;;;
2017.03.07 10:00:00;USD;1;IBD/TIPP Economic Optimism;56.4;57.1;55.3;;;
2017.03.07 15:00:00;USD;1;Consumer Credit m/m;14.8B;19.1B;8.8B;;14.2B;
2017.03.07 16:45:00;NZD;1;Manufacturing Sales q/q;1.1%;;0.8%;;0.4%;
2017.03.07 18:50:00;JPY;2;Final GDP q/q;0.2%;0.4%;0.3%;;;
2017.03.07 18:50:00;JPY;1;Bank Lending y/y;2.5%;2.7%;2.8%;;;
2017.03.07 18:50:00;JPY;1;Current Account;1.66T;1.46T;1.26T;;1.67T;
2017.03.07 18:50:00;JPY;1;Final GDP Price Index y/y;-0.1%;-0.1%;-0.1%;;;
2017.03.07 22:36:00;CNY;3;Trade Balance;355B;173B;-60B;;;
2017.03.08 00:00:00;JPY;1;Leading Indicators;104.8%;105.4%;105.5%;;105.2%;
2017.03.08 01:00:00;JPY;1;Economy Watchers Sentiment;49.8;49.9;48.6;;;
2017.03.08 01:51:00;CNY;1;USD-Denominated Trade Balance;51.4B;27.8B;-9.1B;;;
2017.03.08 02:00:00;EUR;1;German Industrial Production m/m;-2.4%;2.6%;2.8%;;-3.0%;
2017.03.08 02:45:00;EUR;1;French Trade Balance;-3.6B;-3.7B;-7.9B;;-3.4B;
2017.03.08 03:15:00;CHF;1;CPI m/m;0.0%;0.2%;0.5%;;;
2017.03.08 07:30:00;GBP;3;Annual Budget Release;;;;;;
2017.03.08 08:15:00;CAD;1;Housing Starts;209K;205K;210K;;207K;
2017.03.08 08:15:00;USD;3;ADP Non-Farm Employment Change;261K;184K;298K;;246K;
2017.03.08 08:30:00;CAD;2;Building Permits m/m;-4.4%;3.1%;5.4%;;-6.6%;
2017.03.08 08:30:00;CAD;2;Labor Productivity q/q;1.2%;0.4%;0.4%;;;
2017.03.08 08:30:00;USD;2;Revised Nonfarm Productivity q/q;1.3%;1.5%;1.3%;;;
2017.03.08 08:30:00;USD;1;Revised Unit Labor Costs q/q;1.7%;1.6%;1.7%;;;
2017.03.08 10:00:00;USD;1;Final Wholesale Inventories m/m;-0.1%;-0.1%;-0.2%;;;
2017.03.08 10:30:00;USD;3;Crude Oil Inventories;1.5M;1.1M;8.2M;;;
2017.03.08 13:01:00;USD;2;10-y Bond Auction;2.33|2.3;;2.56|2.7;;;
2017.03.08 18:50:00;JPY;1;M2 Money Stock y/y;4.0%;4.2%;4.2%;;4.1%;
2017.03.08 19:00:00;JPY;1;Average Cash Earnings y/y;0.5%;0.3%;0.5%;;0.1%;
2017.03.08 19:01:00;GBP;1;RICS House Price Balance;24%;23%;24%;;25%;
2017.03.08 20:30:00;CNY;3;CPI y/y;2.5%;1.9%;0.8%;;;
2017.03.08 20:30:00;CNY;2;PPI y/y;6.9%;7.6%;7.8%;;;
2017.03.09 00:59:00;JPY;1;Prelim Machine Tool Orders y/y;3.5%;;9.1%;;;
2017.03.09 01:30:00;EUR;1;French Final Private Payrolls q/q;0.4%;0.4%;0.4%;;;
2017.03.09 01:45:00;CHF;1;Unemployment Rate;3.3%;3.3%;3.3%;;;
2017.03.09 04:00:00;CNY;1;M2 Money Supply y/y;11.3%;11.4%;11.1%;;;
2017.03.09 04:00:00;CNY;1;New Loans;2030B;925B;1170B;;;
2017.03.09 04:00:00;EUR;2;ECOFIN Meetings (Day 1);;;;;;
2017.03.09 07:30:00;USD;1;Challenger Job Cuts y/y;-38.8%;;-40.0%;;;
2017.03.09 07:45:00;EUR;3;Main Refinancing Rate;0.00%;0.00%;0.00%;;;
2017.03.09 07:45:00;EUR;3;Monetary Policy Statement;;;;;;
2017.03.09 08:30:00;CAD;2;NHPI m/m;0.1%;0.1%;0.1%;;;
2017.03.09 08:30:00;CAD;1;Capacity Utilization Rate;81.6%;82.6%;82.2%;;81.9%;
2017.03.09 08:30:00;EUR;3;ECB Press Conference;;;;;;
2017.03.09 08:30:00;USD;3;Unemployment Claims;223K;239K;243K;;;
2017.03.09 08:30:00;USD;2;Import Prices m/m;0.6%;0.1%;0.2%;;0.4%;
2017.03.09 10:30:00;USD;1;Natural Gas Storage;7B;-59B;-68B;;;
2017.03.09 13:01:00;USD;2;30-y Bond Auction;3.01|2.2;;3.17|2.3;;;
2017.03.09 18:50:00;JPY;2;BSI Manufacturing Index;7.5;8.4;1.1;;;
2017.03.09 19:30:00;AUD;1;Home Loans m/m;0.2%;-0.9%;0.5%;;0.4%;
2017.03.10 02:00:00;EUR;1;German Trade Balance;18.3B;19.2B;18.5B;;18.4B;
2017.03.10 02:00:00;EUR;1;German WPI m/m;0.8%;0.3%;0.5%;;;
2017.03.10 02:45:00;EUR;1;French Industrial Production m/m;-1.1%;0.6%;-0.3%;;-0.9%;
2017.03.10 04:00:00;EUR;1;Italian Quarterly Unemployment Rate;11.6%;11.6%;11.9%;;;
2017.03.10 04:30:00;GBP;3;Manufacturing Production m/m;2.2%;-0.6%;-0.9%;;2.1%;
2017.03.10 04:30:00;GBP;2;Goods Trade Balance;-10.9B;-11.1B;-10.8B;;;
2017.03.10 04:30:00;GBP;1;Construction Output m/m;1.8%;-0.3%;-0.4%;;;
2017.03.10 04:30:00;GBP;1;Consumer Inflation Expectations;2.8%;;2.9%;;;
2017.03.10 04:30:00;GBP;1;Industrial Production m/m;0.9%;-0.4%;-0.4%;;1.1%;
2017.03.10 04:30:00;EUR;2;ECOFIN Meetings (Day 2);;;;;;
2017.03.10 08:05:00;GBP;1;NIESR GDP Estimate;0.8%;;0.6%;;0.7%;
2017.03.10 08:30:00;CAD;3;Employment Change;48.3K;0.6K;15.3K;;;
2017.03.10 08:30:00;CAD;3;Unemployment Rate;6.8%;6.8%;6.6%;;;
2017.03.10 08:30:00;USD;3;Average Hourly Earnings m/m;0.2%;0.3%;0.2%;;0.1%;
2017.03.10 08:30:00;USD;3;Non-Farm Employment Change;238K;196K;235K;;227K;
2017.03.10 08:30:00;USD;3;Unemployment Rate;4.8%;4.7%;4.7%;;;
2017.03.10 14:00:00;USD;1;Federal Budget Balance;51.3B;-175.0B;-192.0B;;;
2017.03.12 03:00:00;CAD;0;Daylight Saving Time Shift;;;;;;
2017.03.12 03:00:00;USD;0;Daylight Saving Time Shift;;;;;;
2017.03.12 17:45:00;NZD;1;FPI m/m;2.8%;;0.2%;;;
2017.03.12 19:50:00;JPY;1;Core Machinery Orders m/m;6.7%;0.0%;-3.2%;;;
2017.03.12 19:50:00;JPY;1;PPI y/y;0.5%;1.0%;1.0%;;;
2017.03.13 00:30:00;JPY;1;Tertiary Industry Activity m/m;-0.3%;0.2%;0.0%;;-0.4%;
2017.03.13 05:00:00;EUR;1;Italian Industrial Production m/m;1.4%;-0.6%;-2.3%;;;
2017.03.13 09:30:00;EUR;3;ECB President Draghi Speaks;;;;;;
2017.03.13 20:30:00;AUD;1;NAB Business Confidence;10;;7;;;
2017.03.13 22:00:00;CNY;3;Industrial Production y/y;6.0%;6.2%;6.3%;;;
2017.03.13 22:00:00;CNY;2;Fixed Asset Investment ytd/y;8.1%;8.2%;8.9%;;;
2017.03.13 22:00:00;CNY;1;Retail Sales y/y;10.9%;10.5%;9.5%;;;
2017.03.14 03:00:00;EUR;1;German Final CPI m/m;0.6%;0.6%;0.6%;;;
2017.03.14 06:00:00;EUR;2;German ZEW Economic Sentiment;10.4;13.2;12.8;;;
2017.03.14 06:00:00;EUR;1;Industrial Production m/m;-1.2%;1.2%;0.9%;;-1.6%;
2017.03.14 06:00:00;EUR;1;ZEW Economic Sentiment;17.1;19.3;25.6;;;
2017.03.14 06:00:00;USD;1;NFIB Small Business Index;105.9;106.1;105.3;;;
2017.03.14 06:33:00;GBP;1;10-y Bond Auction;1.18|2.3;;1.31|2.2;;;
2017.03.14 08:30:00;USD;3;PPI m/m;0.6%;0.1%;0.3%;;;
2017.03.14 08:30:00;USD;2;Core PPI m/m;0.4%;0.2%;0.3%;;;
2017.03.14 09:30:00;GBP;1;CB Leading Index m/m;0.1%;;0.4%;;0.0%;
2017.03.14 17:45:00;NZD;2;Current Account;-5.03B;-2.43B;-2.34B;;-4.89B;
2017.03.14 19:30:00;AUD;1;Westpac Consumer Sentiment;2.3%;;0.1%;;;
2017.03.14 20:30:00;AUD;1;New Motor Vehicle Sales m/m;0.5%;;-2.7%;;0.6%;
2017.03.15 00:30:00;JPY;1;Revised Industrial Production m/m;-0.8%;-0.8%;-0.4%;;;
2017.03.15 03:45:00;EUR;1;French Final CPI m/m;0.1%;0.1%;0.1%;;;
2017.03.15 04:15:00;CHF;2;PPI m/m;0.4%;0.4%;-0.2%;;;
2017.03.15 04:15:00;EUR;3;Dutch Parliamentary Election (All Day);;;;;;
2017.03.15 05:00:00;EUR;1;Italian Retail Sales m/m;-0.5%;0.1%;1.4%;;;
2017.03.15 05:30:00;GBP;3;Average Earnings Index 3m/y;2.6%;2.4%;2.2%;;;
2017.03.15 05:30:00;GBP;3;Claimant Count Change;-41.4K;3.2K;-11.3K;;-42.4K;
2017.03.15 05:30:00;GBP;2;Unemployment Rate;4.8%;4.8%;4.7%;;;
2017.03.15 06:00:00;EUR;1;Final Employment Change q/q;0.2%;0.2%;0.3%;;;
2017.03.15 06:36:00;EUR;1;German 30-y Bond Auction;1.04|1.3;;1.18|1.4;;;
2017.03.15 08:30:00;USD;3;CPI m/m;0.6%;0.0%;0.1%;;;
2017.03.15 08:30:00;USD;3;Core CPI m/m;0.3%;0.2%;0.2%;;;
2017.03.15 08:30:00;USD;3;Core Retail Sales m/m;1.2%;0.1%;0.2%;;0.8%;
2017.03.15 08:30:00;USD;3;Retail Sales m/m;0.6%;0.2%;0.1%;;0.4%;
2017.03.15 08:30:00;USD;2;Empire State Manufacturing Index;18.7;15.3;16.4;;;
2017.03.15 10:00:00;USD;1;Business Inventories m/m;0.4%;0.3%;0.3%;;;
2017.03.15 10:00:00;USD;1;NAHB Housing Market Index;65;65;71;;;
2017.03.15 10:30:00;USD;3;Crude Oil Inventories;8.2M;3.3M;-0.2M;;;
2017.03.15 14:00:00;USD;3;FOMC Economic Projections;;;;;;
2017.03.15 14:00:00;USD;3;FOMC Statement;;;;;;
2017.03.15 14:00:00;USD;3;Federal Funds Rate;<0.75%;<1.00%;<1.00%;;;
2017.03.15 14:20:00;USD;3;President Trump Speaks;;;;;;
2017.03.15 14:30:00;USD;3;FOMC Press Conference;;;;;;
2017.03.15 16:00:00;USD;1;TIC Long-Term Purchases;-12.9B;13.4B;6.3B;;;
2017.03.15 17:45:00;NZD;3;GDP q/q;0.8%;0.7%;0.4%;;1.1%;
2017.03.15 20:00:00;AUD;1;MI Inflation Expectations;4.1%;;4.0%;;;
2017.03.15 20:30:00;AUD;3;Employment Change;13.5K;16.3K;-6.4K;;;
2017.03.15 20:30:00;AUD;3;Unemployment Rate;5.7%;5.7%;5.9%;;;
2017.03.15 20:30:00;AUD;1;RBA Bulletin;;;;;;
2017.03.15 22:54:00;JPY;3;BOJ Policy Rate;-0.10%;-0.10%;-0.10%;;;
2017.03.15 22:54:00;JPY;2;Monetary Policy Statement;;;;;;
2017.03.16 02:30:00;JPY;3;BOJ Press Conference;;;;;;
2017.03.16 04:30:00;CHF;3;Libor Rate;-0.75%;-0.75%;-0.75%;;;
2017.03.16 04:30:00;CHF;3;SNB Monetary Policy Assessment;;;;;;
2017.03.16 05:46:00;EUR;1;Spanish 10-y Bond Auction;1.68|1.4;;1.94|1.3;;;
2017.03.16 06:00:00;EUR;2;Final CPI y/y;2.0%;2.0%;2.0%;;;
2017.03.16 06:00:00;EUR;1;Final Core CPI y/y;0.9%;0.9%;0.9%;;;
2017.03.16 08:00:00;GBP;3;MPC Official Bank Rate Votes;0-0-9;0-0-9;1-0-8;;;
2017.03.16 08:00:00;GBP;3;Monetary Policy Summary;;;;;;
2017.03.16 08:00:00;GBP;3;Official Bank Rate;0.25%;0.25%;0.25%;;;
2017.03.16 08:00:00;GBP;2;Asset Purchase Facility;435B;435B;435B;;;
2017.03.16 08:00:00;GBP;2;MPC Asset Purchase Facility Votes;0-0-9;0-0-9;0-0-9;;;
2017.03.16 08:30:00;CAD;2;Foreign Securities Purchases;10.21B;9.45B;6.20B;;10.23B;
2017.03.16 08:30:00;USD;3;Building Permits;1.29M;1.26M;1.21M;;;
2017.03.16 08:30:00;USD;3;Philly Fed Manufacturing Index;43.3;30.2;32.8;;;
2017.03.16 08:30:00;USD;3;Unemployment Claims;243K;245K;241K;;;
2017.03.16 08:30:00;USD;2;Housing Starts;1.25M;1.26M;1.29M;;;
2017.03.16 10:00:00;USD;2;JOLTS Job Openings;5.54M;5.45M;5.63M;;5.50M;
2017.03.16 10:30:00;USD;1;Natural Gas Storage;-68B;-60B;-53B;;;
2017.03.16 17:30:00;NZD;1;BusinessNZ Manufacturing Index;52.2;;55.2;;51.6;
2017.03.16 18:40:00;CNY;1;Foreign Direct Investment ytd/y;-9.2%;;-2.3%;;;
2017.03.17 05:00:00;EUR;1;Italian Trade Balance;5.73B;3.45B;-0.57B;;5.80B;
2017.03.17 06:00:00;EUR;1;Trade Balance;23.1B;22.3B;15.7B;;24.5B;
2017.03.17 06:00:00;All;3;G20 Meetings (Day 1);;;;;;
2017.03.17 08:00:00;GBP;1;BOE Quarterly Bulletin;;;;;;
2017.03.17 08:30:00;CAD;3;Manufacturing Sales m/m;2.1%;0.7%;0.6%;;2.3%;
2017.03.17 09:15:00;USD;2;Capacity Utilization Rate;75.5%;75.5%;75.4%;;75.3%;
2017.03.17 09:15:00;USD;2;Industrial Production m/m;-0.1%;0.3%;0.0%;;-0.3%;
2017.03.17 10:00:00;USD;3;Prelim UoM Consumer Sentiment;96.3;97.1;97.6;;95.7;
2017.03.17 10:00:00;USD;1;CB Leading Index m/m;0.6%;0.4%;0.6%;;;
2017.03.17 10:00:00;USD;1;Prelim UoM Inflation Expectations;2.7%;;2.4%;;2.8%;
2017.03.17 10:01:00;USD;1;Labor Market Conditions Index m/m;1.3;;1.3;;;
2017.03.18 00:00:00;All;3;G20 Meetings (Day 2);;;;;;
2017.03.19 17:00:00;NZD;1;Westpac Consumer Sentiment;113.1;;111.9;;;
2017.03.19 17:00:00;JPY;0;Bank Holiday (All Day);;;;;;
2017.03.19 20:01:00;GBP;1;Rightmove HPI m/m;2.0%;;1.3%;;;
2017.03.20 03:00:00;EUR;1;German PPI m/m;0.7%;0.4%;0.2%;;;
2017.03.20 03:00:00;EUR;2;Eurogroup Meetings (All Day);;;;;;
2017.03.20 07:00:00;EUR;1;German Buba Monthly Report;;;;;;
2017.03.20 08:30:00;CAD;2;Wholesale Sales m/m;0.3%;0.3%;3.3%;;0.7%;
2017.03.20 10:30:00;AUD;1;CB Leading Index m/m;0.3%;;0.4%;;-0.1%;
2017.03.20 12:45:00;EUR;2;German Buba President Weidmann Speaks;;;;;;
2017.03.20 13:10:00;USD;2;FOMC Member Evans Speaks;;;;;;
2017.03.20 14:20:00;GBP;2;MPC Member Haldane Speaks;;;;;;
2017.03.20 17:45:00;NZD;1;Visitor Arrivals m/m;1.8%;;-1.9%;;1.9%;
2017.03.20 19:30:00;USD;2;President Trump Speaks;;;;;;
2017.03.20 20:30:00;AUD;3;Monetary Policy Meeting Minutes;;;;;;
2017.03.20 20:30:00;AUD;2;HPI q/q;1.5%;2.4%;4.1%;;;
2017.03.20 22:00:00;NZD;1;Credit Card Spending y/y;7.1%;;5.3%;;;
2017.03.21 02:45:00;CHF;1;SECO Economic Forecasts;;;;;;
2017.03.21 03:00:00;CHF;1;Trade Balance;4.83B;3.85B;3.11B;;4.73B;
2017.03.21 05:30:00;GBP;3;CPI y/y;1.8%;2.1%;2.3%;;;
2017.03.21 05:30:00;GBP;2;PPI Input m/m;1.6%;0.2%;-0.4%;;1.7%;
2017.03.21 05:30:00;GBP;2;Public Sector Net Borrowing;-11.7B;2.9B;1.1B;;-9.8B;
2017.03.21 05:30:00;GBP;2;RPI y/y;2.6%;2.9%;3.2%;;;
2017.03.21 05:30:00;GBP;1;Core CPI y/y;1.6%;1.7%;2.0%;;;
2017.03.21 05:30:00;GBP;1;HPI y/y;5.7%;6.4%;6.2%;;7.2%;
2017.03.21 05:30:00;GBP;1;PPI Output m/m;0.6%;0.3%;0.2%;;;
2017.03.21 05:30:00;EUR;2;ECOFIN Meetings (All Day);;;;;;
2017.03.21 06:35:00;GBP;3;BOE Gov Carney Speaks;;;;;;
2017.03.21 06:35:00;USD;2;FOMC Member Dudley Speaks;;;;;;
2017.03.21 07:00:00;GBP;1;CBI Industrial Order Expectations;8;6;8;;;
2017.03.21 08:30:00;CAD;3;Core Retail Sales m/m;-0.5%;1.3%;1.7%;;-0.3%;
2017.03.21 08:30:00;CAD;2;Retail Sales m/m;-0.4%;1.5%;2.2%;;-0.5%;
2017.03.21 08:30:00;USD;2;Current Account;-116B;-129B;-112B;;-113B;
2017.03.21 09:00:00;CNY;1;CB Leading Index m/m;0.9%;;1.2%;;1.1%;
2017.03.21 10:03:00;NZD;3;GDT Price Index;-6.3%;;1.7%;;;
2017.03.21 15:45:00;CAD;2;Gov Council Member Schembri Speaks;;;;;;
2017.03.21 19:30:00;AUD;1;MI Leading Index m/m;0.0%;;-0.1%;;;
2017.03.21 19:50:00;JPY;1;Monetary Policy Meeting Minutes;;;;;;
2017.03.21 19:50:00;JPY;1;Trade Balance;0.20T;0.55T;0.68T;;0.16T;
2017.03.21 21:40:00;AUD;2;RBA Deputy Gov Debelle Speaks;;;;;;
2017.03.22 00:30:00;JPY;1;All Industries Activity m/m;-0.2%;0.1%;0.1%;;-0.3%;
2017.03.22 05:00:00;CHF;1;Credit Suisse Economic Expectations;;;;;;
2017.03.22 05:00:00;EUR;1;Current Account;30.8B;29.3B;24.1B;;31.0B;
2017.03.22 06:33:00;EUR;1;German 10-y Bond Auction;0.25|1.3;;0.41|1.5;;;
2017.03.22 06:33:00;GBP;1;30-y Bond Auction;1.86|1.6;;1.79|1.8;;;
2017.03.22 09:00:00;USD;1;HPI m/m;0.4%;0.4%;0.0%;;;
2017.03.22 10:00:00;CHF;1;SNB Quarterly Bulletin;;;;;;
2017.03.22 10:00:00;USD;2;Existing Home Sales;5.69M;5.59M;5.48M;;;
2017.03.22 10:30:00;USD;3;Crude Oil Inventories;-0.2M;1.9M;5.0M;;;
2017.03.22 16:00:00;CAD;1;Annual Budget Release;;;;;;
2017.03.22 16:00:00;NZD;3;Official Cash Rate;1.75%;1.75%;1.75%;;;
2017.03.22 16:00:00;NZD;3;RBNZ Rate Statement;;;;;;
2017.03.23 03:00:00;EUR;1;German GfK Consumer Climate;10.0;10.1;9.8;;;
2017.03.23 05:00:00;EUR;1;ECB Economic Bulletin;;;;;;
2017.03.23 05:00:00;GBP;2;MPC Member Broadbent Speaks;;;;;;
2017.03.23 05:30:00;GBP;3;Retail Sales m/m;-0.5%;0.4%;1.4%;;-0.3%;
2017.03.23 06:30:00;EUR;2;Long Term Refinancing Operation;62.2B;;233.5B;;;
2017.03.23 07:00:00;GBP;1;CBI Realized Sales;9;4;9;;;
2017.03.23 08:30:00;USD;3;Unemployment Claims;246K;240K;261K;;241K;
2017.03.23 08:45:00;USD;3;Fed Chair Yellen Speaks;;;;;;
2017.03.23 10:00:00;EUR;1;Belgian NBB Business Climate;-1.1;-0.6;-1.6;;;
2017.03.23 10:00:00;USD;2;New Home Sales;558K;566K;592K;;555K;
2017.03.23 10:30:00;USD;1;Natural Gas Storage;-53B;-147B;-150B;;;
2017.03.23 11:00:00;EUR;1;Consumer Confidence;-6;-6;-5;;;
2017.03.23 13:00:00;CHF;2;Gov Board Member Maechler Speaks;;;;;;
2017.03.23 13:00:00;USD;2;FOMC Member Kashkari Speaks;;;;;;
2017.03.23 17:45:00;NZD;2;Trade Balance;-257M;160M;-18M;;-285M;
2017.03.23 19:00:00;USD;2;FOMC Member Kaplan Speaks;;;;;;
2017.03.23 20:30:00;JPY;1;Flash Manufacturing PMI;53.3;53.5;52.6;;53.5;
2017.03.24 04:00:00;EUR;2;French Flash Manufacturing PMI;52.2;52.4;53.4;;52.3;
2017.03.24 04:00:00;EUR;2;French Flash Services PMI;56.4;56.2;58.5;;56.7;
2017.03.24 04:30:00;EUR;2;German Flash Manufacturing PMI;56.8;56.6;58.3;;57.0;
2017.03.24 04:30:00;EUR;2;German Flash Services PMI;54.4;54.5;55.6;;;
2017.03.24 05:00:00;EUR;2;Flash Manufacturing PMI;55.4;55.3;56.2;;55.5;
2017.03.24 05:00:00;EUR;2;Flash Services PMI;55.5;55.4;56.5;;55.6;
2017.03.24 05:30:00;GBP;1;High Street Lending;44.1K;44.9K;42.6K;;44.7K;
2017.03.24 08:00:00;USD;2;FOMC Member Evans Speaks;;;;;;
2017.03.24 08:30:00;CAD;3;CPI m/m;0.9%;0.2%;0.2%;;;
2017.03.24 08:30:00;CAD;2;Common CPI y/y;1.3%;;1.3%;;;
2017.03.24 08:30:00;CAD;2;Median CPI y/y;1.9%;;1.9%;;;
2017.03.24 08:30:00;CAD;2;Trimmed CPI y/y;1.7%;;1.6%;;;
2017.03.24 08:30:00;CAD;1;Core CPI m/m;0.5%;0.1%;0.4%;;;
2017.03.24 08:30:00;USD;3;Core Durable Goods Orders m/m;0.0%;0.5%;0.4%;;-0.2%;
2017.03.24 08:30:00;USD;2;Durable Goods Orders m/m;2.0%;1.1%;1.7%;;1.8%;
2017.03.24 09:45:00;USD;1;Flash Manufacturing PMI;54.2;54.9;53.4;;54.3;
2017.03.24 09:45:00;USD;1;Flash Services PMI;53.8;53.9;52.9;;53.9;
2017.03.24 10:00:00;USD;2;FOMC Member Dudley Speaks;;;;;;
2017.03.25 21:00:00;CHF;0;Daylight Saving Time Shift;;;;;;
2017.03.25 21:00:00;EUR;0;Daylight Saving Time Shift;;;;;;
2017.03.25 21:00:00;GBP;0;Daylight Saving Time Shift;;;;;;
2017.03.26 00:00:00;All;2;OPEC-JMMC Meetings (All Day);;;;;;
2017.03.26 19:50:00;JPY;1;BOJ Summary of Opinions;;;;;;
2017.03.26 19:50:00;JPY;1;SPPI y/y;0.5%;0.5%;0.8%;;;
2017.03.27 04:00:00;EUR;3;German ifo Business Climate;111.1;111.2;112.3;;111.0;
2017.03.27 04:00:00;EUR;2;M3 Money Supply y/y;4.8%;4.9%;4.7%;;4.9%;
2017.03.27 04:00:00;EUR;1;Private Loans y/y;2.2%;2.3%;2.3%;;;
2017.03.27 05:00:00;GBP;1;FPC Statement;;;;;;
2017.03.27 13:15:00;USD;2;FOMC Member Evans Speaks;;;;;;
2017.03.27 18:00:00;AUD;2;RBA Deputy Gov Debelle Speaks;;;;;;
2017.03.27 18:30:00;USD;2;FOMC Member Kaplan Speaks;;;;;;
2017.03.28 08:30:00;USD;1;Goods Trade Balance;-68.8B;-66.6B;-64.8B;;-69.2B;
2017.03.28 08:30:00;USD;1;Prelim Wholesale Inventories m/m;-0.2%;0.2%;0.4%;;-0.1%;
2017.03.28 09:00:00;USD;1;SP/CS Composite-20 HPI y/y;5.5%;5.7%;5.7%;;5.6%;
2017.03.28 09:59:00;USD;1;Richmond Manufacturing Index;17;16;22;;;
2017.03.28 10:00:00;USD;3;CB Consumer Confidence;116.1;113.9;125.6;;114.8;
2017.03.28 10:10:00;CAD;3;BOC Gov Poloz Speaks;;;;;;
2017.03.28 13:00:00;USD;2;FOMC Member Kaplan Speaks;;;;;;
2017.03.28 19:50:00;JPY;1;Retail Sales y/y;1.0%;0.7%;0.1%;;;
2017.03.29 02:00:00;CHF;1;UBS Consumption Indicator;1.44;;1.50;;1.43;
2017.03.29 02:00:00;EUR;1;German Import Prices m/m;0.9%;0.4%;0.7%;;;
2017.03.29 04:00:00;CHF;1;Credit Suisse Economic Expectations;19.4;;29.6;;;
2017.03.29 04:30:00;GBP;2;Net Lending to Individuals m/m;4.8B;4.9B;4.9B;;;
2017.03.29 04:30:00;GBP;1;M4 Money Supply m/m;0.9%;0.5%;-0.3%;;;
2017.03.29 04:30:00;GBP;1;Mortgage Approvals;69K;70K;68K;;70K;
2017.03.29 09:20:00;USD;2;FOMC Member Evans Speaks;;;;;;
2017.03.29 10:00:00;USD;2;Pending Home Sales m/m;-2.8%;2.3%;5.5%;;;
2017.03.29 10:30:00;USD;3;Crude Oil Inventories;5.0M;1.2M;0.9M;;;
2017.03.29 20:00:00;AUD;1;HIA New Home Sales m/m;-2.2%;;0.2%;;;
2017.03.30 03:00:00;CHF;2;KOF Economic Barometer;106.9;105.9;107.6;;107.2;
2017.03.30 03:00:00;EUR;2;Spanish Flash CPI y/y;3.0%;2.6%;2.3%;;;
2017.03.30 03:00:00;EUR;2;German Prelim CPI m/m (All Day);0.6%;0.4%;0.2%;;;
2017.03.30 05:22:00;EUR;1;Italian 10-y Bond Auction;2.28|1.4;;2.25|1.4;;;
2017.03.30 08:30:00;CAD;2;RMPI m/m;1.7%;0.8%;1.2%;;;
2017.03.30 08:30:00;CAD;1;IPPI m/m;0.6%;0.4%;0.1%;;0.4%;
2017.03.30 08:30:00;USD;3;Final GDP q/q;1.9%;2.0%;2.1%;;;
2017.03.30 08:30:00;USD;3;Unemployment Claims;261K;244K;258K;;;
2017.03.30 08:30:00;USD;1;Final GDP Price Index q/q;2.0%;2.0%;2.1%;;;
2017.03.30 10:30:00;USD;1;Natural Gas Storage;-150B;-37B;-43B;;;
2017.03.30 11:00:00;USD;2;FOMC Member Kaplan Speaks;;;;;;
2017.03.30 16:30:00;USD;2;FOMC Member Dudley Speaks;;;;;;
2017.03.30 17:45:00;NZD;1;Building Consents m/m;2.1%;;14.0%;;0.8%;
2017.03.30 18:09:00;GBP;1;GfK Consumer Confidence;-6;-7;-6;;;
2017.03.30 19:30:00;JPY;2;Household Spending y/y;-1.2%;-1.6%;-3.8%;;;
2017.03.30 19:30:00;JPY;1;National Core CPI y/y;0.1%;0.2%;0.2%;;;
2017.03.30 19:30:00;JPY;1;Tokyo Core CPI y/y;-0.3%;-0.2%;-0.4%;;;
2017.03.30 19:30:00;JPY;1;Unemployment Rate;3.0%;3.0%;2.8%;;;
2017.03.30 19:50:00;JPY;1;Prelim Industrial Production m/m;-0.4%;1.3%;2.0%;;-0.8%;
2017.03.30 20:00:00;NZD;2;Final ANZ Business Confidence;16.6;;11.3;;;
2017.03.30 20:30:00;AUD;1;Private Sector Credit m/m;0.2%;0.5%;0.3%;;;
2017.03.30 20:54:00;CNY;2;Non-Manufacturing PMI;54.2;;55.1;;;
2017.03.30 20:59:00;CNY;2;Manufacturing PMI;51.6;51.7;51.8;;;
2017.03.31 01:00:00;JPY;1;Housing Starts y/y;12.8%;-1.2%;-2.6%;;;
2017.03.31 02:00:00;EUR;2;German Retail Sales m/m;-1.0%;0.7%;1.8%;;-0.8%;
2017.03.31 02:00:00;GBP;1;Nationwide HPI m/m;0.6%;0.3%;-0.3%;;;
2017.03.31 02:45:00;EUR;1;French Consumer Spending m/m;0.6%;0.3%;-0.8%;;;
2017.03.31 02:45:00;EUR;1;French Prelim CPI m/m;0.1%;0.7%;0.6%;;;
2017.03.31 03:55:00;EUR;2;German Unemployment Change;-17K;-10K;-30K;;-14K;
2017.03.31 04:30:00;GBP;3;Current Account;-25.7B;-16.3B;-12.1B;;-25.5B;
2017.03.31 04:30:00;GBP;2;Final GDP q/q;0.7%;0.7%;0.7%;;;
2017.03.31 04:30:00;GBP;1;Index of Services 3m/3m;0.8%;0.7%;0.6%;;;
2017.03.31 04:30:00;GBP;1;Revised Business Investment q/q;-1.0%;-1.0%;-0.9%;;;
2017.03.31 05:00:00;EUR;2;CPI Flash Estimate y/y;2.0%;1.8%;1.5%;;;
2017.03.31 05:00:00;EUR;2;Core CPI Flash Estimate y/y;0.9%;0.8%;0.7%;;;
2017.03.31 05:00:00;EUR;1;Italian Prelim CPI m/m;0.4%;0.1%;0.0%;;0.3%;
2017.03.31 08:30:00;CAD;3;GDP m/m;0.3%;0.3%;0.6%;;;
2017.03.31 08:30:00;USD;2;Core PCE Price Index m/m;0.3%;0.2%;0.2%;;;
2017.03.31 08:30:00;USD;2;Personal Spending m/m;0.2%;0.2%;0.1%;;;
2017.03.31 08:30:00;USD;1;Personal Income m/m;0.5%;0.4%;0.4%;;0.4%;
2017.03.31 09:00:00;USD;2;FOMC Member Dudley Speaks;;;;;;
2017.03.31 09:45:00;USD;2;Chicago PMI;57.4;57.2;57.7;;;
2017.03.31 10:00:00;USD;2;FOMC Member Kashkari Speaks;;;;;;
2017.03.31 10:00:00;USD;2;Revised UoM Consumer Sentiment;97.6;97.8;96.9;;;
2017.03.31 10:00:00;USD;1;Revised UoM Inflation Expectations;2.4%;;2.5%;;;
2017.03.31 17:00:00;GBP;2;MPC Member Haldane Speaks;;;;;;
2017.03.31 21:45:00;CNY;3;Caixin Manufacturing PMI;51.7;51.8;51.2;;;
