2017.01.01 00:00:00;NZD;0;Bank Holiday (All Day);;;;;;
2017.01.01 00:00:00;AUD;0;Bank Holiday (All Day);;;;;;
2017.01.01 00:00:00;JPY;0;Bank Holiday (All Day);;;;;;
2017.01.01 00:00:00;CNY;0;Bank Holiday (All Day);;;;;;
2017.01.02 00:00:00;CHF;0;Bank Holiday (All Day);;;;;;
2017.01.02 00:00:00;GBP;0;Bank Holiday (All Day);;;;;;
2017.01.02 03:15:00;EUR;2;Spanish Manufacturing PMI;54.5;54.6;55.3;;;
2017.01.02 03:45:00;EUR;1;Italian Manufacturing PMI;52.2;52.3;53.2;;;
2017.01.02 03:50:00;EUR;1;French Final Manufacturing PMI;53.5;53.5;53.5;;;
2017.01.02 03:55:00;EUR;1;German Final Manufacturing PMI;55.5;55.5;55.6;;;
2017.01.02 04:00:00;EUR;1;Final Manufacturing PMI;54.9;54.9;54.9;;;
2017.01.02 04:00:00;CAD;0;Bank Holiday (All Day);;;;;;
2017.01.02 04:00:00;USD;0;Bank Holiday (All Day);;;;;;
2017.01.02 04:00:00;NZD;0;Bank Holiday (All Day);;;;;;
2017.01.02 17:30:00;AUD;1;AIG Manufacturing Index;54.2;;55.4;;;
2017.01.02 17:30:00;JPY;0;Bank Holiday (All Day);;;;;;
2017.01.02 20:45:00;CNY;3;Caixin Manufacturing PMI;50.9;50.9;51.9;;;
2017.01.03 00:33:00;AUD;1;Commodity Prices y/y;28.7%;;45.5%;;32.1%;
2017.01.03 00:33:00;EUR;2;German Prelim CPI m/m (All Day);0.1%;0.6%;0.7%;;;
2017.01.03 02:45:00;EUR;1;French Prelim CPI m/m;0.0%;0.5%;0.3%;;;
2017.01.03 03:30:00;CHF;1;Manufacturing PMI;56.6;56.1;56.0;;;
2017.01.03 03:55:00;EUR;2;German Unemployment Change;-6K;-5K;-17K;;-5K;
2017.01.03 04:30:00;GBP;3;Final Manufacturing PMI;53.6;53.3;56.1;;53.4;
2017.01.03 09:09:00;NZD;3;GDT Price Index;-0.5%;;-3.9%;;;
2017.01.03 09:30:00;CAD;1;Manufacturing PMI;51.5;;51.8;;;
2017.01.03 09:45:00;USD;1;Final Manufacturing PMI;54.2;54.2;54.3;;;
2017.01.03 10:00:00;USD;3;ISM Manufacturing PMI;53.2;53.7;54.7;;;
2017.01.03 10:00:00;USD;1;Construction Spending m/m;0.6%;0.5%;0.9%;;0.5%;
2017.01.03 10:00:00;USD;1;ISM Manufacturing Prices;54.5;55.6;65.5;;;
2017.01.03 19:01:00;GBP;1;BRC Shop Price Index y/y;-1.7%;;-1.4%;;;
2017.01.03 19:30:00;JPY;1;Final Manufacturing PMI;51.9;51.9;52.4;;;
2017.01.04 03:00:00;EUR;2;Spanish Unemployment Change;24.8K;-44.2K;-86.8K;;;
2017.01.04 03:15:00;EUR;1;Spanish Services PMI;55.1;54.8;55.0;;;
2017.01.04 03:45:00;EUR;1;Italian Services PMI;53.3;52.7;52.3;;;
2017.01.04 03:50:00;EUR;1;French Final Services PMI;52.6;52.6;52.9;;;
2017.01.04 03:55:00;EUR;1;German Final Services PMI;53.8;53.8;54.3;;;
2017.01.04 04:00:00;EUR;1;Final Services PMI;53.1;53.1;53.7;;;
2017.01.04 04:30:00;GBP;3;Construction PMI;52.8;52.6;54.2;;;
2017.01.04 04:30:00;GBP;2;Net Lending to Individuals m/m;4.9B;4.9B;5.1B;;;
2017.01.04 04:30:00;GBP;1;M4 Money Supply m/m;1.1%;1.4%;0.4%;;;
2017.01.04 04:30:00;GBP;1;Mortgage Approvals;67K;69K;68K;;68K;
2017.01.04 05:00:00;EUR;2;CPI Flash Estimate y/y;0.6%;1.0%;1.1%;;;
2017.01.04 05:00:00;EUR;2;Core CPI Flash Estimate y/y;0.8%;0.8%;0.9%;;;
2017.01.04 05:00:00;EUR;1;Italian Prelim CPI m/m;-0.1%;0.3%;0.4%;;;
2017.01.04 05:00:00;USD;1;Wards Total Vehicle Sales (All Day);17.6M;17.7M;18.3M;;17.8M;
2017.01.04 05:00:00;USD;1;Total Vehicle Sales (All Day);17.9M;17.8M;18.4M;;;
2017.01.04 14:00:00;USD;3;FOMC Meeting Minutes;;;;;;
2017.01.04 17:30:00;AUD;1;AIG Services Index;51.1;;57.7;;;
2017.01.04 18:50:00;JPY;1;Monetary Base y/y;21.5%;22.3%;23.1%;;;
2017.01.04 20:45:00;CNY;2;Caixin Services PMI;53.1;53.3;53.4;;;
2017.01.04 22:45:00;JPY;1;10-y Bond Auction;0.03|3.8;;0.06|3.6;;;
2017.01.05 03:15:00;CHF;1;CPI m/m;-0.2%;-0.1%;-0.1%;;;
2017.01.05 04:10:00;EUR;1;Retail PMI;48.6;;50.4;;;
2017.01.05 04:30:00;GBP;3;Final Services PMI;55.2;54.8;56.2;;;
2017.01.05 04:50:00;EUR;1;Spanish 10-y Bond Auction;1.54|2.0;;1.45|1.4;;;
2017.01.05 05:00:00;EUR;1;PPI m/m;0.8%;0.2%;0.3%;;;
2017.01.05 05:00:00;EUR;1;Italian Prelim CPI m/m;;;;;;
2017.01.05 05:03:00;EUR;1;French 10-y Bond Auction;0.46|2.0;;0.78|2.0;;;
2017.01.05 07:30:00;USD;1;Challenger Job Cuts y/y;-13.0%;;42.4%;;;
2017.01.05 08:00:00;GBP;2;MPC Member Haldane Speaks;;;;;;
2017.01.05 08:15:00;USD;3;ADP Non-Farm Employment Change;215K;171K;153K;;216K;
2017.01.05 08:30:00;CAD;2;RMPI m/m;3.3%;-1.5%;-2.0%;;;
2017.01.05 08:30:00;CAD;1;IPPI m/m;0.7%;0.2%;0.3%;;;
2017.01.05 08:30:00;USD;3;Unemployment Claims;263K;262K;235K;;265K;
2017.01.05 09:45:00;USD;1;Final Services PMI;53.4;53.4;53.9;;;
2017.01.05 10:00:00;USD;3;ISM Services PMI;57.2;56.6;57.2;;;
2017.01.05 10:30:00;USD;1;Natural Gas Storage;-237B;-97B;-49B;;;
2017.01.05 11:00:00;USD;3;Crude Oil Inventories;0.6M;-1.8M;-7.1M;;;
2017.01.05 19:00:00;JPY;1;Average Cash Earnings y/y;0.1%;0.2%;0.2%;;;
2017.01.05 19:30:00;AUD;2;Trade Balance;-1.12B;-0.55B;1.24B;;-1.54B;
2017.01.06 02:00:00;EUR;2;German Factory Orders m/m;5.0%;-2.5%;-2.5%;;4.9%;
2017.01.06 02:00:00;EUR;2;German Retail Sales m/m;2.5%;-0.8%;-1.8%;;2.4%;
2017.01.06 02:00:00;EUR;0;Italian Bank Holiday (All Day);;;;;;
2017.01.06 02:45:00;EUR;1;French Trade Balance;-5.2B;-4.8B;-4.4B;;;
2017.01.06 03:00:00;CHF;1;Foreign Currency Reserves;648B;;645B;;;
2017.01.06 05:00:00;EUR;1;Retail Sales m/m;1.4%;-0.3%;-0.4%;;1.1%;
2017.01.06 08:30:00;CAD;3;Employment Change;10.7K;-5.1K;53.7K;;;
2017.01.06 08:30:00;CAD;3;Trade Balance;-1.0B;-1.6B;0.5B;;-1.1B;
2017.01.06 08:30:00;CAD;3;Unemployment Rate;6.8%;6.9%;6.9%;;;
2017.01.06 08:30:00;USD;3;Average Hourly Earnings m/m;-0.1%;0.3%;0.4%;;;
2017.01.06 08:30:00;USD;3;Non-Farm Employment Change;204K;175K;156K;;178K;
2017.01.06 08:30:00;USD;3;Unemployment Rate;4.6%;4.7%;4.7%;;;
2017.01.06 08:30:00;USD;2;Trade Balance;-42.4B;-42.2B;-45.2B;;-42.6B;
2017.01.06 10:00:00;CAD;2;Ivey PMI;56.8;56.0;60.8;;;
2017.01.06 10:00:00;USD;2;Factory Orders m/m;2.8%;-2.1%;-2.4%;;2.7%;
2017.01.06 12:15:00;USD;2;FOMC Member Evans Speaks;;;;;;
2017.01.08 17:30:00;AUD;1;AIG Construction Index;46.6;;47.0;;;
2017.01.08 17:30:00;JPY;0;Bank Holiday (All Day);;;;;;
2017.01.08 19:30:00;AUD;2;Building Approvals m/m;-11.8%;4.6%;7.0%;;-12.6%;
2017.01.08 19:30:00;AUD;1;ANZ Job Advertisements m/m;1.6%;;-1.9%;;1.7%;
2017.01.09 02:00:00;EUR;1;German Industrial Production m/m;0.5%;0.7%;0.4%;;0.3%;
2017.01.09 02:00:00;EUR;1;German Trade Balance;20.6B;20.8B;21.7B;;20.5B;
2017.01.09 03:15:00;CHF;1;Retail Sales y/y;-0.7%;0.4%;0.9%;;-0.5%;
2017.01.09 03:30:00;GBP;2;Halifax HPI m/m;0.6%;0.3%;1.7%;;0.2%;
2017.01.09 04:00:00;EUR;1;Italian Monthly Unemployment Rate;11.8%;11.6%;11.9%;;11.6%;
2017.01.09 04:30:00;EUR;1;Sentix Investor Confidence;10.0;12.6;18.2;;;
2017.01.09 05:00:00;EUR;1;Unemployment Rate;9.8%;9.8%;9.8%;;;
2017.01.09 10:00:00;USD;1;Labor Market Conditions Index m/m;2.1;;-0.3;;1.5;
2017.01.09 10:30:00;CAD;2;BOC Business Outlook Survey;;;;;;
2017.01.09 15:00:00;USD;1;Consumer Credit m/m;16.2B;18.3B;24.5B;;16.0B;
2017.01.09 19:01:00;GBP;1;BRC Retail Sales Monitor y/y;0.6%;;1.0%;;;
2017.01.09 19:30:00;AUD;3;Retail Sales m/m;0.5%;0.4%;0.2%;;;
2017.01.09 20:30:00;CNY;3;CPI y/y;2.3%;2.2%;2.1%;;;
2017.01.09 20:30:00;CNY;2;PPI y/y;3.3%;4.6%;5.5%;;;
2017.01.10 00:00:00;JPY;1;Consumer Confidence;40.9;41.3;43.1;;;
2017.01.10 01:45:00;CHF;1;Unemployment Rate;3.3%;3.3%;3.3%;;;
2017.01.10 02:45:00;EUR;1;French Industrial Production m/m;-0.1%;0.5%;2.2%;;-0.2%;
2017.01.10 06:00:00;USD;1;NFIB Small Business Index;98.4;99.6;105.8;;;
2017.01.10 08:13:00;CAD;1;Housing Starts;187K;187K;207K;;184K;
2017.01.10 08:30:00;CAD;2;Building Permits m/m;10.5%;2.4%;-0.1%;;8.7%;
2017.01.10 10:00:00;USD;2;JOLTS Job Openings;5.45M;5.59M;5.52M;;5.53M;
2017.01.10 10:00:00;USD;1;Final Wholesale Inventories m/m;0.9%;0.9%;1.0%;;;
2017.01.10 22:45:00;JPY;1;30-y Bond Auction;0.62|2.9;;0.75|3.3;;;
2017.01.11 00:00:00;JPY;1;Leading Indicators;100.8%;102.6%;102.7%;;101.0%;
2017.01.11 04:30:00;GBP;3;Manufacturing Production m/m;-1.0%;0.6%;1.3%;;-0.9%;
2017.01.11 04:30:00;GBP;2;Goods Trade Balance;-9.9B;-11.2B;-12.2B;;-9.7B;
2017.01.11 04:30:00;GBP;1;Construction Output m/m;-0.6%;0.3%;-0.2%;;;
2017.01.11 04:30:00;GBP;1;Industrial Production m/m;-1.1%;0.8%;2.1%;;-1.3%;
2017.01.11 05:33:00;EUR;1;German 10-y Bond Auction;0.21|2.0;;0.36|1.8;;;
2017.01.11 09:15:00;GBP;3;BOE Gov Carney Speaks;;;;;;
2017.01.11 09:38:00;GBP;1;NIESR GDP Estimate;0.5%;;0.5%;;0.4%;
2017.01.11 10:00:00;USD;1;IBD/TIPP Economic Optimism;54.8;53.9;55.6;;;
2017.01.11 10:30:00;USD;3;Crude Oil Inventories;-7.1M;0.9M;4.1M;;;
2017.01.11 11:00:00;USD;3;President Trump Speaks;;;;;;
2017.01.11 13:01:00;USD;1;10-y Bond Auction;2.49|2.4;;2.34|2.6;;;
2017.01.11 13:20:00;USD;2;FOMC Member Dudley Speaks;;;;;;
2017.01.11 18:50:00;JPY;1;Bank Lending y/y;2.4%;2.4%;2.6%;;;
2017.01.11 18:50:00;JPY;1;Current Account;1.93T;1.48T;1.80T;;;
2017.01.11 19:00:00;NZD;1;ANZ Commodity Prices m/m;3.2%;;0.7%;;2.7%;
2017.01.12 00:00:00;JPY;1;Economy Watchers Sentiment;48.6;49.3;51.4;;;
2017.01.12 02:45:00;EUR;1;French Final CPI m/m;0.3%;0.3%;0.3%;;;
2017.01.12 04:00:00;CNY;1;M2 Money Supply y/y;11.4%;11.4%;11.3%;;;
2017.01.12 04:00:00;CNY;1;New Loans;795B;676B;1040B;;;
2017.01.12 04:00:00;EUR;1;Italian Industrial Production m/m;0.1%;0.2%;0.7%;;0.0%;
2017.01.12 05:00:00;EUR;1;Industrial Production m/m;0.1%;0.5%;1.5%;;-0.1%;
2017.01.12 05:34:00;GBP;1;10-y Bond Auction;1.39|2.0;;1.16|2.5;;;
2017.01.12 07:30:00;EUR;2;ECB Monetary Policy Meeting Accounts;;;;;;
2017.01.12 08:30:00;CAD;2;NHPI m/m;0.4%;0.3%;0.2%;;;
2017.01.12 08:30:00;USD;3;Unemployment Claims;237K;266K;247K;;235K;
2017.01.12 08:30:00;USD;2;FOMC Member Evans Speaks;;;;;;
2017.01.12 08:30:00;USD;2;FOMC Member Harker Speaks;;;;;;
2017.01.12 08:30:00;USD;2;Import Prices m/m;-0.2%;0.8%;0.4%;;-0.3%;
2017.01.12 10:30:00;USD;1;Natural Gas Storage;-49B;-150B;-151B;;;
2017.01.12 13:01:00;USD;1;30-y Bond Auction;3.15|2.4;;2.91|2.3;;;
2017.01.12 14:00:00;USD;1;Federal Budget Balance;-136.7B;-21.0B;-27.5B;;;
2017.01.12 18:50:00;JPY;1;M2 Money Stock y/y;3.9%;4.1%;4.0%;;4.0%;
2017.01.12 19:00:00;USD;3;Fed Chair Yellen Speaks;;;;;;
2017.01.12 21:47:00;CNY;1;USD-Denominated Trade Balance;44.6B;47.6B;40.8B;;;
2017.01.12 21:50:00;CNY;3;Trade Balance;298B;345B;275B;;;
2017.01.13 02:00:00;EUR;1;German WPI m/m;0.1%;0.3%;1.2%;;;
2017.01.13 04:30:00;GBP;2;BOE Credit Conditions Survey;;;;;;
2017.01.13 04:30:00;GBP;2;MPC Member Saunders Speaks;;;;;;
2017.01.13 06:12:00;CNY;1;Foreign Direct Investment ytd/y;3.9%;;4.1%;;;
2017.01.13 08:30:00;USD;3;Core Retail Sales m/m;0.3%;0.5%;0.2%;;0.2%;
2017.01.13 08:30:00;USD;3;PPI m/m;0.4%;0.1%;0.3%;;;
2017.01.13 08:30:00;USD;3;Retail Sales m/m;0.2%;0.5%;0.6%;;0.1%;
2017.01.13 08:30:00;USD;2;Core PPI m/m;0.4%;0.3%;0.2%;;;
2017.01.13 09:30:00;USD;2;FOMC Member Harker Speaks;;;;;;
2017.01.13 10:00:00;USD;3;Prelim UoM Consumer Sentiment;98.2;98.6;98.1;;98.0;
2017.01.13 10:00:00;USD;1;Business Inventories m/m;-0.1%;0.3%;0.7%;;-0.2%;
2017.01.13 10:00:00;USD;1;Prelim UoM Inflation Expectations;2.2%;;2.6%;;2.3%;
2017.01.15 16:45:00;NZD;1;FPI m/m;-0.1%;;-0.8%;;;
2017.01.15 18:50:00;JPY;1;Core Machinery Orders m/m;4.1%;-1.3%;-5.1%;;;
2017.01.15 18:50:00;JPY;1;PPI y/y;-2.2%;-1.4%;-1.2%;;;
2017.01.15 19:00:00;AUD;1;MI Inflation Gauge m/m;0.1%;;0.5%;;;
2017.01.15 19:01:00;GBP;1;Rightmove HPI m/m;-2.1%;;0.4%;;;
2017.01.15 23:30:00;JPY;1;Tertiary Industry Activity m/m;0.0%;0.2%;0.2%;;0.2%;
2017.01.16 00:59:00;JPY;1;Prelim Machine Tool Orders y/y;-5.6%;;4.4%;;;
2017.01.16 05:00:00;EUR;1;Trade Balance;19.9B;23.2B;22.7B;;19.7B;
2017.01.16 05:00:00;USD;0;Bank Holiday (All Day);;;;;;
2017.01.16 13:30:00;GBP;3;BOE Gov Carney Speaks;;;;;;
2017.01.16 16:00:00;NZD;2;NZIER Business Confidence;26;;28;;;
2017.01.16 19:30:00;AUD;1;Home Loans m/m;-0.6%;0.1%;0.9%;;-0.8%;
2017.01.16 19:30:00;AUD;1;New Motor Vehicle Sales m/m;-0.7%;;0.3%;;-0.6%;
2017.01.16 23:30:00;JPY;1;Revised Industrial Production m/m;1.5%;1.5%;1.5%;;;
2017.01.17 04:00:00;EUR;1;Italian Trade Balance;4.29B;3.84B;4.20B;;4.30B;
2017.01.17 04:00:00;All;2;WEF Annual Meetings (Day 1);;;;;;
2017.01.17 04:30:00;GBP;3;CPI y/y;1.2%;1.4%;1.6%;;;
2017.01.17 04:30:00;GBP;2;PPI Input m/m;-0.6%;2.2%;1.8%;;-1.1%;
2017.01.17 04:30:00;GBP;2;RPI y/y;2.2%;2.3%;2.5%;;;
2017.01.17 04:30:00;GBP;1;Core CPI y/y;1.4%;1.4%;1.6%;;;
2017.01.17 04:30:00;GBP;1;HPI y/y;6.4%;6.3%;6.7%;;6.9%;
2017.01.17 04:30:00;GBP;1;PPI Output m/m;0.1%;0.3%;0.1%;;0.0%;
2017.01.17 05:00:00;EUR;2;German ZEW Economic Sentiment;13.8;18.9;16.6;;;
2017.01.17 05:00:00;EUR;1;ZEW Economic Sentiment;18.1;24.2;23.2;;;
2017.01.17 05:36:00;EUR;1;French Gov Budget Balance;-85.5B;;-93.3B;;;
2017.01.17 06:45:00;GBP;3;Prime Minister May Speaks;;;;;;
2017.01.17 08:30:00;USD;2;Empire State Manufacturing Index;9.0;8.1;6.5;;;
2017.01.17 08:45:00;USD;2;FOMC Member Dudley Speaks;;;;;;
2017.01.17 08:47:00;NZD;3;GDT Price Index;-3.9%;;0.6%;;;
2017.01.17 09:30:00;GBP;1;CB Leading Index m/m;0.1%;;0.0%;;;
2017.01.17 10:00:00;USD;3;Treasury Sec Lew Speaks;;;;;;
2017.01.17 10:00:00;USD;2;FOMC Member Brainard Speaks;;;;;;
2017.01.17 18:30:00;AUD;1;Westpac Consumer Sentiment;-3.9%;;0.1%;;;
2017.01.18 02:00:00;EUR;1;German Final CPI m/m;0.7%;0.7%;0.7%;;;
2017.01.18 02:00:00;All;2;WEF Annual Meetings (Day 2);;;;;;
2017.01.18 04:30:00;GBP;3;Average Earnings Index 3m/y;2.6%;2.6%;2.8%;;2.5%;
2017.01.18 04:30:00;GBP;3;Claimant Count Change;1.3K;4.6K;-10.1K;;2.4K;
2017.01.18 04:30:00;GBP;2;Unemployment Rate;4.8%;4.8%;4.8%;;;
2017.01.18 05:00:00;EUR;2;Final CPI y/y;1.1%;1.1%;1.1%;;;
2017.01.18 05:00:00;EUR;1;Final Core CPI y/y;0.9%;0.9%;0.9%;;;
2017.01.18 08:30:00;USD;3;CPI m/m;0.2%;0.3%;0.3%;;;
2017.01.18 08:30:00;USD;3;Core CPI m/m;0.2%;0.2%;0.2%;;;
2017.01.18 09:15:00;USD;2;Capacity Utilization Rate;74.9%;75.6%;75.5%;;75.0%;
2017.01.18 09:15:00;USD;2;Industrial Production m/m;-0.7%;0.8%;0.8%;;-0.4%;
2017.01.18 10:00:00;CAD;3;BOC Monetary Policy Report;;;;;;
2017.01.18 10:00:00;CAD;3;BOC Rate Statement;;;;;;
2017.01.18 10:00:00;CAD;3;Overnight Rate;0.50%;0.50%;0.50%;;;
2017.01.18 10:00:00;USD;1;NAHB Housing Market Index;69;69;67;;70;
2017.01.18 11:00:00;USD;2;FOMC Member Kashkari Speaks;;;;;;
2017.01.18 11:15:00;CAD;3;BOC Press Conference;;;;;;
2017.01.18 14:00:00;USD;1;Beige Book;;;;;;
2017.01.18 15:00:00;USD;3;Fed Chair Yellen Speaks;;;;;;
2017.01.18 16:00:00;USD;1;TIC Long-Term Purchases;9.3B;21.3B;30.8B;;9.4B;
2017.01.18 16:30:00;NZD;1;BusinessNZ Manufacturing Index;54.5;;54.5;;54.4;
2017.01.18 16:45:00;NZD;1;Building Consents m/m;2.0%;;-9.2%;;2.6%;
2017.01.18 19:00:00;AUD;1;MI Inflation Expectations;3.4%;;4.3%;;;
2017.01.18 19:01:00;GBP;1;RICS House Price Balance;29%;32%;24%;;30%;
2017.01.18 19:30:00;AUD;3;Employment Change;37.1K;10.2K;13.5K;;39.1K;
2017.01.18 19:30:00;AUD;3;Unemployment Rate;5.7%;5.7%;5.8%;;;
2017.01.19 03:15:00;CHF;2;PPI m/m;0.1%;0.2%;0.2%;;;
2017.01.19 04:00:00;EUR;1;Current Account;28.3B;29.3B;36.1B;;28.4B;
2017.01.19 04:00:00;All;2;WEF Annual Meetings (Day 3);;;;;;
2017.01.19 07:45:00;EUR;3;Main Refinancing Rate;0.00%;0.00%;0.00%;;;
2017.01.19 07:45:00;EUR;3;Monetary Policy Statement;;;;;;
2017.01.19 08:30:00;CAD;3;Manufacturing Sales m/m;-0.6%;0.2%;1.5%;;-0.8%;
2017.01.19 08:30:00;CAD;2;Foreign Securities Purchases;15.77B;10.23B;7.24B;;15.75B;
2017.01.19 08:30:00;EUR;3;ECB Press Conference;;;;;;
2017.01.19 08:30:00;USD;3;Building Permits;1.21M;1.22M;1.21M;;1.20M;
2017.01.19 08:30:00;USD;3;Philly Fed Manufacturing Index;21.5;16.3;23.6;;;
2017.01.19 08:30:00;USD;3;Unemployment Claims;249K;252K;234K;;247K;
2017.01.19 08:30:00;USD;2;Housing Starts;1.10M;1.19M;1.23M;;1.09M;
2017.01.19 10:30:00;USD;1;Natural Gas Storage;-151B;-235B;-243B;;;
2017.01.19 11:00:00;USD;3;Crude Oil Inventories;4.1M;0.1M;2.3M;;;
2017.01.19 19:00:00;AUD;1;HIA New Home Sales m/m;-8.5%;;6.1%;;;
2017.01.19 20:00:00;USD;3;Fed Chair Yellen Speaks;;;;;;
2017.01.19 21:00:00;CNY;3;GDP q/y;6.7%;6.7%;6.8%;;;
2017.01.19 21:00:00;CNY;3;Industrial Production y/y;6.2%;6.1%;6.0%;;;
2017.01.19 21:00:00;CNY;2;Fixed Asset Investment ytd/y;8.3%;8.3%;8.1%;;;
2017.01.19 21:00:00;CNY;2;NBS Press Conference;;;;;;
2017.01.19 21:00:00;CNY;1;Retail Sales y/y;10.8%;10.7%;10.9%;;;
2017.01.20 02:00:00;EUR;1;German PPI m/m;0.3%;0.4%;0.4%;;;
2017.01.20 02:00:00;All;2;WEF Annual Meetings (Day 4);;;;;;
2017.01.20 04:30:00;GBP;3;Retail Sales m/m;-0.1%;-0.1%;-1.9%;;0.2%;
2017.01.20 08:30:00;CAD;3;CPI m/m;-0.4%;0.0%;-0.2%;;;
2017.01.20 08:30:00;CAD;3;Core Retail Sales m/m;1.4%;0.1%;0.1%;;;
2017.01.20 08:30:00;CAD;2;Common CPI y/y;1.3%;;1.4%;;;
2017.01.20 08:30:00;CAD;2;Median CPI y/y;2.0%;;2.0%;;1.9%;
2017.01.20 08:30:00;CAD;2;Retail Sales m/m;1.2%;0.5%;0.2%;;1.1%;
2017.01.20 08:30:00;CAD;2;Trimmed CPI y/y;1.6%;;1.6%;;;
2017.01.20 08:32:00;CAD;1;Core CPI m/m;-0.5%;0.2%;-0.3%;;;
2017.01.20 09:00:00;USD;2;FOMC Member Harker Speaks;;;;;;
2017.01.20 12:00:00;USD;3;President Trump Speaks;;;;;;
2017.01.22 04:15:00;All;2;OPEC-JMMC Meetings;;;;;;
2017.01.22 23:30:00;JPY;1;All Industries Activity m/m;0.0%;0.4%;0.3%;;0.2%;
2017.01.23 06:00:00;EUR;1;German Buba Monthly Report;;;;;;
2017.01.23 06:30:00;EUR;3;ECB President Draghi Speaks;;;;;;
2017.01.23 08:30:00;CAD;2;Wholesale Sales m/m;1.3%;0.3%;0.2%;;1.1%;
2017.01.23 09:00:00;CNY;1;CB Leading Index m/m;1.3%;;0.8%;;1.0%;
2017.01.23 10:00:00;EUR;1;Consumer Confidence;-5;-5;-5;;;
2017.01.23 19:30:00;JPY;1;Flash Manufacturing PMI;52.4;52.3;52.8;;51.9;
2017.01.24 03:00:00;EUR;2;French Flash Manufacturing PMI;53.5;53.4;53.4;;;
2017.01.24 03:00:00;EUR;2;French Flash Services PMI;52.9;53.2;53.9;;52.6;
2017.01.24 03:30:00;EUR;2;German Flash Manufacturing PMI;55.6;55.5;56.5;;55.5;
2017.01.24 03:30:00;EUR;2;German Flash Services PMI;54.3;54.6;53.2;;53.8;
2017.01.24 04:00:00;EUR;2;Flash Manufacturing PMI;54.9;54.8;55.1;;;
2017.01.24 04:00:00;EUR;2;Flash Services PMI;53.7;53.9;53.6;;53.1;
2017.01.24 04:30:00;GBP;3;EU Membership Court Ruling;;;;;;
2017.01.24 04:30:00;GBP;2;Public Sector Net Borrowing;10.8B;6.7B;6.4B;;12.2B;
2017.01.24 09:45:00;USD;1;Flash Manufacturing PMI;54.3;54.6;55.1;;54.2;
2017.01.24 10:00:00;USD;2;Existing Home Sales;5.65M;5.54M;5.49M;;5.61M;
2017.01.24 10:00:00;USD;1;Richmond Manufacturing Index;8;7;12;;;
2017.01.24 10:30:00;AUD;1;CB Leading Index m/m;-0.4%;;0.5%;;;
2017.01.24 18:30:00;AUD;1;MI Leading Index m/m;0.0%;;0.4%;;;
2017.01.24 18:50:00;JPY;1;Trade Balance;0.47T;0.22T;0.36T;;0.54T;
2017.01.24 19:30:00;AUD;3;CPI q/q;0.7%;0.7%;0.5%;;;
2017.01.24 19:30:00;AUD;3;Trimmed Mean CPI q/q;0.4%;0.5%;0.4%;;;
2017.01.24 21:00:00;NZD;1;Credit Card Spending y/y;4.1%;;8.5%;;;
2017.01.25 02:00:00;CHF;1;UBS Consumption Indicator;1.45;;1.50;;1.43;
2017.01.25 04:00:00;CHF;1;Credit Suisse Economic Expectations;12.9;;18.5;;;
2017.01.25 04:00:00;EUR;3;German ifo Business Climate;111.0;111.3;109.8;;;
2017.01.25 05:33:00;EUR;1;German 30-y Bond Auction;0.64|1.7;;1.20|1.4;;;
2017.01.25 06:00:00;GBP;1;CBI Industrial Order Expectations;0;2;5;;;
2017.01.25 08:59:00;EUR;1;Belgian NBB Business Climate;-0.2;0.4;0.5;;;
2017.01.25 09:00:00;USD;1;HPI m/m;0.3%;0.4%;0.5%;;0.4%;
2017.01.25 10:30:00;USD;3;Crude Oil Inventories;2.3M;1.5M;2.8M;;;
2017.01.25 11:50:00;GBP;3;BOE Gov Carney Speaks;;;;;;
2017.01.25 11:50:00;AUD;0;Bank Holiday (All Day);;;;;;
2017.01.25 16:45:00;NZD;3;CPI q/q;0.3%;0.3%;0.4%;;;
2017.01.25 18:50:00;JPY;1;SPPI y/y;0.3%;0.4%;0.4%;;;
2017.01.26 02:00:00;CHF;1;Trade Balance;3.50B;2.81B;2.72B;;3.64B;
2017.01.26 02:00:00;EUR;1;German GfK Consumer Climate;9.9;10.0;10.2;;;
2017.01.26 03:00:00;EUR;2;Spanish Unemployment Rate;18.9%;18.9%;18.6%;;;
2017.01.26 03:30:00;EUR;2;German Buba President Weidmann Speaks;;;;;;
2017.01.26 04:00:00;EUR;1;Italian Retail Sales m/m;1.2%;0.1%;-0.7%;;;
2017.01.26 04:30:00;GBP;3;Prelim GDP q/q;0.6%;0.5%;0.6%;;0.5%;
2017.01.26 04:30:00;GBP;1;High Street Lending;41.0K;41.1K;43.2K;;40.7K;
2017.01.26 04:30:00;GBP;1;Index of Services 3m/3m;1.1%;0.9%;1.0%;;1.0%;
2017.01.26 04:30:00;EUR;3;Eurogroup Meetings (All Day);;;;;;
2017.01.26 06:00:00;GBP;1;CBI Realized Sales;35;28;-8;;;
2017.01.26 08:30:00;USD;3;Unemployment Claims;237K;247K;259K;;234K;
2017.01.26 08:30:00;USD;1;Goods Trade Balance;-66.6B;-64.5B;-65.0B;;-65.3B;
2017.01.26 08:30:00;USD;1;Prelim Wholesale Inventories m/m;1.0%;0.9%;1.0%;;0.9%;
2017.01.26 09:45:00;USD;1;Flash Services PMI;53.9;54.4;55.1;;53.4;
2017.01.26 10:00:00;USD;2;New Home Sales;598K;585K;536K;;592K;
2017.01.26 10:00:00;USD;1;CB Leading Index m/m;0.1%;0.5%;0.5%;;0.0%;
2017.01.26 10:30:00;USD;1;Natural Gas Storage;-243B;-121B;-119B;;;
2017.01.26 18:30:00;JPY;2;Tokyo Core CPI y/y;-0.6%;-0.4%;-0.3%;;;
2017.01.26 18:30:00;JPY;1;National Core CPI y/y;-0.4%;-0.3%;-0.2%;;;
2017.01.26 18:30:00;CNY;0;Bank Holiday (All Day);;;;;;
2017.01.26 19:30:00;AUD;1;Import Prices q/q;-1.0%;0.4%;0.2%;;;
2017.01.26 19:30:00;AUD;1;PPI q/q;0.3%;0.2%;0.5%;;;
2017.01.27 00:00:00;JPY;1;BOJ Core CPI y/y;0.2%;0.1%;0.1%;;;
2017.01.27 02:00:00;EUR;1;German Import Prices m/m;0.7%;1.3%;1.9%;;;
2017.01.27 04:00:00;EUR;2;M3 Money Supply y/y;4.8%;4.9%;5.0%;;;
2017.01.27 04:00:00;EUR;1;Private Loans y/y;1.9%;2.0%;2.0%;;;
2017.01.27 04:00:00;EUR;2;ECOFIN Meetings (All Day);;;;;;
2017.01.27 08:30:00;USD;3;Advance GDP q/q;3.5%;2.1%;1.9%;;2.9%;
2017.01.27 08:30:00;USD;3;Core Durable Goods Orders m/m;0.6%;0.5%;0.5%;;0.5%;
2017.01.27 08:30:00;USD;2;Advance GDP Price Index q/q;1.4%;2.1%;2.1%;;1.5%;
2017.01.27 08:30:00;USD;2;Durable Goods Orders m/m;-4.5%;2.7%;-0.4%;;-4.6%;
2017.01.27 10:00:00;USD;2;Revised UoM Consumer Sentiment;98.1;98.2;98.5;;;
2017.01.27 10:00:00;USD;1;Revised UoM Inflation Expectations;2.6%;;2.6%;;;
2017.01.29 16:45:00;NZD;2;Trade Balance;-746M;-95M;-41M;;-705M;
2017.01.29 18:50:00;JPY;1;Retail Sales y/y;1.7%;1.6%;0.6%;;;
2017.01.29 18:50:00;CNY;0;Bank Holiday (All Day);;;;;;
2017.01.30 00:00:00;EUR;2;German Prelim CPI m/m (All Day);0.7%;-0.5%;-0.6%;;;
2017.01.30 02:45:00;AUD;2;RBA Deputy Gov Debelle Speaks;;;;;;
2017.01.30 03:00:00;CHF;2;KOF Economic Barometer;102.1;102.9;101.7;;102.2;
2017.01.30 03:00:00;EUR;2;Spanish Flash GDP q/q;0.7%;0.7%;0.7%;;;
2017.01.30 05:18:00;EUR;1;Italian 10-y Bond Auction;1.77|1.4;;2.37|1.3;;;
2017.01.30 08:30:00;USD;2;Core PCE Price Index m/m;0.0%;0.1%;0.1%;;;
2017.01.30 08:30:00;USD;2;Personal Spending m/m;0.2%;0.4%;0.5%;;;
2017.01.30 08:30:00;USD;1;Personal Income m/m;0.1%;0.4%;0.3%;;0.0%;
2017.01.30 10:00:00;USD;2;Pending Home Sales m/m;-2.5%;1.6%;1.6%;;;
2017.01.30 16:45:00;NZD;1;Visitor Arrivals m/m;0.4%;;-1.3%;;0.5%;
2017.01.30 18:22:00;GBP;1;GfK Consumer Confidence;-7;-8;-5;;;
2017.01.30 18:30:00;JPY;2;Household Spending y/y;-1.5%;-0.8%;-0.3%;;;
2017.01.30 18:30:00;JPY;1;Unemployment Rate;3.1%;3.1%;3.1%;;;
2017.01.30 18:50:00;JPY;1;Prelim Industrial Production m/m;1.5%;0.4%;0.5%;;;
2017.01.30 18:50:00;CNY;0;Bank Holiday (All Day);;;;;;
2017.01.30 19:30:00;AUD;1;NAB Business Confidence;6;;6;;5;
2017.01.30 19:30:00;AUD;1;Private Sector Credit m/m;0.5%;0.5%;0.7%;;;
2017.01.30 21:56:00;JPY;3;BOJ Outlook Report;;;;;;
2017.01.30 21:56:00;JPY;3;BOJ Policy Rate;-0.10%;-0.10%;-0.10%;;;
2017.01.30 21:56:00;JPY;3;Monetary Policy Statement;;;;;;
2017.01.31 00:00:00;JPY;1;Housing Starts y/y;6.7%;8.5%;3.9%;;;
2017.01.31 01:30:00;EUR;1;French Flash GDP q/q;0.2%;0.4%;0.4%;;;
2017.01.31 01:30:00;JPY;3;BOJ Press Conference;;;;;;
2017.01.31 02:00:00;EUR;2;German Retail Sales m/m;-1.7%;0.6%;-0.9%;;-1.8%;
2017.01.31 02:45:00;EUR;1;French Consumer Spending m/m;0.6%;0.2%;-0.8%;;0.4%;
2017.01.31 02:45:00;EUR;1;French Prelim CPI m/m;0.3%;-0.5%;-0.2%;;;
2017.01.31 03:00:00;EUR;3;ECB President Draghi Speaks;;;;;;
2017.01.31 03:00:00;EUR;2;Spanish Flash CPI y/y;1.6%;2.4%;3.0%;;1.5%;
2017.01.31 03:55:00;EUR;2;German Unemployment Change;-20K;-5K;-26K;;-17K;
2017.01.31 04:00:00;EUR;1;Italian Monthly Unemployment Rate;12.0%;11.8%;12.0%;;11.9%;
2017.01.31 04:30:00;GBP;2;Net Lending to Individuals m/m;5.1B;5.3B;4.8B;;;
2017.01.31 04:30:00;GBP;1;M4 Money Supply m/m;0.4%;0.3%;-0.5%;;;
2017.01.31 04:30:00;GBP;1;Mortgage Approvals;67K;69K;68K;;68K;
2017.01.31 05:00:00;EUR;2;CPI Flash Estimate y/y;1.1%;1.5%;1.8%;;;
2017.01.31 05:00:00;EUR;2;Core CPI Flash Estimate y/y;0.9%;0.9%;0.9%;;;
2017.01.31 05:00:00;EUR;2;Prelim Flash GDP q/q;0.3%;0.4%;0.5%;;;
2017.01.31 05:00:00;EUR;1;Unemployment Rate;9.7%;9.8%;9.6%;;9.8%;
2017.01.31 05:33:00;GBP;1;10-y Bond Auction;1.16|2.5;;1.45|2.3;;;
2017.01.31 08:30:00;CAD;3;GDP m/m;-0.2%;0.3%;0.4%;;-0.3%;
2017.01.31 08:30:00;CAD;2;RMPI m/m;-1.6%;2.9%;6.5%;;-2.0%;
2017.01.31 08:30:00;CAD;1;IPPI m/m;0.4%;0.5%;0.4%;;0.3%;
2017.01.31 08:30:00;USD;2;Employment Cost Index q/q;0.6%;0.6%;0.5%;;;
2017.01.31 09:00:00;USD;1;SP/CS Composite-20 HPI y/y;5.1%;5.0%;5.3%;;;
2017.01.31 09:45:00;USD;2;Chicago PMI;54.6;55.1;50.3;;;
2017.01.31 10:00:00;USD;3;CB Consumer Confidence;113.3;112.6;111.8;;113.7;
2017.01.31 16:45:00;NZD;3;Employment Change q/q;1.3%;0.8%;0.8%;;1.4%;
2017.01.31 16:45:00;NZD;3;Unemployment Rate;4.9%;4.8%;5.2%;;;
2017.01.31 16:45:00;NZD;1;Labor Cost Index q/q;0.4%;0.5%;0.4%;;;
2017.01.31 17:30:00;AUD;1;AIG Manufacturing Index;55.4;;51.2;;;
2017.01.31 17:35:00;CAD;3;BOC Gov Poloz Speaks;;;;;;
2017.01.31 17:35:00;CNY;0;Bank Holiday (All Day);;;;;;
2017.01.31 19:01:00;GBP;1;BRC Shop Price Index y/y;-1.4%;;-1.7%;;;
2017.01.31 19:30:00;JPY;1;Final Manufacturing PMI;52.8;52.8;52.7;;;
2017.01.31 20:00:00;CNY;3;Manufacturing PMI;51.4;51.2;51.3;;;
2017.01.31 20:00:00;CNY;2;Non-Manufacturing PMI;54.5;;54.6;;;
