2018.04.01 00:00:00;NZD;0;Bank Holiday (All Day);;;;;;
2018.04.01 00:00:00;AUD;0;Bank Holiday (All Day);;;;;;
2018.04.01 19:50:00;JPY;1;Tankan Manufacturing Index;26;25;24;;25;
2018.04.01 19:50:00;JPY;1;Tankan Non-Manufacturing Index;25;24;23;;23;
2018.04.01 20:30:00;JPY;1;Final Manufacturing PMI;53.2;53.2;53.1;;;
2018.04.01 21:00:00;AUD;1;MI Inflation Gauge m/m;-0.1%;;0.1%;;;
2018.04.01 21:45:00;CNY;2;Caixin Manufacturing PMI;51.6;51.8;51.0;;;
2018.04.02 00:00:00;CHF;0;Bank Holiday (All Day);;;;;;
2018.04.02 00:00:00;EUR;0;French Bank Holiday (All Day);;;;;;
2018.04.02 00:00:00;EUR;0;German Bank Holiday (All Day);;;;;;
2018.04.02 00:00:00;EUR;0;Italian Bank Holiday (All Day);;;;;;
2018.04.02 00:00:00;GBP;0;Bank Holiday (All Day);;;;;;
2018.04.02 09:30:00;CAD;1;Manufacturing PMI;55.6;;55.7;;;
2018.04.02 09:45:00;USD;1;Final Manufacturing PMI;55.7;55.7;55.6;;;
2018.04.02 10:00:00;USD;3;ISM Manufacturing PMI;60.8;60.1;59.3;;;
2018.04.02 10:00:00;USD;1;Construction Spending m/m;0.0%;0.4%;0.1%;;;
2018.04.02 10:00:00;USD;1;ISM Manufacturing Prices;74.2;72.5;78.1;;;
2018.04.02 18:30:00;AUD;1;AIG Manufacturing Index;57.5;;63.1;;;
2018.04.02 19:50:00;JPY;1;Monetary Base y/y;9.4%;9.6%;9.1%;;;
2018.04.02 21:30:00;AUD;1;ANZ Job Advertisements m/m;-0.4%;;0.0%;;-0.3%;
2018.04.02 23:45:00;JPY;1;10-y Bond Auction;0.06|4.5;;0.03|4.2;;;
2018.04.03 00:30:00;AUD;3;RBA Rate Statement;;;;;;
2018.04.03 00:30:00;AUD;2;Cash Rate;1.50%;1.50%;1.50%;;;
2018.04.03 02:00:00;EUR;2;German Retail Sales m/m;-0.3%;0.7%;-0.7%;;-0.7%;
2018.04.03 02:30:00;AUD;1;Commodity Prices y/y;-2.8%;;-2.1%;;-1.0%;
2018.04.03 03:00:00;EUR;1;Spanish Unemployment Change;-6.3K;-47.5K;-47.7K;;;
2018.04.03 03:15:00;CHF;1;Retail Sales y/y;-0.4%;-0.7%;-0.2%;;-1.4%;
2018.04.03 03:15:00;EUR;1;Spanish Manufacturing PMI;56.0;54.7;54.8;;;
2018.04.03 03:30:00;CHF;1;Manufacturing PMI;65.5;64.3;60.3;;;
2018.04.03 03:45:00;EUR;1;Italian Manufacturing PMI;56.8;55.6;55.1;;;
2018.04.03 03:50:00;EUR;1;French Final Manufacturing PMI;53.6;53.6;53.7;;;
2018.04.03 03:55:00;EUR;1;German Final Manufacturing PMI;58.4;58.4;58.2;;;
2018.04.03 04:00:00;EUR;1;Final Manufacturing PMI;56.6;56.6;56.6;;;
2018.04.03 04:30:00;GBP;3;Final Manufacturing PMI;55.0;54.8;55.1;;55.2;
2018.04.03 10:05:00;USD;1;IBD/TIPP Economic Optimism;55.6;55.2;52.6;;;
2018.04.03 10:33:00;NZD;2;GDT Price Index;-1.2%;;-0.6%;;;
2018.04.03 10:33:00;USD;1;Total Vehicle Sales (All Day);17.1M;16.9M;17.5M;;;
2018.04.03 10:33:00;USD;1;Wards Total Vehicle Sales (All Day);17.0M;16.9M;17.4M;;;
2018.04.03 16:30:00;USD;2;FOMC Member Brainard Speaks;;;;;;
2018.04.03 19:01:00;GBP;1;BRC Shop Price Index y/y;-0.8%;;-1.0%;;;
2018.04.03 21:30:00;AUD;3;Retail Sales m/m;0.2%;0.3%;0.6%;;0.1%;
2018.04.03 21:30:00;AUD;2;Building Approvals m/m;17.2%;-5.1%;-6.2%;;17.1%;
2018.04.03 21:45:00;CNY;2;Caixin Services PMI;54.2;54.5;52.3;;;
2018.04.04 04:00:00;EUR;1;Italian Monthly Unemployment Rate;11.1%;11.0%;10.9%;;;
2018.04.04 04:30:00;GBP;3;Construction PMI;51.4;50.9;47.0;;;
2018.04.04 05:00:00;EUR;2;CPI Flash Estimate y/y;1.1%;1.4%;1.4%;;1.2%;
2018.04.04 05:00:00;EUR;2;Core CPI Flash Estimate y/y;1.0%;1.1%;1.0%;;;
2018.04.04 05:00:00;EUR;1;Unemployment Rate;8.6%;8.5%;8.5%;;;
2018.04.04 08:15:00;USD;3;ADP Non-Farm Employment Change;246K;208K;241K;;235K;
2018.04.04 09:45:00;USD;1;Final Services PMI;54.1;54.3;54.0;;;
2018.04.04 10:00:00;USD;3;ISM Services PMI;59.5;59.0;58.8;;;
2018.04.04 10:00:00;USD;1;Factory Orders m/m;-1.3%;1.7%;1.2%;;-1.4%;
2018.04.04 10:30:00;USD;3;Crude Oil Inventories;1.6M;1.4M;-4.6M;;;
2018.04.04 11:00:00;USD;2;FOMC Member Mester Speaks;;;;;;
2018.04.04 18:30:00;AUD;1;AIG Services Index;54.0;;56.9;;;
2018.04.04 18:30:00;CNY;0;Bank Holiday (All Day);;;;;;
2018.04.04 21:00:00;NZD;1;ANZ Commodity Prices m/m;2.8%;;1.2%;;;
2018.04.04 21:30:00;AUD;3;Trade Balance;0.95B;0.68B;0.83B;;1.06B;
2018.04.05 02:00:00;EUR;1;German Factory Orders m/m;-3.5%;1.6%;0.3%;;-3.9%;
2018.04.05 03:15:00;CHF;1;CPI m/m;0.4%;0.2%;0.4%;;;
2018.04.05 03:15:00;EUR;1;Spanish Services PMI;57.3;56.2;56.2;;;
2018.04.05 03:45:00;EUR;1;Italian Services PMI;55.0;53.9;52.6;;;
2018.04.05 03:50:00;EUR;1;French Final Services PMI;56.8;56.8;56.9;;;
2018.04.05 03:55:00;EUR;1;German Final Services PMI;54.2;54.2;53.9;;;
2018.04.05 04:00:00;EUR;1;Final Services PMI;55.0;55.0;54.9;;;
2018.04.05 04:30:00;GBP;3;Final Services PMI;54.5;53.9;51.7;;;
2018.04.05 04:57:00;EUR;1;Spanish 10-y Bond Auction;1.36|1.3;;1.15|1.5;;;
2018.04.05 05:00:00;EUR;1;PPI m/m;0.4%;0.0%;0.1%;;;
2018.04.05 05:00:00;EUR;1;Retail Sales m/m;-0.3%;0.6%;0.1%;;-0.1%;
2018.04.05 05:03:00;EUR;1;French 10-y Bond Auction;0.90|1.9;;0.74|1.9;;;
2018.04.05 07:30:00;USD;1;Challenger Job Cuts y/y;-4.3%;;39.4%;;;
2018.04.05 08:30:00;CAD;3;Trade Balance;-1.9B;-2.1B;-2.7B;;-1.9B;
2018.04.05 08:30:00;USD;2;Unemployment Claims;218K;225K;242K;;215K;
2018.04.05 08:30:00;USD;1;Trade Balance;-56.7B;-56.9B;-57.6B;;-56.6B;
2018.04.05 10:30:00;USD;1;Natural Gas Storage;-63B;-29B;-29B;;;
2018.04.05 12:00:00;CHF;2;Gov Board Member Maechler Speaks;;;;;;
2018.04.05 13:00:00;USD;2;FOMC Member Bostic Speaks;;;;;;
2018.04.05 19:30:00;JPY;1;Household Spending y/y;1.9%;0.3%;-0.9%;;;
2018.04.05 20:00:00;JPY;1;Average Cash Earnings y/y;1.2%;0.5%;1.3%;;0.7%;
2018.04.05 20:00:00;CNY;0;Bank Holiday (All Day);;;;;;
2018.04.06 01:00:00;JPY;1;Leading Indicators;105.6%;105.5%;105.8%;;104.8%;
2018.04.06 02:00:00;EUR;1;German Industrial Production m/m;0.1%;0.2%;-1.6%;;-0.1%;
2018.04.06 02:45:00;EUR;1;French Gov Budget Balance;-10.8B;;-28.5B;;;
2018.04.06 02:45:00;EUR;1;French Trade Balance;-5.4B;-5.3B;-5.2B;;-5.6B;
2018.04.06 03:00:00;CHF;1;Foreign Currency Reserves;732B;;738B;;733B;
2018.04.06 04:10:00;EUR;1;Retail PMI;52.3;;50.1;;;
2018.04.06 04:30:00;GBP;1;Housing Equity Withdrawal q/q;-6.3B;-6.7B;-6.7B;;-5.9B;
2018.04.06 08:30:00;CAD;3;Employment Change;15.4K;20.1K;32.3K;;;
2018.04.06 08:30:00;CAD;3;Unemployment Rate;5.8%;5.8%;5.8%;;;
2018.04.06 08:30:00;USD;3;Average Hourly Earnings m/m;0.1%;0.3%;0.3%;;;
2018.04.06 08:30:00;USD;3;Non-Farm Employment Change;326K;188K;103K;;313K;
2018.04.06 08:30:00;USD;3;Unemployment Rate;4.1%;4.0%;4.1%;;;
2018.04.06 10:00:00;CAD;2;Ivey PMI;59.6;60.2;59.8;;;
2018.04.06 11:15:00;GBP;3;BOE Gov Carney Speaks;;;;;;
2018.04.06 13:30:00;USD;3;Fed Chair Powell Speaks;;;;;;
2018.04.06 15:00:00;USD;1;Consumer Credit m/m;15.6B;15.3B;10.6B;;13.9B;
2018.04.08 18:30:00;AUD;1;AIG Construction Index;56.0;;57.2;;;
2018.04.08 19:50:00;JPY;1;Current Account;2.02T;1.39T;1.02T;;;
2018.04.09 01:03:00;JPY;1;Consumer Confidence;44.3;44.6;44.3;;;
2018.04.09 01:45:00;CHF;1;Unemployment Rate;2.9%;2.9%;2.9%;;;
2018.04.09 02:00:00;EUR;1;German Trade Balance;21.5B;23.1B;19.2B;;21.3B;
2018.04.09 02:00:00;JPY;1;Economy Watchers Sentiment;48.6;48.1;48.9;;;
2018.04.09 03:30:00;GBP;2;Halifax HPI m/m;0.5%;0.1%;1.5%;;0.4%;
2018.04.09 04:30:00;EUR;1;Sentix Investor Confidence;24.0;21.2;19.6;;;
2018.04.09 10:30:00;CAD;3;BOC Business Outlook Survey;;;;;;
2018.04.09 18:00:00;NZD;2;NZIER Business Confidence;-12;;-11;;;
2018.04.09 19:01:00;GBP;1;BRC Retail Sales Monitor y/y;0.6%;;1.4%;;;
2018.04.09 21:30:00;AUD;2;NAB Business Confidence;9;;7;;;
2018.04.10 01:57:00;JPY;1;Prelim Machine Tool Orders y/y;39.5%;;28.1%;;;
2018.04.10 02:45:00;EUR;1;French Industrial Production m/m;-1.8%;1.5%;1.2%;;-2.0%;
2018.04.10 04:00:00;EUR;1;Italian Industrial Production m/m;-1.8%;1.0%;-0.5%;;-1.9%;
2018.04.10 05:00:00;GBP;2;MPC Member Haldane Speaks;;;;;;
2018.04.10 06:00:00;USD;1;NFIB Small Business Index;107.6;107.0;104.7;;;
2018.04.10 08:13:00;CAD;1;Housing Starts;231K;219K;225K;;230K;
2018.04.10 08:30:00;CAD;2;Building Permits m/m;5.2%;-1.5%;-2.6%;;5.6%;
2018.04.10 08:30:00;USD;3;PPI m/m;0.2%;0.1%;0.3%;;;
2018.04.10 08:30:00;USD;2;Core PPI m/m;0.2%;0.2%;0.3%;;;
2018.04.10 10:00:00;USD;1;Final Wholesale Inventories m/m;1.1%;0.8%;1.0%;;;
2018.04.10 19:50:00;JPY;1;Bank Lending y/y;2.1%;2.1%;2.0%;;;
2018.04.10 19:50:00;JPY;1;Core Machinery Orders m/m;8.2%;-2.6%;2.1%;;;
2018.04.10 19:50:00;JPY;1;PPI y/y;2.6%;2.1%;2.1%;;2.5%;
2018.04.10 20:30:00;AUD;1;Westpac Consumer Sentiment;0.2%;;-0.6%;;;
2018.04.10 21:30:00;CNY;2;CPI y/y;2.9%;2.6%;2.1%;;;
2018.04.10 21:30:00;CNY;2;PPI y/y;3.7%;3.2%;3.1%;;;
2018.04.11 01:00:00;AUD;3;RBA Gov Lowe Speaks;;;;;;
2018.04.11 04:00:00;EUR;1;Italian Retail Sales m/m;-0.5%;0.3%;0.4%;;;
2018.04.11 04:30:00;GBP;3;Manufacturing Production m/m;0.0%;0.2%;-0.2%;;0.1%;
2018.04.11 04:30:00;GBP;2;Goods Trade Balance;-12.2B;-12.0B;-10.2B;;-12.3B;
2018.04.11 04:30:00;GBP;1;Construction Output m/m;-3.1%;0.7%;-1.6%;;-3.4%;
2018.04.11 04:30:00;GBP;1;Industrial Production m/m;1.3%;0.4%;0.1%;;;
2018.04.11 05:34:00;EUR;1;German 30-y Bond Auction;1.27|1.1;;1.12|1.0;;;
2018.04.11 07:08:00;GBP;1;NIESR GDP Estimate;0.1%;;0.2%;;0.3%;
2018.04.11 07:10:00;EUR;2;ECB President Draghi Speaks;;;;;;
2018.04.11 08:30:00;USD;3;CPI m/m;0.2%;0.0%;-0.1%;;;
2018.04.11 08:30:00;USD;3;Core CPI m/m;0.2%;0.2%;0.2%;;;
2018.04.11 10:30:00;USD;3;Crude Oil Inventories;-4.6M;-0.6M;3.3M;;;
2018.04.11 13:01:00;USD;1;10-y Bond Auction;2.89|2.5;;2.80|2.5;;;
2018.04.11 14:00:00;USD;3;FOMC Meeting Minutes;;;;;;
2018.04.11 14:00:00;USD;1;Federal Budget Balance;-215.2B;-191.0B;-208.7B;;;
2018.04.11 19:00:00;NZD;2;RBNZ Assist Gov McDermott Speaks;;;;;;
2018.04.11 19:01:00;GBP;1;RICS House Price Balance;0%;2%;0%;;;
2018.04.11 19:50:00;JPY;1;M2 Money Stock y/y;3.2%;3.2%;3.2%;;3.3%;
2018.04.11 20:30:00;JPY;3;BOJ Gov Kuroda Speaks;;;;;;
2018.04.11 21:00:00;AUD;1;MI Inflation Expectations;3.7%;;3.6%;;;
2018.04.11 21:30:00;AUD;1;Home Loans m/m;-1.0%;-0.3%;-0.2%;;-1.1%;
2018.04.11 22:00:00;CNY;1;Foreign Direct Investment ytd/y;0.5%;;0.5%;;;
2018.04.11 23:45:00;JPY;1;30-y Bond Auction;0.75|4.2;;0.71|4.3;;;
2018.04.12 02:30:00;GBP;2;MPC Member Broadbent Speaks;;;;;;
2018.04.12 02:45:00;EUR;1;French Final CPI m/m;1.0%;1.0%;1.0%;;;
2018.04.12 04:30:00;GBP;2;BOE Credit Conditions Survey;;;;;;
2018.04.12 05:00:00;EUR;1;Industrial Production m/m;-0.6%;0.1%;-0.8%;;-1.0%;
2018.04.12 07:30:00;EUR;3;ECB Monetary Policy Meeting Accounts;;;;;;
2018.04.12 08:30:00;CAD;2;NHPI m/m;0.0%;0.1%;-0.2%;;;
2018.04.12 08:30:00;USD;2;Unemployment Claims;242K;231K;233K;;;
2018.04.12 08:30:00;USD;1;Import Prices m/m;0.3%;0.2%;0.0%;;0.4%;
2018.04.12 10:30:00;USD;1;Natural Gas Storage;-29B;-11B;-19B;;;
2018.04.12 12:00:00;EUR;2;German Buba President Weidmann Speaks;;;;;;
2018.04.12 13:01:00;USD;1;30-y Bond Auction;3.11|2.4;;3.04|2.4;;;
2018.04.12 15:00:00;GBP;3;BOE Gov Carney Speaks;;;;;;
2018.04.12 18:30:00;NZD;2;BusinessNZ Manufacturing Index;53.3;;52.2;;53.4;
2018.04.12 21:30:00;AUD;2;RBA Financial Stability Review;;;;;;
2018.04.12 23:09:00;CNY;2;Trade Balance;225B;179B;-30B;;;
2018.04.12 23:10:00;CNY;1;USD-Denominated Trade Balance;33.7B;27.1B;-5.0B;;;
2018.04.13 02:00:00;EUR;1;German Final CPI m/m;0.4%;0.4%;0.4%;;;
2018.04.13 04:00:00;CNY;1;M2 Money Supply y/y;8.8%;8.9%;8.2%;;;
2018.04.13 04:00:00;CNY;1;New Loans;839B;1326B;1120B;;;
2018.04.13 05:00:00;EUR;1;Trade Balance;20.2B;20.2B;21.0B;;19.9B;
2018.04.13 10:00:00;USD;2;Prelim UoM Consumer Sentiment;101.4;100.6;97.8;;102.0;
2018.04.13 10:00:00;USD;1;JOLTS Job Openings;6.23M;6.11M;6.05M;;6.31M;
2018.04.13 10:00:00;USD;1;Prelim UoM Inflation Expectations;2.8%;;2.7%;;2.9%;
2018.04.13 17:00:00;USD;2;Treasury Currency Report;;;;;;
2018.04.15 18:45:00;NZD;1;FPI m/m;-0.5%;;1.0%;;;
2018.04.15 19:01:00;GBP;1;Rightmove HPI m/m;1.5%;;0.4%;;;
2018.04.16 01:52:00;EUR;1;German WPI m/m;-0.3%;0.4%;0.0%;;;
2018.04.16 03:15:00;CHF;2;PPI m/m;0.3%;0.4%;-0.2%;;;
2018.04.16 08:30:00;USD;3;Core Retail Sales m/m;0.2%;0.2%;0.2%;;;
2018.04.16 08:30:00;USD;3;Retail Sales m/m;-0.1%;0.4%;0.6%;;;
2018.04.16 08:30:00;USD;2;Empire State Manufacturing Index;22.5;19.8;15.8;;;
2018.04.16 09:30:00;GBP;1;CB Leading Index m/m;0.0%;;-0.4%;;;
2018.04.16 10:00:00;USD;1;Business Inventories m/m;0.6%;0.6%;0.6%;;;
2018.04.16 10:00:00;USD;1;NAHB Housing Market Index;70;71;69;;;
2018.04.16 13:15:00;USD;2;FOMC Member Bostic Speaks;;;;;;
2018.04.16 16:00:00;USD;1;TIC Long-Term Purchases;61.4B;52.3B;49.0B;;62.1B;
2018.04.16 21:30:00;AUD;3;Monetary Policy Meeting Minutes;;;;;;
2018.04.16 22:00:00;CNY;3;GDP q/y;6.8%;6.8%;6.8%;;;
2018.04.16 22:00:00;CNY;2;Fixed Asset Investment ytd/y;7.9%;7.7%;7.5%;;;
2018.04.16 22:00:00;CNY;2;Industrial Production y/y;7.2%;6.4%;6.0%;;;
2018.04.16 22:00:00;CNY;2;NBS Press Conference;;;;;;
2018.04.16 22:00:00;CNY;1;Retail Sales y/y;9.7%;9.7%;10.1%;;;
2018.04.16 22:00:00;CNY;1;Unemployment Rate;5.0%;;5.1%;;;
2018.04.17 00:30:00;JPY;1;Revised Industrial Production m/m;4.1%;4.0%;2.0%;;;
2018.04.17 04:30:00;GBP;3;Average Earnings Index 3m/y;2.8%;3.0%;2.8%;;;
2018.04.17 04:30:00;GBP;2;Claimant Count Change;15.1K;13.3K;11.6K;;9.2K;
2018.04.17 04:30:00;GBP;2;Unemployment Rate;4.3%;4.3%;4.2%;;;
2018.04.17 05:00:00;EUR;2;German ZEW Economic Sentiment;5.1;-0.8;-8.2;;;
2018.04.17 05:00:00;EUR;1;Italian Trade Balance;-0.09B;2.23B;3.10B;;;
2018.04.17 05:00:00;EUR;1;ZEW Economic Sentiment;13.4;7.3;1.9;;;
2018.04.17 08:30:00;CAD;2;Foreign Securities Purchases;5.63B;7.24B;3.96B;;5.68B;
2018.04.17 08:30:00;CAD;2;Manufacturing Sales m/m;-1.3%;1.0%;1.9%;;-1.0%;
2018.04.17 08:30:00;USD;3;Building Permits;1.32M;1.33M;1.35M;;1.30M;
2018.04.17 08:30:00;USD;2;Housing Starts;1.30M;1.27M;1.32M;;1.24M;
2018.04.17 09:15:00;USD;2;Capacity Utilization Rate;78.1%;77.9%;78.0%;;;
2018.04.17 09:15:00;USD;2;FOMC Member Williams Speaks;;;;;;
2018.04.17 09:15:00;USD;2;Industrial Production m/m;1.1%;0.3%;0.5%;;;
2018.04.17 10:00:00;USD;2;FOMC Member Quarles Speaks;;;;;;
2018.04.17 10:26:00;NZD;2;GDT Price Index;-0.6%;;2.7%;;;
2018.04.17 17:40:00;USD;2;FOMC Member Bostic Speaks;;;;;;
2018.04.17 19:50:00;JPY;1;Trade Balance;-0.21T;0.10T;0.12T;;-0.20T;
2018.04.17 20:30:00;AUD;1;MI Leading Index m/m;0.4%;;-0.2%;;0.3%;
2018.04.18 04:30:00;GBP;3;CPI y/y;2.7%;2.7%;2.5%;;;
2018.04.18 04:30:00;GBP;2;PPI Input m/m;-0.4%;0.3%;-0.1%;;-1.1%;
2018.04.18 04:30:00;GBP;2;RPI y/y;3.6%;3.5%;3.3%;;;
2018.04.18 04:30:00;GBP;1;Core CPI y/y;2.4%;2.5%;2.3%;;;
2018.04.18 04:30:00;GBP;1;HPI y/y;4.7%;4.8%;4.4%;;4.9%;
2018.04.18 04:30:00;GBP;1;PPI Output m/m;0.0%;0.1%;0.2%;;;
2018.04.18 05:00:00;EUR;2;Final CPI y/y;1.4%;1.4%;1.3%;;;
2018.04.18 05:00:00;EUR;1;Final Core CPI y/y;1.0%;1.0%;1.0%;;;
2018.04.18 05:32:00;EUR;1;German 10-y Bond Auction;0.60|1.3;;0.51|1.4;;;
2018.04.18 10:00:00;CAD;3;BOC Monetary Policy Report;;;;;;
2018.04.18 10:00:00;CAD;3;BOC Rate Statement;;;;;;
2018.04.18 10:00:00;CAD;3;Overnight Rate;1.25%;1.25%;1.25%;;;
2018.04.18 10:30:00;USD;3;Crude Oil Inventories;3.3M;-0.5M;-1.1M;;;
2018.04.18 11:15:00;CAD;3;BOC Press Conference;;;;;;
2018.04.18 14:00:00;USD;1;Beige Book;;;;;;
2018.04.18 15:15:00;USD;2;FOMC Member Dudley Speaks;;;;;;
2018.04.18 16:15:00;USD;2;FOMC Member Quarles Speaks;;;;;;
2018.04.18 18:45:00;NZD;3;CPI q/q;0.1%;0.4%;0.5%;;;
2018.04.18 21:30:00;AUD;3;Employment Change;-6.3K;20.3K;4.9K;;17.5K;
2018.04.18 21:30:00;AUD;3;Unemployment Rate;5.5%;5.5%;5.5%;;5.6%;
2018.04.18 21:30:00;AUD;1;NAB Quarterly Business Confidence;7;;7;;6;
2018.04.19 04:00:00;EUR;1;Current Account;39.0B;32.3B;35.1B;;37.6B;
2018.04.19 04:30:00;GBP;3;Retail Sales m/m;0.8%;-0.5%;-1.2%;;;
2018.04.19 04:44:00;EUR;1;Spanish 10-y Bond Auction;1.15|1.5;;1.24|1.3;;;
2018.04.19 05:36:00;GBP;1;10-y Bond Auction;1.58|2.6;;1.60|2.4;;;
2018.04.19 08:00:00;USD;2;FOMC Member Brainard Speaks;;;;;;
2018.04.19 08:30:00;CAD;1;ADP Non-Farm Employment Change;16.2K;;42.8K;;32.7K;
2018.04.19 08:30:00;USD;2;Philly Fed Manufacturing Index;22.3;20.8;23.2;;;
2018.04.19 08:30:00;USD;2;Unemployment Claims;233K;230K;232K;;;
2018.04.19 09:30:00;USD;2;FOMC Member Quarles Speaks;;;;;;
2018.04.19 10:00:00;USD;1;CB Leading Index m/m;0.7%;0.3%;0.3%;;0.6%;
2018.04.19 10:30:00;USD;1;Natural Gas Storage;-19B;-23B;-36B;;;
2018.04.19 12:30:00;GBP;2;MPC Member Cunliffe Speaks;;;;;;
2018.04.19 18:45:00;USD;2;FOMC Member Mester Speaks;;;;;;
2018.04.19 19:30:00;JPY;1;National Core CPI y/y;1.0%;0.9%;0.9%;;;
2018.04.20 00:30:00;JPY;1;Tertiary Industry Activity m/m;-0.4%;0.1%;0.0%;;-0.6%;
2018.04.20 02:00:00;EUR;1;German PPI m/m;-0.1%;0.2%;0.1%;;;
2018.04.20 02:00:00;All;2;OPEC-JMMC Meetings (All Day);;;;;;
2018.04.20 05:30:00;GBP;2;MPC Member Saunders Speaks;;;;;;
2018.04.20 07:30:00;EUR;2;German Buba President Weidmann Speaks;;;;;;
2018.04.20 08:30:00;CAD;3;CPI m/m;0.6%;0.4%;0.3%;;;
2018.04.20 08:30:00;CAD;3;Core Retail Sales m/m;1.0%;0.4%;0.0%;;0.9%;
2018.04.20 08:30:00;CAD;2;Common CPI y/y;1.9%;;1.9%;;;
2018.04.20 08:30:00;CAD;2;Median CPI y/y;2.1%;;2.1%;;;
2018.04.20 08:30:00;CAD;2;Retail Sales m/m;0.1%;0.4%;0.4%;;0.3%;
2018.04.20 08:30:00;CAD;2;Trimmed CPI y/y;2.1%;;2.0%;;;
2018.04.20 08:30:00;CAD;1;Core CPI m/m;0.7%;;0.2%;;;
2018.04.20 10:00:00;EUR;1;Consumer Confidence;0;0;0;;;
2018.04.20 10:00:00;All;1;IMF Meetings (Day 1);;;;;;
2018.04.20 11:15:00;USD;2;FOMC Member Williams Speaks;;;;;;
2018.04.21 00:00:00;All;1;IMF Meetings (Day 2);;;;;;
2018.04.22 00:00:00;All;1;IMF Meetings (Day 3);;;;;;
2018.04.22 20:30:00;JPY;1;Flash Manufacturing PMI;53.1;53.4;53.3;;53.2;
2018.04.22 23:00:00;NZD;1;Credit Card Spending y/y;7.0%;;7.2%;;;
2018.04.23 03:00:00;EUR;2;French Flash Manufacturing PMI;53.7;53.4;53.4;;53.6;
2018.04.23 03:00:00;EUR;2;French Flash Services PMI;56.9;56.6;57.4;;56.8;
2018.04.23 03:30:00;EUR;2;German Flash Manufacturing PMI;58.2;57.6;58.1;;58.4;
2018.04.23 03:30:00;EUR;2;German Flash Services PMI;53.9;53.9;54.1;;54.2;
2018.04.23 04:00:00;EUR;2;Flash Manufacturing PMI;56.6;56.6;56.0;;;
2018.04.23 04:00:00;EUR;2;Flash Services PMI;54.9;54.8;55.0;;55.0;
2018.04.23 06:00:00;EUR;1;German Buba Monthly Report;;;;;;
2018.04.23 08:30:00;CAD;1;Wholesale Sales m/m;0.3%;0.3%;-0.8%;;0.1%;
2018.04.23 09:45:00;USD;1;Flash Manufacturing PMI;55.6;55.2;56.5;;55.7;
2018.04.23 09:45:00;USD;1;Flash Services PMI;54.0;54.3;54.4;;54.1;
2018.04.23 10:00:00;USD;2;Existing Home Sales;5.54M;5.55M;5.60M;;;
2018.04.23 10:30:00;AUD;1;CB Leading Index m/m;-0.3%;;0.3%;;-0.1%;
2018.04.23 15:30:00;CAD;3;BOC Gov Poloz Speaks;;;;;;
2018.04.23 18:00:00;AUD;2;RBA Assist Gov Kent Speaks;;;;;;
2018.04.23 18:45:00;NZD;1;Visitor Arrivals m/m;3.6%;;-2.1%;;2.0%;
2018.04.23 19:50:00;JPY;1;SPPI y/y;0.7%;0.5%;0.5%;;0.6%;
2018.04.23 21:30:00;AUD;3;CPI q/q;0.6%;0.5%;0.4%;;;
2018.04.23 21:30:00;AUD;3;Trimmed Mean CPI q/q;0.4%;0.5%;0.5%;;;
2018.04.24 01:00:00;JPY;1;BOJ Core CPI y/y;0.8%;0.7%;0.7%;;;
2018.04.24 02:00:00;CHF;1;Trade Balance;3.08B;3.23B;1.77B;;3.14B;
2018.04.24 04:00:00;EUR;2;German ifo Business Climate;103.3;102.7;102.1;;103.2;
2018.04.24 04:30:00;GBP;2;Public Sector Net Borrowing;-0.4B;1.1B;-0.3B;;-0.3B;
2018.04.24 06:00:00;GBP;1;CBI Industrial Order Expectations;4;4;4;;;
2018.04.24 08:58:00;EUR;1;Belgian NBB Business Climate;0.1;-0.6;1.0;;;
2018.04.24 09:00:00;USD;1;HPI m/m;0.9%;0.5%;0.6%;;0.8%;
2018.04.24 09:00:00;USD;1;SP/CS Composite-20 HPI y/y;6.4%;6.3%;6.8%;;;
2018.04.24 09:59:00;USD;1;Richmond Manufacturing Index;15;16;-3;;;
2018.04.24 10:00:00;USD;3;CB Consumer Confidence;127.0;126.0;128.7;;127.7;
2018.04.24 10:00:00;USD;1;New Home Sales;667K;625K;694K;;618K;
2018.04.24 10:00:00;NZD;0;Bank Holiday (All Day);;;;;;
2018.04.24 10:00:00;AUD;0;Bank Holiday (All Day);;;;;;
2018.04.25 00:30:00;JPY;1;All Industries Activity m/m;-1.1%;0.6%;0.4%;;-1.8%;
2018.04.25 00:30:00;EUR;0;Italian Bank Holiday (All Day);;;;;;
2018.04.25 04:00:00;CHF;1;Credit Suisse Economic Expectations;16.7;;7.2;;;
2018.04.25 09:00:00;CNY;1;CB Leading Index m/m;1.2%;;1.7%;;1.1%;
2018.04.25 10:30:00;USD;3;Crude Oil Inventories;-1.1M;-1.6M;2.2M;;;
2018.04.25 16:15:00;CAD;3;BOC Gov Poloz Speaks;;;;;;
2018.04.25 21:30:00;AUD;1;Import Prices q/q;2.0%;1.3%;2.1%;;;
2018.04.26 02:00:00;EUR;1;German GfK Consumer Climate;10.9;10.9;10.8;;;
2018.04.26 03:00:00;EUR;2;Spanish Unemployment Rate;16.6%;16.3%;16.7%;;;
2018.04.26 04:30:00;GBP;1;High Street Lending;38.0K;37.1K;37.6K;;38.1K;
2018.04.26 06:00:00;GBP;1;CBI Realized Sales;-8;-3;-2;;;
2018.04.26 07:45:00;EUR;3;Main Refinancing Rate;0.00%;0.00%;0.00%;;;
2018.04.26 07:45:00;EUR;3;Monetary Policy Statement;;;;;;
2018.04.26 08:30:00;EUR;3;ECB Press Conference;;;;;;
2018.04.26 08:30:00;USD;3;Core Durable Goods Orders m/m;1.0%;0.5%;0.0%;;1.2%;
2018.04.26 08:30:00;USD;2;Durable Goods Orders m/m;3.0%;1.6%;2.6%;;3.1%;
2018.04.26 08:30:00;USD;2;Unemployment Claims;233K;230K;209K;;232K;
2018.04.26 08:30:00;USD;1;Goods Trade Balance;-75.9B;-74.8B;-68.0B;;-75.4B;
2018.04.26 08:30:00;USD;1;Prelim Wholesale Inventories m/m;1.0%;0.6%;0.5%;;1.1%;
2018.04.26 10:30:00;USD;1;Natural Gas Storage;-36B;-11B;-18B;;;
2018.04.26 18:05:00;GBP;1;GfK Consumer Confidence;-7;-7;-9;;;
2018.04.26 18:45:00;NZD;2;Trade Balance;172M;270M;-86M;;217M;
2018.04.26 19:30:00;JPY;1;Tokyo Core CPI y/y;0.8%;0.8%;0.6%;;;
2018.04.26 19:30:00;JPY;1;Unemployment Rate;2.5%;2.5%;2.5%;;;
2018.04.26 19:50:00;JPY;1;Prelim Industrial Production m/m;2.0%;0.5%;1.2%;;4.1%;
2018.04.26 19:50:00;JPY;1;Retail Sales y/y;1.7%;1.5%;1.0%;;1.6%;
2018.04.26 21:30:00;AUD;1;PPI q/q;0.6%;0.4%;0.5%;;;
2018.04.26 23:03:00;JPY;3;BOJ Outlook Report;;;;;;
2018.04.26 23:03:00;JPY;3;Monetary Policy Statement;;;;;;
2018.04.26 23:03:00;JPY;2;BOJ Policy Rate;-0.10%;-0.10%;-0.10%;;;
2018.04.27 01:00:00;JPY;1;Housing Starts y/y;-2.6%;-5.1%;-8.3%;;;
2018.04.27 01:30:00;EUR;1;French Flash GDP q/q;0.7%;0.4%;0.3%;;0.6%;
2018.04.27 02:00:00;EUR;1;German Import Prices m/m;-0.6%;0.1%;0.0%;;;
2018.04.27 02:00:00;GBP;1;Nationwide HPI m/m;-0.2%;0.2%;0.2%;;;
2018.04.27 02:29:00;JPY;3;BOJ Press Conference;;;;;;
2018.04.27 02:45:00;EUR;1;French Consumer Spending m/m;2.5%;0.4%;0.1%;;2.4%;
2018.04.27 02:45:00;EUR;1;French Prelim CPI m/m;1.0%;0.1%;0.1%;;;
2018.04.27 03:00:00;EUR;2;Spanish Flash CPI y/y;1.2%;1.2%;1.1%;;;
2018.04.27 03:00:00;EUR;2;Spanish Flash GDP q/q;0.7%;0.7%;0.7%;;;
2018.04.27 03:55:00;EUR;1;German Unemployment Change;-18K;-15K;-7K;;-19K;
2018.04.27 04:00:00;CHF;3;SNB Chairman Jordan Speaks;;;;;;
2018.04.27 04:30:00;GBP;3;Prelim GDP q/q;0.4%;0.3%;0.1%;;0.5%;
2018.04.27 04:30:00;GBP;1;Index of Services 3m/3m;0.6%;0.6%;0.4%;;;
2018.04.27 05:15:00;EUR;1;Italian 10-y Bond Auction;1.83|1.3;;1.70|1.4;;;
2018.04.27 05:15:00;EUR;1;Eurogroup Meetings (All Day);;;;;;
2018.04.27 08:30:00;USD;3;Advance GDP q/q;2.9%;2.0%;2.3%;;2.6%;
2018.04.27 08:30:00;USD;2;Advance GDP Price Index q/q;2.3%;2.2%;2.0%;;2.4%;
2018.04.27 08:30:00;USD;2;Employment Cost Index q/q;0.6%;0.7%;0.8%;;;
2018.04.27 10:00:00;GBP;3;BOE Gov Carney Speaks;;;;;;
2018.04.27 10:00:00;USD;2;Revised UoM Consumer Sentiment;97.8;98.0;98.8;;;
2018.04.27 10:00:00;USD;1;Revised UoM Inflation Expectations;2.7%;;2.7%;;;
2018.04.29 00:00:00;JPY;0;Bank Holiday (All Day);;;;;;
2018.04.29 00:00:00;CNY;0;Bank Holiday (All Day);;;;;;
2018.04.29 21:00:00;AUD;1;MI Inflation Gauge m/m;0.1%;;0.5%;;;
2018.04.29 21:00:00;CNY;2;Manufacturing PMI;51.5;51.3;51.4;;;
2018.04.29 21:00:00;CNY;2;Non-Manufacturing PMI;54.6;54.6;54.8;;;
2018.04.29 21:00:00;NZD;3;Final ANZ Business Confidence;-20.0;;-23.4;;;
2018.04.29 21:15:00;AUD;1;HIA New Home Sales m/m;-0.7%;;-2.0%;;;
2018.04.29 21:30:00;AUD;1;Private Sector Credit m/m;0.4%;0.4%;0.5%;;;
2018.04.30 02:00:00;EUR;2;German Retail Sales m/m;-0.2%;0.8%;-0.6%;;-0.7%;
2018.04.30 02:00:00;EUR;2;German Prelim CPI m/m (All Day);0.4%;-0.1%;0.0%;;;
2018.04.30 03:00:00;CHF;2;KOF Economic Barometer;105.1;105.9;105.3;;106.0;
2018.04.30 04:00:00;EUR;2;M3 Money Supply y/y;4.2%;4.1%;3.7%;;;
2018.04.30 04:00:00;EUR;1;Private Loans y/y;2.9%;2.9%;3.0%;;;
2018.04.30 05:00:00;EUR;1;Italian Prelim CPI m/m;0.3%;0.2%;0.1%;;0.4%;
2018.04.30 05:00:00;EUR;1;ECOFIN Meetings (All Day);;;;;;
2018.04.30 08:30:00;CAD;2;RMPI m/m;-0.4%;0.6%;2.1%;;-0.3%;
2018.04.30 08:30:00;CAD;1;IPPI m/m;0.3%;0.2%;0.8%;;0.1%;
2018.04.30 08:30:00;USD;2;Core PCE Price Index m/m;0.2%;0.2%;0.2%;;;
2018.04.30 08:30:00;USD;2;Personal Spending m/m;0.0%;0.4%;0.4%;;0.2%;
2018.04.30 08:30:00;USD;1;Personal Income m/m;0.3%;0.4%;0.3%;;0.4%;
2018.04.30 09:45:00;USD;2;Chicago PMI;57.4;58.2;57.6;;;
2018.04.30 10:00:00;USD;1;Pending Home Sales m/m;2.8%;0.6%;0.4%;;3.1%;
2018.04.30 14:30:00;CAD;3;BOC Gov Poloz Speaks;;;;;;
2018.04.30 18:30:00;AUD;1;AIG Manufacturing Index;63.1;;58.3;;;
2018.04.30 18:45:00;NZD;1;Building Consents m/m;6.4%;;14.7%;;5.7%;
2018.04.30 18:45:00;CNY;0;Bank Holiday (All Day);;;;;;
2018.04.30 20:30:00;JPY;1;Final Manufacturing PMI;53.3;53.3;53.8;;;
