2019.01.01 00:00:00;CHF;0;Bank Holiday (All Day);;;;;;
2019.01.01 00:00:00;EUR;0;French Bank Holiday (All Day);;;;;;
2019.01.01 00:00:00;EUR;0;German Bank Holiday (All Day);;;;;;
2019.01.01 00:00:00;EUR;0;Italian Bank Holiday (All Day);;;;;;
2019.01.01 00:00:00;GBP;0;Bank Holiday (All Day);;;;;;
2019.01.01 00:00:00;CAD;0;Bank Holiday (All Day);;;;;;
2019.01.01 00:00:00;USD;0;Bank Holiday (All Day);;;;;;
2019.01.01 00:00:00;NZD;0;Bank Holiday (All Day);;;;;;
2019.01.01 00:00:00;JPY;0;Bank Holiday (All Day);;;;;;
2019.01.01 20:45:00;CNY;1;Caixin Manufacturing PMI;50.2;50.1;49.7;;;
2019.01.02 00:30:00;AUD;1;Commodity Prices y/y;13.4%;;10.5%;;14.9%;
2019.01.02 00:30:00;CHF;0;Bank Holiday (All Day);;;;;;
2019.01.02 03:15:00;EUR;1;Spanish Manufacturing PMI;52.6;52.4;51.1;;;
2019.01.02 03:45:00;EUR;1;Italian Manufacturing PMI;48.6;48.5;49.2;;;
2019.01.02 03:50:00;EUR;1;French Final Manufacturing PMI;49.7;49.7;49.7;;;
2019.01.02 03:55:00;EUR;1;German Final Manufacturing PMI;51.5;51.5;51.5;;;
2019.01.02 04:00:00;EUR;1;Final Manufacturing PMI;51.4;51.4;51.4;;;
2019.01.02 04:30:00;GBP;2;Final Manufacturing PMI;53.6;52.5;54.2;;53.1;
2019.01.02 09:30:00;CAD;1;Manufacturing PMI;54.9;;53.6;;;
2019.01.02 09:45:00;USD;1;Final Manufacturing PMI;53.9;53.9;53.8;;;
2019.01.02 09:56:00;NZD;1;GDT Price Index;1.7%;;2.8%;;;
2019.01.02 09:56:00;JPY;0;Bank Holiday (All Day);;;;;;
2019.01.03 03:00:00;EUR;1;Spanish Unemployment Change;-1.8K;-56.3K;-50.6K;;;
2019.01.03 03:30:00;CHF;1;Manufacturing PMI;57.7;57.0;57.8;;;
2019.01.03 04:00:00;EUR;1;M3 Money Supply y/y;3.9%;3.8%;3.7%;;;
2019.01.03 04:07:00;EUR;1;Private Loans y/y;3.2%;3.3%;3.3%;;;
2019.01.03 04:30:00;GBP;1;Construction PMI;53.4;52.9;52.8;;;
2019.01.03 04:55:00;EUR;1;Spanish 10-y Bond Auction;1.46|1.9;;1.40|1.3;;;
2019.01.03 07:30:00;USD;1;Challenger Job Cuts y/y;51.5%;;35.3%;;;
2019.01.03 08:15:00;USD;2;ADP Non-Farm Employment Change;157K;179K;271K;;179K;
2019.01.03 08:30:00;USD;1;Unemployment Claims;221K;220K;231K;;216K;
2019.01.03 10:00:00;USD;3;ISM Manufacturing PMI;59.3;57.7;54.1;;;
2019.01.03 10:00:00;USD;1;ISM Manufacturing Prices;60.7;57.9;54.9;;;
2019.01.03 10:00:00;USD;1;Total Vehicle Sales (All Day);17.5M;17.2M;17.6M;;;
2019.01.03 10:00:00;USD;1;Wards Total Vehicle Sales (All Day);17.4M;17.2M;17.5M;;;
2019.01.03 19:01:00;GBP;1;BRC Shop Price Index y/y;0.1%;;0.3%;;;
2019.01.03 19:30:00;JPY;1;Final Manufacturing PMI;52.4;52.4;52.6;;;
2019.01.03 20:45:00;CNY;2;Caixin Services PMI;53.8;52.9;53.9;;;
2019.01.04 01:59:00;GBP;1;Nationwide HPI m/m;0.4%;0.1%;-0.7%;;0.3%;
2019.01.04 02:45:00;EUR;1;French Prelim CPI m/m;-0.2%;0.1%;0.0%;;;
2019.01.04 03:15:00;EUR;1;Spanish Services PMI;54.0;53.8;54.0;;;
2019.01.04 03:45:00;EUR;1;Italian Services PMI;50.3;50.2;50.5;;;
2019.01.04 03:50:00;EUR;1;French Final Services PMI;49.6;49.7;49.0;;;
2019.01.04 03:55:00;EUR;1;German Final Services PMI;52.5;52.5;51.8;;;
2019.01.04 03:55:00;EUR;1;German Unemployment Change;-16K;-12K;-14K;;;
2019.01.04 04:00:00;EUR;1;Final Services PMI;51.4;51.4;51.2;;;
2019.01.04 04:30:00;GBP;2;Final Services PMI;50.4;50.7;51.2;;;
2019.01.04 04:30:00;GBP;2;Net Lending to Individuals m/m;4.8B;4.9B;4.4B;;5.0B;
2019.01.04 04:30:00;GBP;1;M4 Money Supply m/m;0.7%;0.6%;0.0%;;;
2019.01.04 04:30:00;GBP;1;Mortgage Approvals;67K;66K;64K;;;
2019.01.04 05:00:00;EUR;2;CPI Flash Estimate y/y;1.9%;1.8%;1.6%;;2.0%;
2019.01.04 05:00:00;EUR;2;Core CPI Flash Estimate y/y;1.0%;1.0%;1.0%;;;
2019.01.04 05:00:00;EUR;1;PPI m/m;0.8%;-0.2%;-0.3%;;;
2019.01.04 05:00:00;EUR;1;Italian Prelim CPI m/m;-0.2%;0.1%;-0.1%;;-0.1%;
2019.01.04 08:30:00;CAD;3;Employment Change;94.1K;6.8K;9.3K;;;
2019.01.04 08:30:00;CAD;3;Unemployment Rate;5.6%;5.7%;5.6%;;;
2019.01.04 08:30:00;CAD;2;RMPI m/m;-2.3%;0.4%;-11.7%;;-2.4%;
2019.01.04 08:30:00;CAD;1;IPPI m/m;0.2%;0.1%;-0.8%;;;
2019.01.04 08:30:00;USD;3;Average Hourly Earnings m/m;0.2%;0.3%;0.4%;;;
2019.01.04 08:30:00;USD;3;Non-Farm Employment Change;176K;179K;312K;;155K;
2019.01.04 08:30:00;USD;3;Unemployment Rate;3.7%;3.7%;3.9%;;;
2019.01.04 09:45:00;USD;1;Final Services PMI;53.4;53.5;54.4;;;
2019.01.04 10:15:00;USD;3;Fed Chair Powell Speaks;;;;;;
2019.01.04 10:30:00;USD;1;Natural Gas Storage;-48B;-43B;-20B;;;
2019.01.04 11:00:00;USD;1;Crude Oil Inventories;0.0M;-2.8M;0.0M;;;
2019.01.06 16:30:00;AUD;1;AIG Manufacturing Index;51.3;;49.5;;;
2019.01.06 18:50:00;JPY;1;Monetary Base y/y;6.1%;5.8%;4.8%;;;
2019.01.07 02:00:00;EUR;1;German Factory Orders m/m;0.2%;-0.2%;-1.0%;;0.3%;
2019.01.07 02:00:00;EUR;1;German Retail Sales m/m;0.1%;0.4%;1.4%;;-0.3%;
2019.01.07 04:30:00;EUR;1;Sentix Investor Confidence;-0.3;-2.0;-1.5;;;
2019.01.07 05:00:00;EUR;1;Retail Sales m/m;0.6%;0.2%;0.6%;;0.3%;
2019.01.07 10:00:00;CAD;2;Ivey PMI;57.2;58.1;59.7;;;
2019.01.07 10:00:00;USD;3;ISM Services PMI;60.7;59.6;57.6;;;
2019.01.07 19:30:00;AUD;2;Trade Balance;2.01B;2.18B;1.93B;;2.32B;
2019.01.07 19:30:00;AUD;1;ANZ Job Advertisements m/m;-0.4%;;0.0%;;-0.3%;
2019.01.07 22:35:00;JPY;1;10-y Bond Auction;0.07|3.8;;0.02|4.0;;;
2019.01.08 00:07:00;JPY;1;Consumer Confidence;42.9;42.8;42.7;;;
2019.01.08 01:45:00;CHF;1;Unemployment Rate;2.4%;2.4%;2.4%;;;
2019.01.08 02:00:00;EUR;1;German Industrial Production m/m;-0.8%;0.3%;-1.9%;;-0.5%;
2019.01.08 02:30:00;CHF;1;Retail Sales y/y;1.0%;-0.7%;-0.5%;;0.8%;
2019.01.08 02:45:00;EUR;1;French Trade Balance;-4.1B;-4.9B;-5.1B;;;
2019.01.08 03:30:00;GBP;1;Halifax HPI m/m;-1.2%;0.5%;2.2%;;-1.4%;
2019.01.08 05:20:00;USD;1;NFIB Small Business Index;104.8;103.1;104.4;;;
2019.01.08 05:37:00;GBP;1;10-y Bond Auction;1.49|2.0;;1.27|2.2;;;
2019.01.08 08:30:00;CAD;3;Trade Balance;-0.9B;-2.1B;-2.1B;;-1.2B;
2019.01.08 10:00:00;USD;1;JOLTS Job Openings;7.13M;7.07M;6.89M;;7.08M;
2019.01.08 15:00:00;USD;1;Consumer Credit m/m;25.0B;17.3B;22.1B;;25.4B;
2019.01.08 16:30:00;AUD;1;AIG Services Index;55.1;;52.1;;;
2019.01.08 19:00:00;JPY;2;Average Cash Earnings y/y;1.5%;1.3%;2.0%;;;
2019.01.08 19:00:00;NZD;1;ANZ Commodity Prices m/m;-0.5%;;-0.2%;;-0.6%;
2019.01.08 19:30:00;AUD;2;Building Approvals m/m;-1.5%;-0.3%;-9.1%;;;
2019.01.08 21:00:00;USD;3;President Trump Speaks;;;;;;
2019.01.09 02:00:00;EUR;1;German Trade Balance;17.3B;17.9B;19.0B;;;
2019.01.09 02:30:00;CHF;1;CPI m/m;-0.3%;-0.2%;-0.3%;;;
2019.01.09 03:00:00;CHF;1;Foreign Currency Reserves;749B;;729B;;;
2019.01.09 04:00:00;EUR;1;Italian Monthly Unemployment Rate;10.6%;10.5%;10.5%;;;
2019.01.09 05:00:00;EUR;1;Unemployment Rate;8.0%;8.1%;7.9%;;8.1%;
2019.01.09 05:32:00;EUR;1;German 10-y Bond Auction;0.34|1.6;;0.29|1.6;;;
2019.01.09 08:13:00;CAD;1;Housing Starts;224K;207K;213K;;216K;
2019.01.09 09:00:00;USD;2;FOMC Member Evans Speaks;;;;;;
2019.01.09 10:00:00;CAD;3;BOC Monetary Policy Report;;;;;;
2019.01.09 10:00:00;CAD;3;BOC Rate Statement;;;;;;
2019.01.09 10:00:00;CAD;3;Overnight Rate;1.75%;1.75%;1.75%;;;
2019.01.09 10:30:00;GBP;3;BOE Gov Carney Speaks;;;;;;
2019.01.09 10:30:00;USD;1;Crude Oil Inventories;0.0M;-2.4M;-1.7M;;;
2019.01.09 11:15:00;CAD;3;BOC Press Conference;;;;;;
2019.01.09 11:30:00;USD;2;FOMC Member Rosengren Speaks;;;;;;
2019.01.09 13:01:00;USD;1;10-y Bond Auction;2.92|2.4;;2.73|2.5;;;
2019.01.09 14:00:00;USD;3;FOMC Meeting Minutes;;;;;;
2019.01.09 19:01:00;GBP;1;BRC Retail Sales Monitor y/y;-0.5%;-0.3%;-0.7%;;;
2019.01.09 20:30:00;CNY;1;CPI y/y;2.2%;2.1%;1.9%;;;
2019.01.09 20:30:00;CNY;1;PPI y/y;2.7%;1.6%;0.9%;;;
2019.01.09 22:35:00;JPY;1;30-y Bond Auction;0.79|3.8;;0.72|4.0;;;
2019.01.10 00:00:00;JPY;1;Leading Indicators;99.6%;99.5%;99.3%;;100.5%;
2019.01.10 02:45:00;EUR;1;French Industrial Production m/m;1.3%;0.0%;-1.3%;;1.2%;
2019.01.10 04:05:00;EUR;1;Italian Retail Sales m/m;0.2%;0.2%;0.7%;;0.1%;
2019.01.10 05:01:00;EUR;1;French 10-y Bond Auction;0.82|1.8;;0.68|1.7;;;
2019.01.10 05:01:00;GBP;3;Monetary Policy Report Hearings (Tentative);;;;;;
2019.01.10 07:30:00;EUR;2;ECB Monetary Policy Meeting Accounts;;;;;;
2019.01.10 08:30:00;CAD;1;Building Permits m/m;-0.4%;-0.5%;2.6%;;-0.2%;
2019.01.10 08:30:00;CAD;1;NHPI m/m;0.0%;0.0%;0.0%;;;
2019.01.10 08:30:00;USD;1;Unemployment Claims;233K;226K;216K;;231K;
2019.01.10 10:30:00;USD;1;Natural Gas Storage;-20B;-62B;-91B;;;
2019.01.10 12:40:00;USD;2;FOMC Member Bullard Speaks;;;;;;
2019.01.10 12:45:00;USD;3;Fed Chair Powell Speaks;;;;;;
2019.01.10 13:00:00;USD;2;FOMC Member Evans Speaks;;;;;;
2019.01.10 13:01:00;USD;1;30-y Bond Auction;3.17|2.3;;3.04|2.2;;;
2019.01.10 16:30:00;AUD;1;AIG Construction Index;44.5;;42.6;;;
2019.01.10 16:45:00;NZD;1;Building Consents m/m;1.4%;;-2.0%;;1.5%;
2019.01.10 18:30:00;JPY;1;Household Spending y/y;-0.3%;0.0%;-0.6%;;;
2019.01.10 18:50:00;JPY;1;Bank Lending y/y;2.1%;2.1%;2.4%;;;
2019.01.10 18:50:00;JPY;1;Current Account;1.21T;1.10T;1.44T;;;
2019.01.10 19:00:00;USD;2;FOMC Member Clarida Speaks;;;;;;
2019.01.10 19:30:00;AUD;3;Retail Sales m/m;0.3%;0.3%;0.4%;;;
2019.01.11 00:03:00;JPY;1;Economy Watchers Sentiment;51.0;50.5;48.0;;;
2019.01.11 04:00:00;EUR;1;Italian Industrial Production m/m;-0.1%;-0.3%;-1.6%;;0.1%;
2019.01.11 04:30:00;GBP;3;GDP m/m;0.1%;0.1%;0.2%;;;
2019.01.11 04:30:00;GBP;3;Manufacturing Production m/m;-0.6%;0.4%;-0.3%;;-0.9%;
2019.01.11 04:30:00;GBP;1;Construction Output m/m;0.0%;0.2%;0.6%;;-0.2%;
2019.01.11 04:30:00;GBP;1;Goods Trade Balance;-11.9B;-11.4B;-12.0B;;;
2019.01.11 04:30:00;GBP;1;Index of Services 3m/3m;0.3%;0.2%;0.3%;;;
2019.01.11 04:30:00;GBP;1;Industrial Production m/m;-0.5%;0.3%;-0.4%;;-0.6%;
2019.01.11 08:30:00;USD;3;CPI m/m;0.0%;-0.1%;-0.1%;;;
2019.01.11 08:30:00;USD;3;Core CPI m/m;0.2%;0.2%;0.2%;;;
2019.01.11 09:02:00;GBP;1;NIESR GDP Estimate;0.3%;;0.3%;;;
2019.01.13 00:00:00;JPY;0;Bank Holiday (All Day);;;;;;
2019.01.13 19:09:00;AUD;2;MI Inflation Gauge m/m;0.0%;;0.4%;;;
2019.01.13 21:58:00;CNY;2;Trade Balance;306B;345B;395B;;;
2019.01.13 22:03:00;CNY;1;USD-Denominated Trade Balance;44.7B;51.6B;57.1B;;;
2019.01.14 02:00:00;EUR;1;German WPI m/m;0.2%;0.3%;-1.2%;;;
2019.01.14 03:01:00;CNY;1;Foreign Direct Investment ytd/y;-1.3%;;0.9%;;;
2019.01.14 05:00:00;EUR;1;Industrial Production m/m;0.1%;0.3%;-1.7%;;0.2%;
2019.01.14 16:00:00;NZD;2;NZIER Business Confidence;-30;;-17;;;
2019.01.14 16:45:00;NZD;1;FPI m/m;-0.6%;;-0.2%;;;
2019.01.14 18:50:00;JPY;1;M2 Money Stock y/y;2.3%;2.4%;2.4%;;;
2019.01.15 00:59:00;JPY;1;Prelim Machine Tool Orders y/y;-17.0%;;-18.3%;;-16.8%;
2019.01.15 02:45:00;EUR;1;French Final CPI m/m;0.0%;0.0%;0.0%;;;
2019.01.15 02:45:00;EUR;1;French Gov Budget Balance;-87.0B;;-95.6B;;;
2019.01.15 03:01:00;CNY;1;M2 Money Supply y/y;8.0%;8.1%;8.1%;;;
2019.01.15 03:01:00;CNY;1;New Loans;1250B;825B;1080B;;;
2019.01.15 05:00:00;EUR;1;Trade Balance;13.5B;13.2B;15.1B;;12.5B;
2019.01.15 08:30:00;USD;3;PPI m/m;0.1%;-0.1%;-0.2%;;;
2019.01.15 08:30:00;USD;2;Core PPI m/m;0.3%;0.2%;-0.1%;;;
2019.01.15 08:30:00;USD;1;Empire State Manufacturing Index;10.9;11.6;3.9;;;
2019.01.15 09:14:00;NZD;1;GDT Price Index;2.8%;;4.2%;;;
2019.01.15 10:00:00;EUR;3;ECB President Draghi Speaks;;;;;;
2019.01.15 10:02:00;USD;1;IBD/TIPP Economic Optimism;52.6;53.1;52.3;;;
2019.01.15 13:00:00;USD;2;FOMC Member George Speaks;;;;;;
2019.01.15 14:39:00;GBP;3;Parliament Brexit Vote;;Reject;Reject;;;
2019.01.15 18:30:00;AUD;2;Westpac Consumer Sentiment;0.1%;;-4.7%;;;
2019.01.15 18:50:00;JPY;1;Core Machinery Orders m/m;7.6%;3.3%;0.0%;;;
2019.01.15 18:50:00;JPY;1;PPI y/y;2.3%;1.8%;1.5%;;;
2019.01.15 23:30:00;JPY;1;Tertiary Industry Activity m/m;2.2%;-0.5%;-0.3%;;1.9%;
2019.01.16 02:00:00;EUR;1;German Final CPI m/m;0.1%;0.1%;0.1%;;;
2019.01.16 04:15:00;GBP;3;BOE Gov Carney Speaks;;;;;;
2019.01.16 04:30:00;GBP;3;CPI y/y;2.3%;2.1%;2.1%;;;
2019.01.16 04:30:00;GBP;2;PPI Input m/m;-2.6%;-1.5%;-1.0%;;-2.3%;
2019.01.16 04:30:00;GBP;2;RPI y/y;3.2%;2.9%;2.7%;;;
2019.01.16 04:30:00;GBP;1;Core CPI y/y;1.8%;1.8%;1.9%;;;
2019.01.16 04:30:00;GBP;1;HPI y/y;2.7%;3.0%;2.8%;;;
2019.01.16 04:30:00;GBP;1;PPI Output m/m;0.1%;0.1%;-0.3%;;0.2%;
2019.01.16 05:34:00;EUR;1;German 30-y Bond Auction;1.04|1.2;;0.85|1.1;;;
2019.01.16 08:30:00;USD;1;Import Prices m/m;-1.9%;-1.3%;-1.0%;;-1.6%;
2019.01.16 09:30:00;GBP;1;CB Leading Index m/m;-0.4%;;-0.5%;;;
2019.01.16 10:00:00;USD;1;NAHB Housing Market Index;56;56;58;;;
2019.01.16 10:30:00;USD;1;Crude Oil Inventories;-1.7M;-1.4M;-2.7M;;;
2019.01.16 14:00:00;USD;1;Beige Book;;;;;;
2019.01.16 14:15:00;GBP;3;Govt Confidence Vote;;;;;;
2019.01.16 19:00:00;AUD;1;MI Inflation Expectations;4.0%;;3.5%;;;
2019.01.16 19:01:00;GBP;1;RICS House Price Balance;-11%;-13%;-19%;;;
2019.01.16 19:30:00;AUD;1;Home Loans m/m;2.1%;-1.5%;-0.9%;;2.2%;
2019.01.16 19:30:00;All;3;G20 Meetings (Day 1);;;;;;
2019.01.16 22:20:00;JPY;3;BOJ Gov Kuroda Speaks;;;;;;
2019.01.17 04:00:00;EUR;1;Italian Trade Balance;3.82B;2.89B;3.84B;;3.78B;
2019.01.17 04:30:00;GBP;2;BOE Credit Conditions Survey;;;;;;
2019.01.17 05:00:00;EUR;1;Final CPI y/y;1.6%;1.7%;1.6%;;;
2019.01.17 05:00:00;EUR;1;Final Core CPI y/y;1.0%;1.0%;1.0%;;;
2019.01.17 08:30:00;CAD;1;ADP Non-Farm Employment Change;74.0K;;-13.0K;;39.1K;
2019.01.17 08:30:00;USD;2;Philly Fed Manufacturing Index;9.4;9.7;17.0;;;
2019.01.17 08:30:00;USD;1;Unemployment Claims;216K;219K;213K;;;
2019.01.17 10:30:00;USD;1;Natural Gas Storage;-91B;-73B;-81B;;;
2019.01.17 10:45:00;USD;2;FOMC Member Quarles Speaks;;;;;;
2019.01.17 16:30:00;NZD;1;BusinessNZ Manufacturing Index;53.7;;55.1;;53.5;
2019.01.17 18:30:00;JPY;1;National Core CPI y/y;0.9%;0.8%;0.7%;;;
2019.01.17 18:30:00;All;3;G20 Meetings (Day 2);;;;;;
2019.01.17 23:30:00;JPY;1;Revised Industrial Production m/m;-1.1%;-1.1%;-1.0%;;;
2019.01.18 02:30:00;CHF;1;PPI m/m;-0.3%;-0.1%;-0.6%;;;
2019.01.18 04:00:00;EUR;1;Current Account;26.8B;24.1B;20.3B;;23.0B;
2019.01.18 04:30:00;GBP;3;Retail Sales m/m;1.3%;-0.8%;-0.9%;;1.4%;
2019.01.18 08:30:00;CAD;3;CPI m/m;-0.4%;-0.4%;-0.1%;;;
2019.01.18 08:30:00;CAD;2;Common CPI y/y;1.9%;1.9%;1.9%;;;
2019.01.18 08:30:00;CAD;2;Median CPI y/y;1.8%;1.9%;1.8%;;1.9%;
2019.01.18 08:30:00;CAD;2;Trimmed CPI y/y;1.9%;1.9%;1.9%;;;
2019.01.18 08:30:00;CAD;1;Foreign Securities Purchases;3.97B;2.05B;9.45B;;3.98B;
2019.01.18 08:32:00;CAD;1;Core CPI m/m;-0.2%;;-0.2%;;;
2019.01.18 09:05:00;USD;2;FOMC Member Williams Speaks;;;;;;
2019.01.18 09:15:00;USD;1;Capacity Utilization Rate;78.6%;78.6%;78.7%;;78.5%;
2019.01.18 09:15:00;USD;1;Industrial Production m/m;0.4%;0.2%;0.3%;;0.6%;
2019.01.18 10:00:00;USD;2;Prelim UoM Consumer Sentiment;98.3;97.0;90.7;;97.5;
2019.01.18 10:00:00;USD;1;Prelim UoM Inflation Expectations;2.7%;;2.7%;;;
2019.01.20 19:01:00;GBP;1;Rightmove HPI m/m;-1.5%;;0.4%;;;
2019.01.20 19:30:00;AUD;1;HIA New Home Sales m/m;3.6%;;-6.7%;;;
2019.01.20 21:00:00;CNY;3;GDP q/y;6.5%;6.4%;6.4%;;;
2019.01.20 21:00:00;CNY;2;Fixed Asset Investment ytd/y;5.9%;6.0%;5.9%;;;
2019.01.20 21:00:00;CNY;2;Industrial Production y/y;5.4%;5.3%;5.7%;;;
2019.01.20 21:00:00;CNY;1;NBS Press Conference;;;;;;
2019.01.20 21:00:00;CNY;1;Retail Sales y/y;8.1%;8.1%;8.2%;;;
2019.01.20 21:00:00;CNY;1;Unemployment Rate;4.8%;;4.9%;;;
2019.01.21 02:00:00;EUR;1;German PPI m/m;0.1%;-0.1%;-0.4%;;;
2019.01.21 06:00:00;EUR;1;German Buba Monthly Report;;;;;;
2019.01.21 06:00:00;USD;0;Bank Holiday (All Day);;;;;;
2019.01.21 10:35:00;GBP;3;Prime Minister May Speaks;;;;;;
2019.01.22 00:00:00;JPY;1;BOJ Core CPI y/y;0.5%;0.5%;0.4%;;;
2019.01.22 04:30:00;GBP;3;Average Earnings Index 3m/y;3.3%;3.3%;3.4%;;;
2019.01.22 04:30:00;GBP;2;Public Sector Net Borrowing;6.3B;1.1B;2.1B;;;
2019.01.22 04:30:00;GBP;2;Unemployment Rate;4.1%;4.1%;4.0%;;;
2019.01.22 04:30:00;GBP;1;Claimant Count Change;24.8K;20.1K;20.8K;;21.9K;
2019.01.22 05:00:00;EUR;2;German ZEW Economic Sentiment;-17.5;-18.8;-15.0;;;
2019.01.22 05:00:00;EUR;1;ZEW Economic Sentiment;-21.0;-20.1;-20.9;;;
2019.01.22 08:30:00;CAD;2;Manufacturing Sales m/m;-0.1%;-0.8%;-1.4%;;;
2019.01.22 08:30:00;CAD;1;Wholesale Sales m/m;0.7%;-0.3%;-1.0%;;1.0%;
2019.01.22 10:00:00;USD;1;Existing Home Sales;5.33M;5.27M;4.99M;;5.32M;
2019.01.22 10:30:00;AUD;1;CB Leading Index m/m;-0.5%;;-0.1%;;;
2019.01.22 16:45:00;NZD;3;CPI q/q;0.9%;0.0%;0.1%;;;
2019.01.22 18:30:00;AUD;1;MI Leading Index m/m;-0.1%;;-0.2%;;;
2019.01.22 18:50:00;JPY;1;Trade Balance;-0.48T;-0.29T;-0.18T;;-0.49T;
2019.01.22 21:59:00;JPY;3;BOJ Outlook Report;;;;;;
2019.01.22 21:59:00;JPY;3;Monetary Policy Statement;;;;;;
2019.01.22 21:59:00;JPY;2;BOJ Policy Rate;-0.10%;-0.10%;-0.10%;;;
2019.01.22 23:30:00;JPY;1;All Industries Activity m/m;2.1%;-0.4%;-0.3%;;1.9%;
2019.01.23 01:30:00;JPY;3;BOJ Press Conference;;;;;;
2019.01.23 01:30:00;All;2;WEF Annual Meetings (Day 1);;;;;;
2019.01.23 04:30:00;GBP;2;MPC Member Broadbent Speaks;;;;;;
2019.01.23 06:00:00;GBP;1;CBI Industrial Order Expectations;8;5;-1;;;
2019.01.23 08:30:00;CAD;3;Core Retail Sales m/m;-0.2%;-0.4%;-0.6%;;0.0%;
2019.01.23 08:30:00;CAD;2;Retail Sales m/m;0.2%;-0.6%;-0.9%;;0.3%;
2019.01.23 09:00:00;USD;1;HPI m/m;0.4%;0.3%;0.4%;;0.3%;
2019.01.23 10:00:00;EUR;1;Consumer Confidence;-6;-6;-8;;;
2019.01.23 10:03:00;USD;1;Richmond Manufacturing Index;-8;-2;-2;;;
2019.01.23 17:00:00;AUD;1;Flash Manufacturing PMI;54.0;;54.3;;53.7;
2019.01.23 17:00:00;AUD;1;Flash Services PMI;52.7;;51.0;;52.2;
2019.01.23 19:30:00;AUD;3;Employment Change;39.0K;17.3K;21.6K;;37.0K;
2019.01.23 19:30:00;AUD;3;Unemployment Rate;5.1%;5.1%;5.0%;;;
2019.01.23 19:30:00;JPY;1;Flash Manufacturing PMI;52.6;52.7;50.0;;52.4;
2019.01.23 21:00:00;NZD;1;Credit Card Spending y/y;6.1%;;4.5%;;;
2019.01.24 03:15:00;EUR;2;French Flash Manufacturing PMI;49.7;50.0;51.2;;;
2019.01.24 03:15:00;EUR;2;French Flash Services PMI;49.0;50.6;47.5;;49.6;
2019.01.24 03:30:00;EUR;2;German Flash Manufacturing PMI;51.5;51.4;49.9;;;
2019.01.24 03:30:00;EUR;2;German Flash Services PMI;51.8;52.2;53.1;;52.5;
2019.01.24 04:00:00;EUR;2;Flash Manufacturing PMI;51.4;51.5;50.5;;;
2019.01.24 04:00:00;EUR;2;Flash Services PMI;51.2;51.5;50.8;;51.4;
2019.01.24 04:00:00;All;2;WEF Annual Meetings (Day 2);;;;;;
2019.01.24 07:44:00;EUR;3;Main Refinancing Rate;0.00%;0.00%;0.00%;;;
2019.01.24 07:45:00;EUR;3;Monetary Policy Statement;;;;;;
2019.01.24 08:30:00;EUR;3;ECB Press Conference;;;;;;
2019.01.24 08:30:00;USD;1;Unemployment Claims;212K;219K;199K;;213K;
2019.01.24 09:45:00;USD;1;Flash Manufacturing PMI;53.8;53.5;54.9;;53.9;
2019.01.24 09:45:00;USD;1;Flash Services PMI;54.4;54.0;54.2;;53.4;
2019.01.24 10:00:00;USD;1;CB Leading Index m/m;0.2%;-0.1%;-0.1%;;;
2019.01.24 10:30:00;USD;1;Natural Gas Storage;-81B;-145B;-163B;;;
2019.01.24 11:00:00;USD;1;Crude Oil Inventories;-2.7M;-0.2M;8.0M;;;
2019.01.24 16:48:00;NZD;1;Visitor Arrivals m/m;4.2%;;2.1%;;4.0%;
2019.01.24 18:30:00;JPY;1;Tokyo Core CPI y/y;0.9%;0.9%;1.1%;;;
2019.01.25 04:00:00;EUR;2;German ifo Business Climate;101.0;100.7;99.1;;;
2019.01.25 04:00:00;All;2;WEF Annual Meetings (Day 3);;;;;;
2019.01.25 04:30:00;GBP;1;High Street Lending;39.2K;38.9K;38.8K;;39.4K;
2019.01.25 06:00:00;GBP;1;CBI Realized Sales;-13;3;0;;;
2019.01.25 08:59:00;EUR;1;Belgian NBB Business Climate;-0.9;-1.4;-1.5;;;
2019.01.25 13:30:00;USD;3;President Trump Speaks;;;;;;
2019.01.26 00:00:00;All;2;WEF Annual Meetings (Day 4);;;;;;
2019.01.27 00:00:00;AUD;0;Bank Holiday (All Day);;;;;;
2019.01.27 18:50:00;JPY;1;Monetary Policy Meeting Minutes;;;;;;
2019.01.27 18:50:00;JPY;1;SPPI y/y;1.2%;1.2%;1.1%;;;
2019.01.28 04:00:00;EUR;1;M3 Money Supply y/y;3.7%;3.8%;4.1%;;;
2019.01.28 04:00:00;EUR;1;Private Loans y/y;3.3%;3.4%;3.3%;;;
2019.01.28 09:00:00;CNY;1;CB Leading Index m/m;0.8%;;1.3%;;1.4%;
2019.01.28 09:00:00;EUR;3;ECB President Draghi Speaks;;;;;;
2019.01.28 09:30:00;GBP;3;BOE Gov Carney Speaks;;;;;;
2019.01.28 16:45:00;NZD;2;Trade Balance;-955M;225M;264M;;-861M;
2019.01.28 19:30:00;AUD;1;NAB Business Confidence;3;;3;;;
2019.01.29 02:00:00;CHF;1;Trade Balance;4.75B;4.55B;1.90B;;4.74B;
2019.01.29 03:00:00;EUR;2;Spanish Unemployment Rate;14.6%;14.5%;14.5%;;;
2019.01.29 09:00:00;USD;1;SP/CS Composite-20 HPI y/y;5.0%;5.0%;4.7%;;;
2019.01.29 10:00:00;USD;3;CB Consumer Confidence;126.6;125.0;120.2;;128.1;
2019.01.29 18:50:00;JPY;1;Retail Sales y/y;1.4%;0.9%;1.3%;;;
2019.01.29 19:01:00;GBP;1;BRC Shop Price Index y/y;0.3%;;0.4%;;;
2019.01.29 19:30:00;AUD;3;CPI q/q;0.4%;0.4%;0.5%;;;
2019.01.29 19:30:00;AUD;3;Trimmed Mean CPI q/q;0.4%;0.4%;0.4%;;;
2019.01.30 00:00:00;JPY;1;Consumer Confidence;42.7;42.5;41.9;;;
2019.01.30 01:30:00;EUR;1;French Flash GDP q/q;0.3%;0.2%;0.3%;;0.4%;
2019.01.30 02:00:00;EUR;1;German GfK Consumer Climate;10.5;10.3;10.8;;10.4;
2019.01.30 02:00:00;EUR;1;German Import Prices m/m;-1.0%;-0.8%;-1.3%;;;
2019.01.30 02:00:00;EUR;2;German Prelim CPI m/m (All Day);0.1%;-0.9%;-0.8%;;;
2019.01.30 02:45:00;EUR;1;French Consumer Spending m/m;-0.1%;-0.3%;-1.5%;;-0.3%;
2019.01.30 03:00:00;CHF;1;KOF Economic Barometer;96.4;96.8;95.0;;96.3;
2019.01.30 04:00:00;CHF;1;Credit Suisse Economic Expectations;-22.2;;-44.0;;;
2019.01.30 04:30:00;GBP;2;Net Lending to Individuals m/m;4.6B;4.3B;4.8B;;4.4B;
2019.01.30 04:30:00;GBP;1;M4 Money Supply m/m;0.1%;0.2%;0.4%;;0.0%;
2019.01.30 04:30:00;GBP;1;Mortgage Approvals;64K;63K;64K;;;
2019.01.30 05:14:00;EUR;1;Italian 10-y Bond Auction;2.70|1.5;;2.60|1.4;;;
2019.01.30 05:34:00;EUR;1;German 10-y Bond Auction;0.29|1.6;;0.20|1.5;;;
2019.01.30 08:15:00;USD;2;ADP Non-Farm Employment Change;263K;180K;213K;;271K;
2019.01.30 10:00:00;USD;1;Pending Home Sales m/m;-0.9%;0.8%;-2.2%;;-0.7%;
2019.01.30 10:30:00;USD;1;Crude Oil Inventories;8.0M;3.0M;0.9M;;;
2019.01.30 14:00:00;USD;3;FOMC Statement;;;;;;
2019.01.30 14:00:00;USD;3;Federal Funds Rate;<2.50%;<2.50%;<2.50%;;;
2019.01.30 14:30:00;USD;3;FOMC Press Conference;;;;;;
2019.01.30 18:50:00;JPY;1;BOJ Summary of Opinions;;;;;;
2019.01.30 18:50:00;JPY;1;Prelim Industrial Production m/m;-1.0%;-0.5%;-0.1%;;-1.1%;
2019.01.30 19:01:00;GBP;1;GfK Consumer Confidence;-14;-14;-14;;;
2019.01.30 19:30:00;AUD;1;Import Prices q/q;1.9%;0.3%;0.5%;;;
2019.01.30 19:30:00;AUD;1;Private Sector Credit m/m;0.3%;0.3%;0.2%;;;
2019.01.30 20:00:00;CNY;2;Manufacturing PMI;49.4;49.3;49.5;;;
2019.01.30 20:00:00;CNY;1;Non-Manufacturing PMI;53.8;53.9;54.7;;;
2019.01.31 00:00:00;JPY;1;Housing Starts y/y;-0.6%;2.1%;2.1%;;;
2019.01.31 01:57:00;GBP;1;Nationwide HPI m/m;-0.7%;0.2%;0.3%;;;
2019.01.31 02:00:00;EUR;1;German Retail Sales m/m;1.4%;-0.5%;-4.3%;;;
2019.01.31 02:45:00;EUR;1;French Prelim CPI m/m;0.0%;-0.5%;-0.5%;;;
2019.01.31 03:00:00;EUR;2;Spanish Flash GDP q/q;0.6%;0.6%;0.7%;;;
2019.01.31 03:00:00;EUR;1;Spanish Flash CPI y/y;1.2%;1.1%;1.0%;;;
2019.01.31 03:55:00;EUR;1;German Unemployment Change;-12K;-11K;-2K;;-14K;
2019.01.31 04:00:00;EUR;1;Italian Monthly Unemployment Rate;10.5%;10.6%;10.3%;;;
2019.01.31 05:00:00;EUR;2;Prelim Flash GDP q/q;0.2%;0.2%;0.2%;;;
2019.01.31 05:00:00;EUR;1;Italian Prelim GDP q/q;-0.1%;-0.1%;-0.2%;;0.0%;
2019.01.31 05:00:00;EUR;1;Unemployment Rate;7.9%;7.9%;7.9%;;;
2019.01.31 07:30:00;USD;1;Challenger Job Cuts y/y;35.3%;;18.7%;;;
2019.01.31 08:30:00;CAD;3;GDP m/m;0.3%;-0.1%;-0.1%;;;
2019.01.31 08:30:00;CAD;2;RMPI m/m;-11.8%;3.9%;3.8%;;-11.7%;
2019.01.31 08:30:00;CAD;1;IPPI m/m;-0.8%;0.1%;-0.7%;;;
2019.01.31 08:30:00;USD;2;Employment Cost Index q/q;0.8%;0.8%;0.7%;;;
2019.01.31 08:30:00;USD;1;Unemployment Claims;200K;215K;253K;;199K;
2019.01.31 09:45:00;USD;2;Chicago PMI;65.4;61.5;56.7;;;
2019.01.31 10:00:00;USD;1;New Home Sales;562K;569K;657K;;544K;
2019.01.31 10:30:00;USD;1;Natural Gas Storage;-163B;-191B;-173B;;;
2019.01.31 11:00:00;EUR;2;German Buba President Weidmann Speaks;;;;;;
2019.01.31 12:30:00;CAD;2;Gov Council Member Wilkins Speaks;;;;;;
2019.01.31 16:00:00;USD;1;TIC Long-Term Purchases;31.9B;30.3B;37.6B;;31.3B;
2019.01.31 16:30:00;AUD;1;AIG Manufacturing Index;50.0;;52.5;;49.5;
2019.01.31 18:30:00;JPY;1;Unemployment Rate;2.5%;2.5%;2.4%;;;
2019.01.31 19:30:00;AUD;1;PPI q/q;0.8%;0.6%;0.5%;;;
2019.01.31 19:30:00;JPY;1;Final Manufacturing PMI;50.0;50.0;50.3;;;
2019.01.31 20:45:00;CNY;2;Caixin Manufacturing PMI;49.7;49.5;48.3;;;
