2020.07.01 01:00:00;JPY;1;Consumer Confidence;24.0;28.9;28.4;;;
2020.07.01 01:55:00;GBP;1;Nationwide HPI m/m;-1.7%;-0.6%;-1.4%;;;
2020.07.01 02:00:00;EUR;1;German Retail Sales m/m;-6.5%;3.5%;13.9%;;-5.3%;
2020.07.01 02:30:00;AUD;1;Commodity Prices y/y;-11.8%;;-11.4%;;-7.4%;
2020.07.01 03:15:00;EUR;1;Spanish Manufacturing PMI;38.3;45.2;49.0;;;
2020.07.01 03:30:00;CHF;1;Manufacturing PMI;42.1;48.1;41.9;;;
2020.07.01 03:45:00;EUR;1;Italian Manufacturing PMI;45.4;47.9;47.5;;;
2020.07.01 03:50:00;EUR;1;French Final Manufacturing PMI;52.1;52.1;52.3;;;
2020.07.01 03:55:00;EUR;1;German Final Manufacturing PMI;44.6;44.6;45.2;;;
2020.07.01 03:55:00;EUR;1;German Unemployment Change;237K;120K;69K;;238K;
2020.07.01 04:00:00;EUR;1;Final Manufacturing PMI;46.9;46.9;47.4;;;
2020.07.01 04:30:00;GBP;1;Final Manufacturing PMI;50.1;50.2;50.1;;;
2020.07.01 06:38:00;GBP;1;30-y Bond Auction;0.60|2.6;;0.67|1.7;;;
2020.07.01 07:00:00;GBP;2;MPC Member Haskel Speaks;;;;;;
2020.07.01 07:30:00;USD;1;Challenger Job Cuts y/y;577.8%;;305.5%;;;
2020.07.01 08:15:00;USD;3;ADP Non-Farm Employment Change;3065K;2850K;2369K;;-2760K;
2020.07.01 08:15:00;CAD;0;Bank Holiday (All Day);;;;;;
2020.07.01 09:45:00;USD;1;Final Manufacturing PMI;49.6;49.6;49.8;;;
2020.07.01 10:00:00;USD;2;ISM Manufacturing PMI;43.1;49.5;52.6;;;
2020.07.01 10:00:00;USD;1;Construction Spending m/m;-3.5;1.0%;-2.1%;;-2.9%;
2020.07.01 10:00:00;USD;1;ISM Manufacturing Prices;40.8;43.8;51.3;;;
2020.07.01 10:00:00;USD;1;Wards Total Vehicle Sales (All Day);8.7M;13.0M;13.1M;;;
2020.07.01 10:30:00;USD;1;Crude Oil Inventories;1.4M;-0.9M;-7.2M;;;
2020.07.01 14:00:00;USD;2;FOMC Meeting Minutes;;;;;;
2020.07.01 19:50:00;JPY;1;Monetary Base y/y;3.9%;4.2%;6.0%;;;
2020.07.01 21:30:00;AUD;2;Trade Balance;7.83B;9.00B;8.03B;;8.80B;
2020.07.01 23:35:00;JPY;1;10-y Bond Auction;0.00|3.4;;0.06|3.7;;;
2020.07.02 02:30:00;CHF;1;CPI m/m;0.0%;0.1%;0.0%;;;
2020.07.02 03:00:00;EUR;1;Spanish Unemployment Change;26.6K;-113.0K;5.1K;;;
2020.07.02 04:00:00;EUR;1;Italian Monthly Unemployment Rate;6.6%;7.9%;7.8%;;6.3%;
2020.07.02 04:55:00;EUR;1;Spanish 10-y Bond Auction;0.53|3.9;;0.45|2.1;;;
2020.07.02 05:00:00;EUR;1;PPI m/m;-2.0%;-0.4%;-0.6%;;;
2020.07.02 05:00:00;EUR;1;Unemployment Rate;7.3%;7.6%;7.4%;;;
2020.07.02 05:06:00;EUR;1;French 10-y Bond Auction;0.02|2.4;;-0.09|2.7;;;
2020.07.02 08:30:00;CAD;1;Trade Balance;-4.3B;-3.0B;-0.7B;;-3.3B;
2020.07.02 08:30:00;USD;3;Average Hourly Earnings m/m;-1.0%;-0.8%;-1.2%;;;
2020.07.02 08:30:00;USD;3;Non-Farm Employment Change;2699K;3037K;4800K;;2509K;
2020.07.02 08:30:00;USD;3;Unemployment Rate;13.3%;12.4%;11.1%;;;
2020.07.02 08:30:00;USD;2;Unemployment Claims;1482K;1350K;1427K;;1480K;
2020.07.02 08:30:00;USD;1;Trade Balance;-49.8B;-53.0B;-54.6B;;-49.4B;
2020.07.02 09:30:00;CAD;1;Manufacturing PMI;40.6;;47.8;;;
2020.07.02 09:30:00;USD;3;President Trump Speaks;;;;;;
2020.07.02 10:00:00;USD;1;Factory Orders m/m;-13.5%;8.6%;8.0%;;-13.0%;
2020.07.02 10:30:00;USD;1;Natural Gas Storage;120B;77B;65B;;;
2020.07.02 18:30:00;AUD;1;AIG Construction Index;24.9;;35.5;;;
2020.07.02 19:01:00;GBP;1;GfK Consumer Confidence;-30;-29;-27;;;
2020.07.02 21:30:00;AUD;1;Retail Sales m/m;16.3%;16.3%;16.9%;;;
2020.07.02 21:45:00;CNY;1;Caixin Services PMI;55.0;53.8;58.4;;;
2020.07.03 02:45:00;EUR;1;French Gov Budget Balance;-92.1B;;-117.9B;;;
2020.07.03 03:15:00;EUR;1;Spanish Services PMI;27.9;46.0;50.2;;;
2020.07.03 03:45:00;EUR;1;Italian Services PMI;28.9;46.9;46.4;;;
2020.07.03 03:50:00;EUR;1;French Final Services PMI;50.3;50.3;50.7;;;
2020.07.03 03:55:00;EUR;1;German Final Services PMI;45.8;45.8;47.3;;;
2020.07.03 04:00:00;EUR;1;Final Services PMI;47.3;47.3;48.3;;;
2020.07.03 04:30:00;GBP;2;Final Services PMI;47.0;47.0;47.1;;;
2020.07.03 04:30:00;USD;0;Bank Holiday (All Day);;;;;;
2020.07.04 06:40:00;EUR;2;ECB President Lagarde Speaks;;;;;;
2020.07.05 21:00:00;NZD;1;ANZ Commodity Prices m/m;1.1%;;-0.7%;;-0.1%;
2020.07.05 21:02:00;AUD;1;MI Inflation Gauge m/m;-1.2%;;0.6%;;;
2020.07.05 21:30:00;AUD;1;ANZ Job Advertisements m/m;-0.3%;;42.0%;;0.5%;
2020.07.06 02:00:00;EUR;1;German Factory Orders m/m;-26.2%;15.1%;10.4%;;-25.8%;
2020.07.06 04:30:00;EUR;1;Sentix Investor Confidence;-24.8;-10.8;-18.2;;;
2020.07.06 04:30:00;GBP;1;Construction PMI;28.9;46.0;55.3;;;
2020.07.06 04:34:00;GBP;1;Housing Equity Withdrawal q/q;-5.0B;-5.5B;-5.1B;;-5.1B;
2020.07.06 05:00:00;EUR;1;Retail Sales m/m;-12.1%;15.0%;17.8%;;-11.7%;
2020.07.06 09:45:00;USD;1;Final Services PMI;46.7;47.0;47.9;;;
2020.07.06 10:00:00;USD;3;ISM Services PMI;45.4;50.0;57.1;;;
2020.07.06 10:30:00;CAD;2;BOC Business Outlook Survey;;;;;;
2020.07.06 18:03:00;NZD;1;NZIER Business Confidence;-70;;-63;;;
2020.07.06 18:30:00;AUD;1;AIG Services Index;31.6;;31.5;;;
2020.07.06 19:30:00;JPY;1;Average Cash Earnings y/y;-0.7%;-0.9%;-2.1%;;-0.6%;
2020.07.06 19:30:00;JPY;1;Household Spending y/y;-11.1%;-11.8%;-16.2%;;;
2020.07.06 23:35:00;JPY;1;30-y Bond Auction;0.53|2.8;;0.61|3.9;;;
2020.07.07 00:30:00;AUD;3;Cash Rate;0.25%;0.25%;0.25%;;;
2020.07.07 00:30:00;AUD;3;RBA Rate Statement;;;;;;
2020.07.07 01:00:00;JPY;1;Leading Indicators;77.7%;79.5%;79.3%;;76.2%;
2020.07.07 02:00:00;EUR;1;German Industrial Production m/m;-17.5%;11.0%;7.8%;;-17.9%;
2020.07.07 02:45:00;EUR;1;French Trade Balance;-5.1B;-4.5B;-7.1B;;-5.0B;
2020.07.07 03:00:00;CHF;1;Foreign Currency Reserves;817B;;850B;;816B;
2020.07.07 03:30:00;GBP;1;Halifax HPI m/m;-0.2%;-0.8%;-0.1%;;;
2020.07.07 04:02:00;EUR;1;Italian Retail Sales m/m;-10.7%;15.0%;24.3%;;-10.5%;
2020.07.07 05:00:00;EUR;2;EU Economic Forecasts;;;;;;
2020.07.07 09:59:00;USD;1;IBD/TIPP Economic Optimism;47.0;48.2;44.0;;;
2020.07.07 10:00:00;CAD;1;Ivey PMI;39.1;50.2;58.2;;;
2020.07.07 10:00:00;USD;1;JOLTS Job Openings;5.00M;4.70M;5.40M;;5.05M;
2020.07.07 10:55:00;NZD;1;GDT Price Index;1.9%;;8.3%;;;
2020.07.07 13:00:00;USD;1;FOMC Member Quarles Speaks;;;;;;
2020.07.07 19:50:00;JPY;1;Bank Lending y/y;4.8%;5.0%;6.2%;;;
2020.07.07 19:50:00;JPY;1;Current Account;0.25T;0.71T;0.82T;;;
2020.07.08 01:00:00;JPY;1;Economy Watchers Sentiment;15.5;24.7;38.8;;;
2020.07.08 01:45:00;CHF;1;Unemployment Rate;3.2%;3.6%;3.3%;;3.4%;
2020.07.08 10:30:00;USD;2;Crude Oil Inventories;-7.2M;-3.2M;5.7M;;;
2020.07.08 13:01:00;USD;1;10-y Bond Auction;0.83|2.3;;0.65|2.6;;;
2020.07.08 15:00:00;USD;1;Consumer Credit m/m;-70.2B;-15.2B;-18.3B;;-68.8B;
2020.07.08 19:01:00;GBP;1;RICS House Price Balance;-32%;-25%;-15%;;;
2020.07.08 19:50:00;JPY;1;Core Machinery Orders m/m;-12.0%;-5.2%;1.7%;;;
2020.07.08 19:50:00;JPY;1;M2 Money Stock y/y;5.1%;5.6%;7.2%;;;
2020.07.08 21:00:00;NZD;2;Prelim ANZ Business Confidence;-34.4;;-29.8;;;
2020.07.08 21:30:00;CNY;1;CPI y/y;2.4%;2.5%;2.5%;;;
2020.07.08 21:32:00;CNY;1;PPI y/y;-3.7%;-3.2%;-3.0%;;;
2020.07.09 01:59:00;JPY;1;Prelim Machine Tool Orders y/y;-52.8%;;-32.0%;;;
2020.07.09 02:00:00;EUR;1;German Trade Balance;3.4B;6.6B;7.6B;;3.2B;
2020.07.09 02:00:00;EUR;2;Eurogroup Meetings (All Day);;;;;;
2020.07.09 08:15:00;CAD;1;Housing Starts;195K;185K;212K;;193K;
2020.07.09 08:30:00;USD;2;Unemployment Claims;1413K;1375K;1314K;;1427K;
2020.07.09 10:00:00;USD;1;Final Wholesale Inventories m/m;-1.2%;-1.2%;-1.2%;;;
2020.07.09 10:30:00;USD;1;Natural Gas Storage;65B;60B;56B;;;
2020.07.09 13:01:00;USD;1;30-y Bond Auction;1.45|2.3;;1.33|2.5;;;
2020.07.09 19:50:00;JPY;1;PPI y/y;-2.8%;-2.0%;-1.6%;;-2.7%;
2020.07.10 02:45:00;EUR;1;French Industrial Production m/m;-20.6%;15.2%;19.6%;;-20.1%;
2020.07.10 03:30:00;CNY;1;M2 Money Supply y/y;11.1%;11.1%;11.1%;;;
2020.07.10 03:30:00;CNY;1;New Loans;1480B;1800B;1810B;;;
2020.07.10 04:00:00;EUR;1;Italian Industrial Production m/m;-20.5%;23.5%;42.1%;;-19.1%;
2020.07.10 04:00:00;EUR;1;ECOFIN Meetings (All Day);;;;;;
2020.07.10 08:30:00;CAD;3;Employment Change;289.6K;700.0K;952.9K;;;
2020.07.10 08:30:00;CAD;3;Unemployment Rate;13.7%;12.0%;12.3%;;;
2020.07.10 08:30:00;USD;2;Core PPI m/m;-0.1%;0.1%;-0.3%;;;
2020.07.10 08:30:00;USD;2;PPI m/m;0.4%;0.4%;-0.2%;;;
2020.07.10 09:30:00;GBP;1;CB Leading Index m/m;-3.7%;;-1.4%;;-2.9%;
2020.07.12 18:45:00;NZD;1;FPI m/m;-0.8%;;0.5%;;;
2020.07.13 00:30:00;JPY;1;Tertiary Industry Activity m/m;-7.7%;-3.7%;-2.1%;;-6.0%;
2020.07.13 02:00:00;EUR;1;German WPI m/m;-0.6%;0.5%;0.6%;;;
2020.07.13 11:30:00;GBP;3;BOE Gov Bailey Speaks;;;;;;
2020.07.13 11:30:00;USD;1;FOMC Member Williams Speaks;;;;;;
2020.07.13 14:00:00;USD;1;Federal Budget Balance;-398.8B;-860.0B;-864.1B;;;
2020.07.13 18:45:00;NZD;1;Visitor Arrivals m/m;-98.9%;;82.3%;;;
2020.07.13 19:01:00;GBP;1;BRC Retail Sales Monitor y/y;7.9%;2.5%;10.9%;;;
2020.07.13 21:30:00;AUD;2;NAB Business Confidence;-20;;1;;;
2020.07.13 22:53:00;CNY;2;Trade Balance;443B;410B;329B;;;
2020.07.13 22:58:00;CNY;2;USD-Denominated Trade Balance;62.9B;58.3B;46.4B;;;
2020.07.14 00:30:00;JPY;1;Revised Industrial Production m/m;-8.4%;-8.4%;-8.9%;;;
2020.07.14 02:00:00;EUR;1;German Final CPI m/m;0.6%;0.6%;0.6%;;;
2020.07.14 02:00:00;GBP;2;GDP m/m;-20.3%;5.5%;1.8%;;-20.4%;
2020.07.14 02:00:00;GBP;1;Construction Output m/m;-40.2%;14.9%;8.2%;;-40.1%;
2020.07.14 02:00:00;GBP;1;Goods Trade Balance;-4.8B;-8.2B;-2.8B;;-7.5B;
2020.07.14 02:00:00;GBP;1;Index of Services 3m/3m;-10.7%;-16.9%;-18.9%;;-9.9%;
2020.07.14 02:00:00;GBP;1;Industrial Production m/m;-20.2%;6.2%;6.0%;;-20.3%;
2020.07.14 02:00:00;GBP;1;Manufacturing Production m/m;-24.4%;7.5%;8.4%;;-24.3%;
2020.07.14 02:00:00;EUR;0;French Bank Holiday (All Day);;;;;;
2020.07.14 02:30:00;CHF;1;PPI m/m;-0.5%;0.3%;0.5%;;;
2020.07.14 05:00:00;EUR;1;Industrial Production m/m;-18.2%;14.9%;12.4%;;-17.1%;
2020.07.14 05:00:00;EUR;1;ZEW Economic Sentiment;58.6;55.8;59.6;;;
2020.07.14 05:00:00;EUR;1;German ZEW Economic Sentiment;63.4;60.1;59.3;;;
2020.07.14 06:00:00;USD;1;NFIB Small Business Index;94.4;97.5;100.6;;;
2020.07.14 06:35:00;GBP;1;10-y Bond Auction;0.25|2.3;;0.20|2.5;;;
2020.07.14 08:30:00;USD;2;CPI m/m;-0.1%;0.5%;0.6%;;;
2020.07.14 08:30:00;USD;2;Core CPI m/m;-0.1%;0.1%;0.2%;;;
2020.07.14 09:13:00;GBP;1;NIESR GDP Estimate;-19.1%;;-21.2%;;-17.6%;
2020.07.14 09:30:00;CHF;2;SNB Chairman Jordan Speaks;;;;;;
2020.07.14 14:00:00;USD;1;FOMC Member Brainard Speaks;;;;;;
2020.07.14 17:00:00;USD;3;President Trump Speaks;;;;;;
2020.07.14 20:30:00;AUD;1;Westpac Consumer Sentiment;6.3%;;-6.1%;;;
2020.07.14 22:57:00;JPY;3;BOJ Outlook Report;;;;;;
2020.07.14 22:57:00;JPY;3;Monetary Policy Statement;;;;;;
2020.07.14 22:57:00;JPY;1;BOJ Policy Rate;-0.10%;-0.10%;-0.10%;;;
2020.07.15 02:00:00;GBP;2;CPI y/y;0.5%;0.4%;0.6%;;;
2020.07.15 02:00:00;GBP;1;Core CPI y/y;1.2%;1.2%;1.4%;;;
2020.07.15 02:00:00;GBP;1;PPI Input m/m;0.9%;3.0%;2.4%;;0.3%;
2020.07.15 02:00:00;GBP;1;PPI Output m/m;-0.2%;0.2%;0.3%;;-0.3%;
2020.07.15 02:00:00;GBP;1;RPI y/y;1.0%;1.1%;1.1%;;;
2020.07.15 02:30:00;JPY;2;BOJ Press Conference;;;;;;
2020.07.15 04:00:00;GBP;1;MPC Member Tenreyro Speaks;;;;;;
2020.07.15 05:33:00;EUR;1;German 10-y Bond Auction;-0.38|1.8;;-0.46|1.8;;;
2020.07.15 05:33:00;All;3;OPEC-JMMC Meetings (All Day);;;;;;
2020.07.15 08:30:00;CAD;1;Manufacturing Sales m/m;-27.9%;9.2%;10.7%;;-28.5%;
2020.07.15 08:30:00;USD;1;Empire State Manufacturing Index;-0.2;10.0;17.2;;;
2020.07.15 08:30:00;USD;1;Import Prices m/m;0.8%;1.0%;1.4%;;1.0%;
2020.07.15 09:15:00;USD;2;Industrial Production m/m;1.4%;4.5%;5.4%;;;
2020.07.15 09:15:00;USD;1;Capacity Utilization Rate;65.1%;67.9%;68.6%;;64.8%;
2020.07.15 10:00:00;CAD;3;BOC Monetary Policy Report;;;;;;
2020.07.15 10:00:00;CAD;3;BOC Rate Statement;;;;;;
2020.07.15 10:00:00;CAD;3;Overnight Rate;0.25%;0.25%;0.25%;;;
2020.07.15 10:30:00;USD;2;Crude Oil Inventories;5.7M;-1.3M;-7.5M;;;
2020.07.15 11:00:00;CAD;3;BOC Press Conference;;;;;;
2020.07.15 12:00:00;USD;1;FOMC Member Harker Speaks;;;;;;
2020.07.15 14:00:00;USD;1;Beige Book;;;;;;
2020.07.15 18:45:00;NZD;3;CPI q/q;0.8%;-0.5%;-0.5%;;;
2020.07.15 21:00:00;AUD;1;MI Inflation Expectations;3.3%;;3.2%;;;
2020.07.15 21:30:00;AUD;3;Employment Change;-264.1K;106.0K;210.8K;;-227.7K;
2020.07.15 21:30:00;AUD;3;Unemployment Rate;7.1%;7.2%;7.4%;;;
2020.07.15 22:00:00;CNY;3;GDP q/y;-6.8%;2.2%;3.2%;;;
2020.07.15 22:00:00;CNY;1;Fixed Asset Investment ytd/y;-6.3%;-3.4%;-3.1%;;;
2020.07.15 22:00:00;CNY;1;Industrial Production y/y;4.4%;4.8%;4.8%;;;
2020.07.15 22:00:00;CNY;1;NBS Press Conference;;;;;;
2020.07.15 22:00:00;CNY;1;Retail Sales y/y;-2.8%;0.5%;-1.8%;;;
2020.07.15 22:00:00;CNY;1;Unemployment Rate;5.9%;5.9%;5.7%;;;
2020.07.16 02:00:00;GBP;2;Claimant Count Change;566.4K;250.0K;-28.1K;;528.9K;
2020.07.16 02:00:00;GBP;1;Average Earnings Index 3m/y;1.0%;-0.4%;-0.3%;;;
2020.07.16 02:00:00;GBP;1;Unemployment Rate;3.9%;4.2%;3.9%;;;
2020.07.16 02:45:00;EUR;1;French Final CPI m/m;-0.1%;-0.1%;0.1%;;;
2020.07.16 03:21:00;CNY;1;Foreign Direct Investment ytd/y;-3.8%;;-1.3%;;;
2020.07.16 04:02:00;EUR;1;Italian Trade Balance;-1.13B;5.50B;5.58B;;-1.16B;
2020.07.16 04:30:00;GBP;2;BOE Credit Conditions Survey;;;;;;
2020.07.16 04:58:00;EUR;1;Spanish 10-y Bond Auction;0.45|2.1;;0.27|2.7;;;
2020.07.16 05:00:00;EUR;1;Trade Balance;1.6B;5.0B;8.0B;;1.2B;
2020.07.16 06:45:00;GBP;1;MPC Member Haldane Speaks;;;;;;
2020.07.16 07:45:00;EUR;3;Main Refinancing Rate;0.00%;0.00%;0.00%;;;
2020.07.16 07:45:00;EUR;3;Monetary Policy Statement;;;;;;
2020.07.16 08:30:00;CAD;2;ADP Non-Farm Employment Change;-2951.4K;;1042.9K;;208.4K;
2020.07.16 08:30:00;CAD;1;Foreign Securities Purchases;49.03B;26.00B;22.41B;;49.04B;
2020.07.16 08:30:00;EUR;3;ECB Press Conference;;;;;;
2020.07.16 08:30:00;USD;3;Core Retail Sales m/m;12.1%;5.0%;7.3%;;12.4%;
2020.07.16 08:30:00;USD;3;Retail Sales m/m;18.2%;5.0%;7.5%;;17.7%;
2020.07.16 08:30:00;USD;2;Philly Fed Manufacturing Index;27.5;20.0;24.1;;;
2020.07.16 08:30:00;USD;2;Unemployment Claims;1310K;1250K;1300K;;1314K;
2020.07.16 10:00:00;USD;1;Business Inventories m/m;-1.4%;-2.3%;-2.3%;;-1.3%;
2020.07.16 10:00:00;USD;1;NAHB Housing Market Index;58;60;72;;;
2020.07.16 10:30:00;USD;1;Natural Gas Storage;56B;48B;45B;;;
2020.07.16 11:10:00;USD;1;FOMC Member Williams Speaks;;;;;;
2020.07.16 16:00:00;USD;1;TIC Long-Term Purchases;-130.8B;120.0B;127.0B;;-128.4B;
2020.07.16 18:30:00;NZD;1;BusinessNZ Manufacturing Index;39.8;;56.3;;39.7;
2020.07.17 05:00:00;EUR;1;Final CPI y/y;0.3%;0.3%;0.3%;;;
2020.07.17 05:00:00;EUR;1;Final Core CPI y/y;0.8%;0.8%;0.8%;;;
2020.07.17 06:00:00;GBP;2;BOE Gov Bailey Speaks;;;;;;
2020.07.17 06:00:00;EUR;2;EU Economic Summit (Day 1);;;;;;
2020.07.17 08:30:00;CAD;1;Wholesale Sales m/m;-21.4%;7.4%;5.7%;;-21.6%;
2020.07.17 08:30:00;USD;1;Building Permits;1.22M;1.30M;1.24M;;;
2020.07.17 08:30:00;USD;1;Housing Starts;1.01M;1.17M;1.19M;;0.97M;
2020.07.17 10:00:00;USD;2;Prelim UoM Consumer Sentiment;78.1;79.0;73.2;;78.9;
2020.07.17 10:00:00;USD;1;Prelim UoM Inflation Expectations;3.0%;;3.1%;;;
2020.07.18 00:00:00;EUR;3;EU Economic Summit (Day 2);;;;;;
2020.07.19 00:00:00;EUR;2;EU Economic Summit (Day 3);;;;;;
2020.07.19 19:50:00;JPY;1;Monetary Policy Meeting Minutes;;;;;;
2020.07.19 19:50:00;JPY;1;Trade Balance;-0.59T;-0.33T;-0.42T;;-0.60T;
2020.07.20 02:00:00;EUR;1;German PPI m/m;-0.4%;0.2%;0.0%;;;
2020.07.20 04:00:00;EUR;1;Current Account;14.3B;15.2B;8.0B;;14.4B;
2020.07.20 04:00:00;EUR;2;EU Economic Summit (Day 4);;;;;;
2020.07.20 11:10:00;GBP;1;MPC Member Haldane Speaks;;;;;;
2020.07.20 11:10:00;GBP;1;MPC Member Tenreyro Speaks;;;;;;
2020.07.20 19:30:00;JPY;1;National Core CPI y/y;-0.2%;-0.1%;0.0%;;;
2020.07.20 21:30:00;AUD;2;Monetary Policy Meeting Minutes;;;;;;
2020.07.20 23:00:00;AUD;3;RBA Gov Lowe Speaks;;;;;;
2020.07.20 23:00:00;NZD;1;Credit Card Spending y/y;-20.6%;;-9.2%;;-21.1%;
2020.07.21 02:00:00;GBP;1;Public Sector Net Borrowing;44.7B;34.5B;34.8B;;54.5B;
2020.07.21 02:02:00;CHF;1;Trade Balance;2.71B;3.15B;3.22B;;2.80B;
2020.07.21 06:30:00;GBP;1;30-y Bond Auction;0.67|1.7;;0.68|1.8;;;
2020.07.21 08:30:00;CAD;3;Core Retail Sales m/m;-20.7%;11.9%;10.6%;;-22.0%;
2020.07.21 08:30:00;CAD;2;Retail Sales m/m;-25.0%;20.2%;18.7%;;-26.4%;
2020.07.21 08:30:00;CAD;1;NHPI m/m;0.1%;0.2%;0.1%;;;
2020.07.21 09:00:00;CNY;1;CB Leading Index m/m;0.3%;;0.8%;;-0.9%;
2020.07.21 10:30:00;AUD;1;CB Leading Index m/m;0.9%;;-0.4%;;;
2020.07.21 10:46:00;NZD;1;GDT Price Index;8.3%;;-0.7%;;;
2020.07.21 17:00:00;USD;3;President Trump Speaks;;;;;;
2020.07.21 20:30:00;AUD;1;MI Leading Index m/m;0.2%;;0.4%;;;
2020.07.21 20:30:00;JPY;1;Flash Manufacturing PMI;40.1;42.0;42.6;;37.8;
2020.07.21 21:30:00;AUD;2;Retail Sales m/m;16.9%;;2.4%;;;
2020.07.22 05:37:00;EUR;1;German 30-y Bond Auction;-0.13|2.5;;-0.06|2.4;;;
2020.07.22 08:30:00;CAD;2;CPI m/m;0.3%;0.4%;0.8%;;;
2020.07.22 08:30:00;CAD;1;Common CPI y/y;1.4%;1.4%;1.5%;;;
2020.07.22 08:30:00;CAD;1;Median CPI y/y;1.9%;1.8%;1.9%;;;
2020.07.22 08:30:00;CAD;1;Trimmed CPI y/y;1.6%;1.6%;1.8%;;1.7%;
2020.07.22 08:32:00;CAD;1;Core CPI m/m;-0.1%;;0.4%;;;
2020.07.22 09:00:00;USD;1;HPI m/m;0.1%;0.3%;-0.3%;;0.2%;
2020.07.22 09:15:00;EUR;3;ECB President Lagarde Speaks;;;;;;
2020.07.22 10:00:00;USD;1;Existing Home Sales;3.91M;4.77M;4.72M;;;
2020.07.22 10:30:00;USD;2;Crude Oil Inventories;-7.5M;-2.1M;4.9M;;;
2020.07.22 17:30:00;USD;2;President Trump Speaks;;;;;;
2020.07.22 17:30:00;JPY;0;Bank Holiday (All Day);;;;;;
2020.07.22 21:30:00;AUD;1;NAB Quarterly Business Confidence;-12;;-15;;-11;
2020.07.23 02:00:00;EUR;1;German GfK Consumer Climate;-9.4;-4.6;-0.3;;-9.6;
2020.07.23 06:00:00;GBP;1;CBI Industrial Order Expectations;-58;-37;-46;;;
2020.07.23 07:00:00;GBP;2;MPC Member Haskel Speaks;;;;;;
2020.07.23 08:30:00;USD;2;Unemployment Claims;1307K;1300K;1416K;;1300K;
2020.07.23 09:47:00;EUR;1;Consumer Confidence;-15;-12;-15;;;
2020.07.23 10:00:00;USD;2;CB Leading Index m/m;3.2%;2.1%;2.0%;;2.8%;
2020.07.23 10:30:00;USD;1;Natural Gas Storage;45B;37B;37B;;;
2020.07.23 17:00:00;USD;2;President Trump Speaks;;;;;;
2020.07.23 18:45:00;NZD;1;Trade Balance;1286M;450M;426M;;1253M;
2020.07.23 19:00:00;AUD;1;Flash Manufacturing PMI;51.2;;53.4;;49.8;
2020.07.23 19:00:00;AUD;1;Flash Services PMI;53.1;;58.5;;53.2;
2020.07.23 19:01:00;GBP;1;GfK Consumer Confidence;-27;-25;-27;;;
2020.07.23 19:01:00;JPY;0;Bank Holiday (All Day);;;;;;
2020.07.23 21:30:00;AUD;1;Goods Trade Balance;7.31B;;8.38B;;7.82B;
2020.07.24 02:00:00;GBP;2;Retail Sales m/m;12.3%;8.3%;13.9%;;12.0%;
2020.07.24 03:15:00;EUR;3;French Flash Services PMI;50.7;52.3;57.8;;50.3;
2020.07.24 03:15:00;EUR;2;French Flash Manufacturing PMI;52.3;53.1;52.0;;52.1;
2020.07.24 03:30:00;EUR;3;German Flash Manufacturing PMI;45.2;48.0;50.0;;44.6;
2020.07.24 03:30:00;EUR;3;German Flash Services PMI;47.3;50.4;56.7;;45.8;
2020.07.24 04:00:00;EUR;2;Flash Manufacturing PMI;47.4;50.0;51.1;;46.9;
2020.07.24 04:00:00;EUR;2;Flash Services PMI;48.3;51.0;55.1;;47.3;
2020.07.24 04:30:00;GBP;2;Flash Manufacturing PMI;50.1;52.0;53.6;;;
2020.07.24 04:30:00;GBP;2;Flash Services PMI;47.1;51.4;56.6;;47.0;
2020.07.24 08:55:00;EUR;1;Belgian NBB Business Climate;-22.9;-14.3;-13.9;;;
2020.07.24 09:45:00;USD;2;Flash Manufacturing PMI;49.8;52.0;51.3;;49.6;
2020.07.24 09:45:00;USD;1;Flash Services PMI;47.9;51.0;49.6;;46.7;
2020.07.24 10:00:00;USD;1;New Home Sales;682K;700K;776K;;676K;
2020.07.26 19:50:00;JPY;1;BOJ Summary of Opinions;;;;;;
2020.07.26 20:00:00;AUD;2;RBA Assist Gov Kent Speaks;;;;;;
2020.07.27 00:30:00;JPY;1;All Industries Activity m/m;-7.6%;-3.5%;-3.5%;;-6.4%;
2020.07.27 01:00:00;JPY;1;BOJ Core CPI y/y;0.0%;0.1%;0.1%;;;
2020.07.27 04:00:00;EUR;1;M3 Money Supply y/y;8.9%;9.5%;9.2%;;;
2020.07.27 04:00:00;EUR;1;Private Loans y/y;3.0%;3.2%;3.0%;;;
2020.07.27 04:00:00;EUR;1;German ifo Business Climate;86.3;89.2;90.5;;86.2;
2020.07.27 06:00:00;EUR;1;German Buba Monthly Report;;;;;;
2020.07.27 08:30:00;USD;2;Core Durable Goods Orders m/m;3.7%;3.5%;3.3%;;4.0%;
2020.07.27 08:30:00;USD;2;Durable Goods Orders m/m;15.7%;7.0%;7.3%;;15.8%;
2020.07.27 19:50:00;JPY;1;SPPI y/y;0.5%;0.8%;0.8%;;0.8%;
2020.07.28 03:00:00;EUR;2;Spanish Unemployment Rate;14.4%;16.6%;15.3%;;;
2020.07.28 06:00:00;GBP;1;CBI Realized Sales;-37;-27;4;;;
2020.07.28 09:00:00;USD;1;SP/CS Composite-20 HPI y/y;3.9%;4.1%;3.7%;;4.0%;
2020.07.28 09:30:00;USD;3;Fed Announcement;;;;;;
2020.07.28 09:59:00;USD;1;Richmond Manufacturing Index;0;5;10;;;
2020.07.28 10:00:00;USD;2;CB Consumer Confidence;98.3;94.0;92.6;;98.1;
2020.07.28 19:01:00;GBP;1;BRC Shop Price Index y/y;-1.6%;;-1.3%;;;
2020.07.28 21:30:00;AUD;3;CPI q/q;0.3%;-2.0%;-1.9%;;;
2020.07.28 21:30:00;AUD;3;Trimmed Mean CPI q/q;0.5%;0.1%;-0.1%;;;
2020.07.29 02:00:00;EUR;1;German Import Prices m/m;0.3%;0.5%;0.6%;;;
2020.07.29 04:00:00;CHF;1;Credit Suisse Economic Expectations;48.7;;42.4;;;
2020.07.29 04:30:00;GBP;1;M4 Money Supply m/m;2.1%;2.2%;1.0%;;2.0%;
2020.07.29 04:30:00;GBP;1;Mortgage Approvals;9K;35K;40K;;;
2020.07.29 04:30:00;GBP;1;Net Lending to Individuals m/m;-3.3B;-0.4B;1.8B;;-3.4B;
2020.07.29 08:30:00;USD;1;Goods Trade Balance;-75.3B;-75.5B;-70.6B;;-74.3B;
2020.07.29 08:30:00;USD;1;Prelim Wholesale Inventories m/m;-1.2%;-0.4%;-2.0%;;;
2020.07.29 10:00:00;USD;3;Pending Home Sales m/m;44.3%;15.6%;16.6%;;;
2020.07.29 10:30:00;USD;2;Crude Oil Inventories;4.9M;1.0M;-10.6M;;;
2020.07.29 14:00:00;USD;3;FOMC Statement;;;;;;
2020.07.29 14:00:00;USD;2;Federal Funds Rate;<0.25%;<0.25%;<0.25%;;;
2020.07.29 14:30:00;USD;3;FOMC Press Conference;;;;;;
2020.07.29 18:45:00;NZD;1;Building Consents m/m;41.7%;;0.5%;;35.6%;
2020.07.29 19:50:00;JPY;1;Retail Sales y/y;-12.5%;-6.0%;-1.2%;;-12.3%;
2020.07.29 21:00:00;NZD;1;Final ANZ Business Confidence;-29.8;;-31.8;;;
2020.07.29 21:30:00;AUD;1;Building Approvals m/m;-15.8%;-2.0%;-4.9%;;-16.4%;
2020.07.29 21:30:00;AUD;1;Import Prices q/q;-1.0%;-2.5%;-1.9%;;;
2020.07.30 00:00:00;EUR;1;German Prelim CPI m/m (All Day);0.6%;-0.2%;-0.5%;;;
2020.07.30 03:00:00;CHF;2;KOF Economic Barometer;60.6;72.5;85.7;;59.4;
2020.07.30 03:00:00;EUR;1;Spanish Flash CPI y/y;-0.3%;-0.3%;-0.6%;;;
2020.07.30 03:55:00;EUR;1;German Unemployment Change;68K;42K;-18K;;69K;
2020.07.30 04:00:00;EUR;3;German Prelim GDP q/q;-2.0%;-9.0%;-10.1%;;-2.2%;
2020.07.30 04:00:00;EUR;1;ECB Economic Bulletin;;;;;;
2020.07.30 04:00:00;EUR;1;Italian Monthly Unemployment Rate;8.3%;8.5%;8.8%;;7.8%;
2020.07.30 05:00:00;EUR;1;Unemployment Rate;7.7%;7.7%;7.8%;;7.4%;
2020.07.30 05:17:00;EUR;1;Italian 10-y Bond Auction;1.20|2.1;;1.04|1.4;;;
2020.07.30 08:30:00;USD;3;Advance GDP q/q;-5.0%;-34.5%;-32.9%;;-4.8%;
2020.07.30 08:30:00;USD;2;Advance GDP Price Index q/q;1.4%;0.0%;-1.8%;;1.3%;
2020.07.30 08:30:00;USD;2;Unemployment Claims;1422K;1440K;1434K;;1416K;
2020.07.30 10:30:00;USD;1;Natural Gas Storage;37B;25B;26B;;;
2020.07.30 19:30:00;JPY;1;Unemployment Rate;2.9%;3.0%;2.8%;;;
2020.07.30 19:50:00;JPY;1;Prelim Industrial Production m/m;-8.9%;0.9%;2.7%;;-8.4%;
2020.07.30 21:00:00;CNY;3;Manufacturing PMI;50.9;50.8;51.1;;;
2020.07.30 21:00:00;CNY;2;Non-Manufacturing PMI;54.4;54.5;54.2;;;
2020.07.30 21:30:00;AUD;1;PPI q/q;0.2%;;-1.2%;;;
2020.07.30 21:30:00;AUD;1;Private Sector Credit m/m;-0.1%;-0.1%;-0.2%;;;
2020.07.31 01:00:00;JPY;1;Consumer Confidence;28.4;29.5;29.5;;;
2020.07.31 01:02:00;JPY;1;Housing Starts y/y;-12.3%;-12.6%;-12.8%;;;
2020.07.31 01:30:00;EUR;1;French Flash GDP q/q;-5.3%;-15.2%;-13.8%;;-5.8%;
2020.07.31 01:58:00;GBP;1;Nationwide HPI m/m;-1.6%;-0.2%;1.7%;;-1.4%;
2020.07.31 02:00:00;EUR;1;German Retail Sales m/m;12.7%;-3.0%;-1.6%;;13.9%;
2020.07.31 02:30:00;CHF;1;Retail Sales y/y;6.2%;0.9%;1.1%;;6.6%;
2020.07.31 02:45:00;EUR;1;French Consumer Spending m/m;37.4%;6.9%;9.0%;;36.6%;
2020.07.31 02:45:00;EUR;1;French Prelim CPI m/m;0.1%;-0.1%;0.4%;;-0.1%;
2020.07.31 03:00:00;EUR;1;Spanish Flash GDP q/q;-5.2%;-16.0%;-18.5%;;;
2020.07.31 04:00:00;EUR;1;Italian Prelim GDP q/q;-5.3%;-15.0%;-12.4%;;-4.7%;
2020.07.31 05:00:00;EUR;1;CPI Flash Estimate y/y;0.3%;0.3%;0.4%;;;
2020.07.31 05:00:00;EUR;1;Core CPI Flash Estimate y/y;0.8%;0.8%;1.2%;;;
2020.07.31 05:00:00;EUR;1;Italian Prelim CPI m/m;0.1%;0.1%;-0.1%;;;
2020.07.31 05:00:00;EUR;1;Prelim Flash GDP q/q;-3.6%;-12.0%;-12.1%;;-3.8%;
2020.07.31 06:00:00;EUR;1;Italian Retail Sales m/m;24.3%;9.8%;12.1%;;;
2020.07.31 08:30:00;CAD;3;GDP m/m;-11.7%;3.5%;4.5%;;-11.6%;
2020.07.31 08:30:00;CAD;1;Building Permits m/m;21.6%;8.2%;6.2%;;20.2%;
2020.07.31 08:30:00;CAD;1;IPPI m/m;1.2%;0.8%;0.4%;;;
2020.07.31 08:30:00;CAD;1;RMPI m/m;16.4%;7.0%;7.5%;;;
2020.07.31 08:30:00;USD;2;Core PCE Price Index m/m;0.2%;0.2%;0.2%;;0.1%;
2020.07.31 08:30:00;USD;2;Personal Spending m/m;8.5%;5.3%;5.6%;;8.2%;
2020.07.31 08:30:00;USD;1;Employment Cost Index q/q;0.8%;0.6%;0.5%;;;
2020.07.31 08:30:00;USD;1;Personal Income m/m;-4.4%;-0.8%;-1.1%;;-4.2%;
2020.07.31 09:45:00;USD;2;Chicago PMI;36.6;44.0;51.9;;;
2020.07.31 10:00:00;USD;2;Revised UoM Consumer Sentiment;73.2;72.9;72.5;;;
2020.07.31 10:00:00;USD;1;Revised UoM Inflation Expectations;3.1%;;3.0%;;;
