2020.01.01 00:00:00;CHF;0;Bank Holiday (All Day);;;;;;
2020.01.01 00:00:00;EUR;0;French Bank Holiday (All Day);;;;;;
2020.01.01 00:00:00;EUR;0;German Bank Holiday (All Day);;;;;;
2020.01.01 00:00:00;EUR;0;Italian Bank Holiday (All Day);;;;;;
2020.01.01 00:00:00;GBP;0;Bank Holiday (All Day);;;;;;
2020.01.01 00:00:00;CAD;0;Bank Holiday (All Day);;;;;;
2020.01.01 00:00:00;USD;0;Bank Holiday (All Day);;;;;;
2020.01.01 00:00:00;NZD;0;Bank Holiday (All Day);;;;;;
2020.01.01 00:00:00;JPY;0;Bank Holiday (All Day);;;;;;
2020.01.01 20:45:00;CNY;3;Caixin Manufacturing PMI;51.8;51.7;51.5;;;
2020.01.02 00:30:00;AUD;1;Commodity Prices y/y;-4.7%;;-2.1%;;-5.0%;
2020.01.02 00:30:00;CHF;0;Bank Holiday (All Day);;;;;;
2020.01.02 03:15:00;EUR;1;Spanish Manufacturing PMI;47.5;46.9;47.4;;;
2020.01.02 03:45:00;EUR;1;Italian Manufacturing PMI;47.6;47.3;46.2;;;
2020.01.02 03:50:00;EUR;1;French Final Manufacturing PMI;50.3;50.3;50.4;;;
2020.01.02 03:55:00;EUR;1;German Final Manufacturing PMI;43.4;43.4;43.7;;;
2020.01.02 04:00:00;EUR;1;Final Manufacturing PMI;45.9;45.9;46.3;;;
2020.01.02 04:30:00;GBP;2;Final Manufacturing PMI;47.4;47.6;47.5;;;
2020.01.02 07:30:00;USD;1;Challenger Job Cuts y/y;-16.0%;;-25.2%;;;
2020.01.02 08:30:00;USD;1;Unemployment Claims;224K;222K;222K;;222K;
2020.01.02 09:30:00;CAD;1;Manufacturing PMI;51.4;;50.4;;;
2020.01.02 09:45:00;USD;1;Final Manufacturing PMI;52.5;52.5;52.4;;;
2020.01.02 09:45:00;JPY;0;Bank Holiday (All Day);;;;;;
2020.01.02 19:01:00;GBP;1;BRC Shop Price Index y/y;-0.5%;;-0.4%;;;
2020.01.03 02:00:00;GBP;1;Nationwide HPI m/m;0.5%;0.0%;0.1%;;;
2020.01.03 02:00:00;EUR;1;German Prelim CPI m/m (All Day);-0.8%;0.4%;0.5%;;;
2020.01.03 02:45:00;EUR;1;French Prelim CPI m/m;0.1%;0.3%;0.4%;;;
2020.01.03 03:00:00;EUR;1;Spanish Unemployment Change;20.5K;-40.2K;-34.6K;;;
2020.01.03 03:30:00;CHF;1;Manufacturing PMI;48.8;48.7;50.2;;;
2020.01.03 03:55:00;EUR;1;German Unemployment Change;-14K;3K;8K;;-16K;
2020.01.03 04:00:00;EUR;1;M3 Money Supply y/y;5.7%;5.7%;5.6%;;5.6%;
2020.01.03 04:00:00;EUR;1;Private Loans y/y;3.5%;3.6%;3.5%;;;
2020.01.03 04:30:00;GBP;1;Construction PMI;45.3;45.8;44.4;;;
2020.01.03 04:30:00;GBP;1;M4 Money Supply m/m;0.0%;0.2%;0.8%;;;
2020.01.03 04:30:00;GBP;1;Mortgage Approvals;65K;65K;65K;;;
2020.01.03 04:30:00;GBP;1;Net Lending to Individuals m/m;5.6B;5.1B;4.5B;;;
2020.01.03 10:00:00;USD;3;ISM Manufacturing PMI;48.1;49.0;47.2;;;
2020.01.03 10:00:00;USD;1;Construction Spending m/m;0.1%;0.4%;0.6%;;-0.8%;
2020.01.03 10:00:00;USD;1;ISM Manufacturing Prices;46.7;47.7;51.7;;;
2020.01.03 10:00:00;USD;1;Wards Total Vehicle Sales (All Day);17.1M;17.0M;16.7M;;;
2020.01.03 10:30:00;USD;1;Natural Gas Storage;-161B;-60B;-58B;;;
2020.01.03 11:00:00;USD;2;Crude Oil Inventories;-5.5M;-3.1M;-11.5M;;;
2020.01.03 13:15:00;CAD;1;Gov Council Member Wilkins Speaks;;;;;;
2020.01.03 13:15:00;USD;1;FOMC Member Brainard Speaks;;;;;;
2020.01.03 14:00:00;USD;3;FOMC Meeting Minutes;;;;;;
2020.01.03 15:30:00;USD;2;FOMC Member Kaplan Speaks;;;;;;
2020.01.05 13:15:00;CAD;2;Gov Council Member Wilkins Speaks;;;;;;
2020.01.05 13:15:00;GBP;2;MPC Member Broadbent Speaks;;;;;;
2020.01.05 13:15:00;USD;2;FOMC Member Williams Speaks;;;;;;
2020.01.05 16:30:00;AUD;1;AIG Manufacturing Index;48.1;;48.3;;;
2020.01.05 19:30:00;JPY;1;Final Manufacturing PMI;48.8;48.8;48.4;;;
2020.01.05 20:45:00;CNY;1;Caixin Services PMI;53.5;53.2;52.5;;;
2020.01.06 02:00:00;EUR;1;German Retail Sales m/m;-1.3%;1.1%;2.1%;;-1.9%;
2020.01.06 02:00:00;EUR;0;Italian Bank Holiday (All Day);;;;;;
2020.01.06 03:15:00;EUR;1;Spanish Services PMI;53.2;53.9;54.9;;;
2020.01.06 03:45:00;EUR;1;Italian Services PMI;50.4;50.9;51.1;;;
2020.01.06 03:50:00;EUR;1;French Final Services PMI;52.4;52.4;52.4;;;
2020.01.06 03:55:00;EUR;1;German Final Services PMI;52.0;52.0;52.9;;;
2020.01.06 04:00:00;EUR;1;Final Services PMI;52.4;52.4;52.8;;;
2020.01.06 04:30:00;EUR;1;Sentix Investor Confidence;0.7;3.0;7.6;;;
2020.01.06 04:30:00;GBP;1;Final Services PMI;49.0;49.1;50.0;;;
2020.01.06 05:00:00;EUR;1;PPI m/m;0.0%;0.1%;0.2%;;0.1%;
2020.01.06 08:30:00;CAD;2;RMPI m/m;-1.9%;1.5%;1.5%;;;
2020.01.06 08:30:00;CAD;1;IPPI m/m;0.0%;0.4%;0.1%;;0.1%;
2020.01.06 09:45:00;USD;1;Final Services PMI;52.2;52.2;52.8;;;
2020.01.06 18:50:00;JPY;1;Monetary Base y/y;3.3%;3.6%;3.2%;;;
2020.01.06 19:30:00;AUD;1;ANZ Job Advertisements m/m;-1.8%;;-6.7%;;-1.7%;
2020.01.06 22:35:00;JPY;1;10-y Bond Auction;-0.04|3.3;;-0.01|3.7;;;
2020.01.07 02:30:00;CHF;2;CPI m/m;-0.1%;-0.1%;0.0%;;;
2020.01.07 04:55:00;GBP;1;Housing Equity Withdrawal q/q;-7.6B;-7.2B;-6.3B;;-6.9B;
2020.01.07 05:00:00;EUR;2;CPI Flash Estimate y/y;1.0%;1.3%;1.3%;;;
2020.01.07 05:00:00;EUR;1;Core CPI Flash Estimate y/y;1.3%;1.3%;1.3%;;;
2020.01.07 05:00:00;EUR;1;Italian Prelim CPI m/m;-0.2%;0.2%;0.2%;;0.0%;
2020.01.07 05:00:00;EUR;1;Retail Sales m/m;-0.3%;0.6%;1.0%;;-0.6%;
2020.01.07 05:34:00;GBP;1;10-y Bond Auction;0.74|2.2;;0.79|2.5;;;
2020.01.07 08:30:00;CAD;2;Trade Balance;-1.6B;-0.8B;-1.1B;;-1.1B;
2020.01.07 08:30:00;USD;1;Trade Balance;-46.9B;-44.5B;-43.1B;;-47.2B;
2020.01.07 09:37:00;NZD;1;GDT Price Index;-5.1%;;2.8%;;;
2020.01.07 10:00:00;CAD;1;Ivey PMI;60.0;60.2;51.9;;;
2020.01.07 10:00:00;USD;3;ISM Services PMI;53.9;54.5;55.0;;;
2020.01.07 10:00:00;USD;1;Factory Orders m/m;0.2%;-0.6%;-0.7%;;0.3%;
2020.01.07 16:30:00;AUD;1;AIG Construction Index;40.0;;38.9;;;
2020.01.07 18:30:00;JPY;1;Average Cash Earnings y/y;0.0%;-0.2%;-0.2%;;0.5%;
2020.01.07 19:30:00;AUD;3;Building Approvals m/m;-7.9%;2.1%;11.8%;;-8.1%;
2020.01.08 00:02:00;JPY;1;Consumer Confidence;38.7;39.6;39.1;;;
2020.01.08 02:00:00;EUR;1;German Factory Orders m/m;0.2%;0.2%;-1.3%;;-0.4%;
2020.01.08 02:45:00;EUR;1;French Trade Balance;-4.9B;-5.0B;-5.6B;;-4.7B;
2020.01.08 03:30:00;GBP;1;Halifax HPI m/m;1.2%;0.6%;1.7%;;1.0%;
2020.01.08 05:36:00;EUR;1;German 10-y Bond Auction;-0.33|1.9;;-0.25|1.2;;;
2020.01.08 08:15:00;USD;3;ADP Non-Farm Employment Change;124K;160K;202K;;67K;
2020.01.08 10:00:00;USD;1;FOMC Member Brainard Speaks;;;;;;
2020.01.08 10:30:00;USD;2;Crude Oil Inventories;-11.5M;-3.4M;1.2M;;;
2020.01.08 11:26:00;USD;3;President Trump Speaks;;;;;;
2020.01.08 13:01:00;USD;1;10-y Bond Auction;1.84|2.4;;1.87|2.4;;;
2020.01.08 15:00:00;USD;1;Consumer Credit m/m;19.0B;15.5B;12.5B;;18.9B;
2020.01.08 19:00:00;NZD;1;ANZ Commodity Prices m/m;4.3%;;-2.8%;;;
2020.01.08 19:01:00;GBP;1;BRC Retail Sales Monitor y/y;-4.9%;-0.5%;1.7%;;;
2020.01.08 19:30:00;AUD;3;Trade Balance;4.08B;4.10B;5.80B;;4.50B;
2020.01.08 20:30:00;CNY;2;CPI y/y;4.5%;4.7%;4.5%;;;
2020.01.08 20:30:00;CNY;1;PPI y/y;-1.4%;-0.4%;-0.5%;;;
2020.01.08 22:35:00;JPY;1;30-y Bond Auction;0.43|3.7;;0.43|3.7;;;
2020.01.09 02:00:00;EUR;1;German Industrial Production m/m;-1.0%;0.9%;1.1%;;-1.7%;
2020.01.09 02:00:00;EUR;1;German Trade Balance;20.4B;20.9B;18.3B;;20.6B;
2020.01.09 02:30:00;CHF;1;Retail Sales y/y;0.4%;0.5%;0.0%;;0.7%;
2020.01.09 03:00:00;CHF;1;Foreign Currency Reserves;783B;;771B;;;
2020.01.09 04:00:00;EUR;1;Italian Monthly Unemployment Rate;9.7%;9.8%;9.7%;;;
2020.01.09 04:30:00;GBP;3;BOE Gov Carney Speaks;;;;;;
2020.01.09 05:00:00;EUR;1;Unemployment Rate;7.5%;7.5%;7.5%;;;
2020.01.09 05:04:00;EUR;1;French 10-y Bond Auction;-0.08|2.0;;0.04|1.7;;;
2020.01.09 08:00:00;USD;2;FOMC Member Clarida Speaks;;;;;;
2020.01.09 08:13:00;CAD;1;Housing Starts;204K;212K;197K;;201K;
2020.01.09 08:30:00;CAD;1;Building Permits m/m;-1.5%;1.0%;-2.4%;;;
2020.01.09 08:30:00;USD;1;Unemployment Claims;223K;221K;214K;;222K;
2020.01.09 09:30:00;USD;2;FOMC Member Kashkari Speaks;;;;;;
2020.01.09 10:30:00;USD;1;Natural Gas Storage;-58B;-51B;-44B;;;
2020.01.09 11:30:00;USD;1;FOMC Member Williams Speaks;;;;;;
2020.01.09 13:01:00;USD;2;30-y Bond Auction;2.31|2.5;;2.34|2.5;;;
2020.01.09 13:45:00;CAD;3;BOC Gov Poloz Speaks;;;;;;
2020.01.09 14:10:00;EUR;1;German Buba President Weidmann Speaks;;;;;;
2020.01.09 16:30:00;AUD;1;AIG Services Index;53.7;;48.7;;;
2020.01.09 18:30:00;JPY;1;Household Spending y/y;-5.1%;-2.0%;-2.0%;;;
2020.01.09 19:30:00;AUD;3;Retail Sales m/m;0.1%;0.4%;0.9%;;0.0%;
2020.01.10 00:00:00;JPY;1;Leading Indicators;91.6%;90.9%;90.9%;;91.8%;
2020.01.10 01:45:00;CHF;1;Unemployment Rate;2.3%;2.3%;2.3%;;;
2020.01.10 02:45:00;EUR;1;French Industrial Production m/m;0.5%;0.1%;0.3%;;0.4%;
2020.01.10 04:00:00;EUR;1;Italian Industrial Production m/m;-0.3%;0.0%;0.1%;;;
2020.01.10 04:30:00;GBP;1;MPC Member Tenreyro Speaks;;;;;;
2020.01.10 08:30:00;CAD;3;Employment Change;-71.2K;24.9K;35.2K;;;
2020.01.10 08:30:00;CAD;3;Unemployment Rate;5.9%;5.8%;5.6%;;;
2020.01.10 08:30:00;USD;3;Average Hourly Earnings m/m;0.3%;0.3%;0.1%;;0.2%;
2020.01.10 08:30:00;USD;3;Non-Farm Employment Change;256K;162K;145K;;266K;
2020.01.10 08:30:00;USD;3;Unemployment Rate;3.5%;3.5%;3.5%;;;
2020.01.10 10:00:00;USD;1;Final Wholesale Inventories m/m;0.0%;0.0%;-0.1%;;;
2020.01.12 19:00:00;AUD;1;MI Inflation Gauge m/m;0.0%;;0.3%;;;
2020.01.12 19:00:00;JPY;0;Bank Holiday (All Day);;;;;;
2020.01.13 02:00:00;EUR;1;German WPI m/m;-0.1%;0.2%;0.0%;;;
2020.01.13 04:00:00;EUR;1;Italian Retail Sales m/m;-0.3%;0.1%;-0.2%;;-0.2%;
2020.01.13 04:30:00;GBP;2;GDP m/m;0.1%;0.0%;-0.3%;;0.0%;
2020.01.13 04:30:00;GBP;2;Manufacturing Production m/m;0.5%;-0.3%;-1.7%;;0.2%;
2020.01.13 04:30:00;GBP;1;Construction Output m/m;-2.2%;0.6%;1.9%;;-2.3%;
2020.01.13 04:30:00;GBP;1;Goods Trade Balance;-10.9B;-11.8B;-5.3B;;-14.5B;
2020.01.13 04:30:00;GBP;1;Index of Services 3m/3m;0.3%;0.2%;0.1%;;0.2%;
2020.01.13 04:30:00;GBP;1;Industrial Production m/m;0.4%;-0.1%;-1.2%;;0.1%;
2020.01.13 09:49:00;GBP;1;NIESR GDP Estimate;0.1%;;0.0%;;0.0%;
2020.01.13 10:30:00;CAD;3;BOC Business Outlook Survey;;;;;;
2020.01.13 14:00:00;USD;1;Federal Budget Balance;-208.8B;5.0B;-13.3B;;;
2020.01.13 16:00:00;NZD;3;NZIER Business Confidence;-40;;-21;;;
2020.01.13 16:45:00;NZD;1;Building Consents m/m;-1.3%;;-8.5%;;-1.1%;
2020.01.13 17:00:00;USD;2;Treasury Currency Report;;;;;;
2020.01.13 18:50:00;JPY;1;Bank Lending y/y;2.1%;2.1%;1.8%;;;
2020.01.13 18:50:00;JPY;1;Current Account;1.73T;1.78T;1.79T;;;
2020.01.13 22:24:00;CNY;2;USD-Denominated Trade Balance;38.7B;45.8B;46.8B;;;
2020.01.13 22:25:00;CNY;2;Trade Balance;274B;315B;329B;;;
2020.01.14 00:00:00;JPY;1;Economy Watchers Sentiment;39.4;40.9;39.8;;;
2020.01.14 05:50:00;USD;1;NFIB Small Business Index;104.7;104.9;102.7;;;
2020.01.14 08:30:00;USD;3;CPI m/m;0.3%;0.2%;0.2%;;;
2020.01.14 08:30:00;USD;3;Core CPI m/m;0.2%;0.2%;0.1%;;;
2020.01.14 09:00:00;USD;1;FOMC Member Williams Speaks;;;;;;
2020.01.14 10:00:00;USD;1;IBD/TIPP Economic Optimism;57.0;57.3;57.4;;;
2020.01.14 16:45:00;NZD;1;FPI m/m;-0.7%;;-0.2%;;;
2020.01.14 18:50:00;JPY;1;M2 Money Stock y/y;2.7%;2.7%;2.7%;;2.8%;
2020.01.14 19:30:00;JPY;2;BOJ Gov Kuroda Speaks;;;;;;
2020.01.15 00:58:00;JPY;1;Prelim Machine Tool Orders y/y;-37.9%;;-33.6%;;;
2020.01.15 02:45:00;EUR;1;French Final CPI m/m;0.4%;0.4%;0.4%;;;
2020.01.15 03:40:00;GBP;3;MPC Member Saunders Speaks;;;;;;
2020.01.15 04:30:00;GBP;3;CPI y/y;1.5%;1.5%;1.3%;;;
2020.01.15 04:30:00;GBP;2;PPI Input m/m;0.5%;0.2%;0.1%;;-0.3%;
2020.01.15 04:30:00;GBP;1;Core CPI y/y;1.7%;1.7%;1.4%;;;
2020.01.15 04:30:00;GBP;1;HPI y/y;1.3%;1.1%;2.2%;;0.7%;
2020.01.15 04:30:00;GBP;1;PPI Output m/m;-0.2%;0.0%;0.0%;;;
2020.01.15 04:30:00;GBP;1;RPI y/y;2.2%;2.3%;2.2%;;;
2020.01.15 05:00:00;EUR;1;Industrial Production m/m;-0.9%;0.3%;0.2%;;-0.5%;
2020.01.15 05:00:00;EUR;1;Trade Balance;24.0B;22.3B;19.2B;;24.5B;
2020.01.15 05:34:00;EUR;1;German 30-y Bond Auction;0.14|1.2;;0.31|1.1;;;
2020.01.15 08:30:00;USD;2;Core PPI m/m;-0.2%;0.2%;0.1%;;;
2020.01.15 08:30:00;USD;2;PPI m/m;0.0%;0.2%;0.1%;;;
2020.01.15 08:30:00;USD;1;Empire State Manufacturing Index;3.5;3.7;4.8;;;
2020.01.15 09:30:00;GBP;1;CB Leading Index m/m;-0.4%;;-0.2%;;;
2020.01.15 10:30:00;USD;2;Crude Oil Inventories;1.2M;0.4M;-2.5M;;;
2020.01.15 11:00:00;USD;2;FOMC Member Harker Speaks;;;;;;
2020.01.15 12:00:00;USD;2;FOMC Member Kaplan Speaks;;;;;;
2020.01.15 13:00:00;EUR;1;German Buba President Weidmann Speaks;;;;;;
2020.01.15 14:00:00;USD;1;Beige Book;;;;;;
2020.01.15 18:50:00;JPY;1;Core Machinery Orders m/m;-6.0%;3.1%;18.0%;;;
2020.01.15 18:50:00;JPY;1;PPI y/y;0.1%;0.9%;0.9%;;;
2020.01.15 19:01:00;GBP;1;RICS House Price Balance;-11%;-9%;-2%;;-12%;
2020.01.16 01:59:00;CNY;2;New Loans;1390B;1250B;1140B;;;
2020.01.16 02:00:00;EUR;1;German Final CPI m/m;0.5%;0.5%;0.5%;;;
2020.01.16 02:02:00;CNY;1;M2 Money Supply y/y;8.2%;8.4%;8.7%;;;
2020.01.16 04:30:00;GBP;2;BOE Credit Conditions Survey;;;;;;
2020.01.16 07:30:00;EUR;3;ECB Monetary Policy Meeting Accounts;;;;;;
2020.01.16 08:30:00;CAD;1;ADP Non-Farm Employment Change;27.6K;;46.2K;;30.9K;
2020.01.16 08:30:00;USD;3;Core Retail Sales m/m;0.0%;0.5%;0.7%;;0.1%;
2020.01.16 08:30:00;USD;3;Retail Sales m/m;0.3%;0.3%;0.3%;;0.2%;
2020.01.16 08:30:00;USD;2;Philly Fed Manufacturing Index;0.3;3.7;17.0;;;
2020.01.16 08:30:00;USD;1;Import Prices m/m;0.1%;0.3%;0.3%;;0.2%;
2020.01.16 08:30:00;USD;1;Unemployment Claims;214K;217K;204K;;;
2020.01.16 10:00:00;USD;2;FOMC Member Bowman Speaks;;;;;;
2020.01.16 10:00:00;USD;1;Business Inventories m/m;0.1%;-0.1%;-0.2%;;0.2%;
2020.01.16 10:00:00;USD;1;NAHB Housing Market Index;76;74;75;;;
2020.01.16 10:30:00;USD;1;Natural Gas Storage;-44B;-91B;-109B;;;
2020.01.16 13:00:00;EUR;3;ECB President Lagarde Speaks;;;;;;
2020.01.16 16:00:00;USD;1;TIC Long-Term Purchases;31.5B;34.5B;22.9B;;32.5B;
2020.01.16 16:30:00;NZD;1;BusinessNZ Manufacturing Index;51.2;;49.3;;51.4;
2020.01.16 21:00:00;CNY;3;GDP q/y;6.0%;6.0%;6.0%;;;
2020.01.16 21:00:00;CNY;2;Fixed Asset Investment ytd/y;5.2%;5.2%;5.4%;;;
2020.01.16 21:00:00;CNY;2;Industrial Production y/y;6.2%;5.9%;6.9%;;;
2020.01.16 21:00:00;CNY;1;NBS Press Conference;;;;;;
2020.01.16 21:00:00;CNY;1;Retail Sales y/y;8.0%;7.9%;8.0%;;;
2020.01.16 21:00:00;CNY;1;Unemployment Rate;5.1%;;5.2%;;;
2020.01.16 23:30:00;JPY;1;Tertiary Industry Activity m/m;-5.2%;1.0%;1.3%;;-4.6%;
2020.01.17 02:30:00;CHF;1;PPI m/m;-0.4%;0.2%;0.1%;;;
2020.01.17 02:45:00;EUR;1;French Gov Budget Balance;-107.7B;;-113.9B;;;
2020.01.17 04:00:00;EUR;1;Current Account;35.8B;34.3B;33.9B;;32.4B;
2020.01.17 04:02:00;EUR;1;Italian Trade Balance;8.06B;7.22B;4.87B;;;
2020.01.17 04:30:00;GBP;3;Retail Sales m/m;-0.8%;0.5%;-0.6%;;-0.6%;
2020.01.17 05:00:00;EUR;1;Final CPI y/y;1.3%;1.3%;1.3%;;;
2020.01.17 05:00:00;EUR;1;Final Core CPI y/y;1.3%;1.3%;1.3%;;;
2020.01.17 08:30:00;CAD;1;Foreign Securities Purchases;11.31B;12.32B;-1.75B;;11.32B;
2020.01.17 08:30:00;USD;2;Building Permits;1.47M;1.47M;1.42M;;1.48M;
2020.01.17 08:30:00;USD;1;Housing Starts;1.38M;1.38M;1.61M;;1.37M;
2020.01.17 09:00:00;USD;2;FOMC Member Harker Speaks;;;;;;
2020.01.17 09:15:00;USD;1;Capacity Utilization Rate;77.4%;77.0%;77.0%;;77.3%;
2020.01.17 09:15:00;USD;1;Industrial Production m/m;0.8%;0.0%;-0.3%;;1.1%;
2020.01.17 10:00:00;USD;2;Prelim UoM Consumer Sentiment;99.3;99.3;99.1;;99.2;
2020.01.17 10:00:00;USD;1;JOLTS Job Openings;7.36M;7.24M;6.80M;;7.27M;
2020.01.17 10:00:00;USD;1;Prelim UoM Inflation Expectations;2.3%;;2.5%;;2.4%;
2020.01.17 12:45:00;USD;1;FOMC Member Quarles Speaks;;;;;;
2020.01.19 19:01:00;GBP;1;Rightmove HPI m/m;-0.9%;;2.3%;;;
2020.01.19 23:30:00;JPY;1;Revised Industrial Production m/m;-0.9%;-0.9%;-1.0%;;;
2020.01.20 02:00:00;EUR;1;German PPI m/m;0.0%;0.0%;0.1%;;;
2020.01.20 02:00:00;EUR;1;Eurogroup Meetings (All Day);;;;;;
2020.01.20 06:00:00;EUR;1;German Buba Monthly Report;;;;;;
2020.01.20 06:00:00;USD;0;Bank Holiday (All Day);;;;;;
2020.01.20 22:01:00;JPY;3;Monetary Policy Statement;;;;;;
2020.01.20 22:01:00;JPY;1;BOJ Policy Rate;-0.10%;-0.10%;-0.10%;;;
2020.01.20 22:02:00;JPY;3;BOJ Outlook Report;;;;;;
2020.01.21 01:31:00;JPY;2;BOJ Press Conference;;;;;;
2020.01.21 01:31:00;All;2;WEF Annual Meetings (Day 1);;;;;;
2020.01.21 04:30:00;GBP;2;Average Earnings Index 3m/y;3.2%;3.1%;3.2%;;;
2020.01.21 04:30:00;GBP;1;Claimant Count Change;14.9K;33.4K;14.9K;;28.8K;
2020.01.21 04:30:00;GBP;1;Unemployment Rate;3.8%;3.8%;3.8%;;;
2020.01.21 05:00:00;EUR;2;German ZEW Economic Sentiment;10.7;15.2;26.7;;;
2020.01.21 05:00:00;EUR;1;ZEW Economic Sentiment;11.2;16.3;25.6;;;
2020.01.21 05:00:00;EUR;1;ECOFIN Meetings (All Day);;;;;;
2020.01.21 08:30:00;CAD;2;Manufacturing Sales m/m;-0.2%;-0.5%;-0.6%;;-0.7%;
2020.01.21 09:41:00;NZD;1;GDT Price Index;2.8%;;1.7%;;;
2020.01.21 18:30:00;AUD;2;Westpac Consumer Sentiment;-1.9%;;-1.8%;;;
2020.01.22 00:00:00;EUR;2;Greek Presidential Elections (All Day);;;;;;
2020.01.22 00:00:00;All;2;WEF Annual Meetings (Day 2);;;;;;
2020.01.22 04:30:00;GBP;1;Public Sector Net Borrowing;4.2B;4.5B;4.0B;;4.9B;
2020.01.22 06:00:00;GBP;1;CBI Industrial Order Expectations;-28;-25;-22;;;
2020.01.22 08:30:00;CAD;3;CPI m/m;-0.1%;0.0%;0.0%;;;
2020.01.22 08:30:00;CAD;2;Common CPI y/y;1.9%;1.9%;2.0%;;;
2020.01.22 08:30:00;CAD;2;Median CPI y/y;2.3%;2.4%;2.2%;;2.4%;
2020.01.22 08:30:00;CAD;2;Trimmed CPI y/y;2.2%;2.2%;2.1%;;;
2020.01.22 08:30:00;CAD;1;NHPI m/m;-0.1%;0.0%;0.2%;;;
2020.01.22 08:30:00;CAD;1;Wholesale Sales m/m;-1.2%;-0.2%;-1.2%;;-1.1%;
2020.01.22 08:32:00;CAD;1;Core CPI m/m;-0.2%;;-0.4%;;;
2020.01.22 09:00:00;USD;1;HPI m/m;0.4%;0.3%;0.2%;;0.2%;
2020.01.22 10:00:00;CAD;3;BOC Monetary Policy Report;;;;;;
2020.01.22 10:00:00;CAD;3;BOC Rate Statement;;;;;;
2020.01.22 10:00:00;CAD;3;Overnight Rate;1.75%;1.75%;1.75%;;;
2020.01.22 10:00:00;USD;1;Existing Home Sales;5.35M;5.43M;5.54M;;;
2020.01.22 10:30:00;AUD;1;CB Leading Index m/m;0.2%;;-0.3%;;;
2020.01.22 11:15:00;CAD;3;BOC Press Conference;;;;;;
2020.01.22 16:45:00;NZD;1;Visitor Arrivals m/m;-0.2%;;-0.9%;;0.0%;
2020.01.22 18:50:00;JPY;1;Trade Balance;-0.09T;-0.24T;-0.10T;;-0.06T;
2020.01.22 19:00:00;AUD;1;MI Inflation Expectations;4.0%;;4.7%;;;
2020.01.22 19:30:00;AUD;3;Employment Change;38.5K;12.2K;28.9K;;39.9K;
2020.01.22 19:30:00;AUD;3;Unemployment Rate;5.2%;5.2%;5.1%;;;
2020.01.22 23:30:00;JPY;1;All Industries Activity m/m;-4.8%;0.4%;0.9%;;-4.3%;
2020.01.23 00:00:00;All;2;WEF Annual Meetings (Day 3);;;;;;
2020.01.23 07:45:00;EUR;3;Main Refinancing Rate;0.00%;0.00%;0.00%;;;
2020.01.23 07:45:00;EUR;3;Monetary Policy Statement;;;;;;
2020.01.23 08:30:00;EUR;3;ECB Press Conference;;;;;;
2020.01.23 08:30:00;USD;1;Unemployment Claims;205K;214K;211K;;204K;
2020.01.23 09:55:00;EUR;1;Consumer Confidence;-8;-8;-8;;;
2020.01.23 10:00:00;USD;1;CB Leading Index m/m;0.1%;-0.2%;-0.3%;;0.0%;
2020.01.23 10:30:00;USD;1;Natural Gas Storage;-109B;-88B;-92B;;;
2020.01.23 11:00:00;USD;3;Crude Oil Inventories;-2.5M;-0.1M;-0.4M;;;
2020.01.23 16:45:00;NZD;3;CPI q/q;0.7%;0.4%;0.5%;;;
2020.01.23 17:00:00;AUD;1;Flash Manufacturing PMI;49.2;;49.1;;49.4;
2020.01.23 17:00:00;AUD;1;Flash Services PMI;49.8;;48.9;;49.5;
2020.01.23 18:30:00;JPY;1;National Core CPI y/y;0.5%;0.7%;0.7%;;;
2020.01.23 18:50:00;JPY;1;Monetary Policy Meeting Minutes;;;;;;
2020.01.23 19:30:00;JPY;1;Flash Manufacturing PMI;48.4;48.9;49.3;;48.8;
2020.01.23 21:00:00;NZD;1;Credit Card Spending y/y;4.4%;;3.4%;;4.5%;
2020.01.24 03:15:00;EUR;3;French Flash Services PMI;52.4;52.2;51.7;;;
2020.01.24 03:15:00;EUR;2;French Flash Manufacturing PMI;50.4;50.6;51.0;;50.3;
2020.01.24 03:30:00;EUR;3;German Flash Manufacturing PMI;43.7;44.5;45.2;;43.4;
2020.01.24 03:30:00;EUR;3;German Flash Services PMI;52.9;53.0;54.2;;52.0;
2020.01.24 03:30:00;GBP;2;MPC Member Haskel Speaks;;;;;;
2020.01.24 04:00:00;EUR;2;Flash Manufacturing PMI;46.3;46.9;47.8;;45.9;
2020.01.24 04:00:00;EUR;2;Flash Services PMI;52.8;52.9;52.2;;52.4;
2020.01.24 04:00:00;All;2;WEF Annual Meetings (Day 4);;;;;;
2020.01.24 04:30:00;EUR;3;ECB President Lagarde Speaks;;;;;;
2020.01.24 04:30:00;GBP;3;Flash Manufacturing PMI;47.5;48.8;49.8;;47.4;
2020.01.24 04:30:00;GBP;3;Flash Services PMI;50.0;51.1;52.9;;49.0;
2020.01.24 04:30:00;JPY;2;BOJ Gov Kuroda Speaks;;;;;;
2020.01.24 04:30:00;USD;3;Treasury Sec Mnuchin Speaks;;;;;;
2020.01.24 08:30:00;CAD;3;Core Retail Sales m/m;-0.4%;0.5%;0.2%;;-0.5%;
2020.01.24 08:30:00;CAD;2;Retail Sales m/m;-1.1%;0.6%;0.9%;;-1.2%;
2020.01.24 08:58:00;EUR;1;Belgian NBB Business Climate;-3.4;-3.0;-2.0;;;
2020.01.24 09:45:00;USD;2;Flash Manufacturing PMI;52.4;52.4;51.7;;52.5;
2020.01.24 09:45:00;USD;1;Flash Services PMI;52.8;52.9;53.2;;52.2;
2020.01.26 00:00:00;AUD;0;Bank Holiday (All Day);;;;;;
2020.01.26 00:00:00;CNY;0;Bank Holiday (All Day);;;;;;
2020.01.27 04:00:00;EUR;3;German ifo Business Climate;96.3;97.1;95.9;;;
2020.01.27 04:30:00;GBP;1;High Street Lending;44.1K;44.0K;46.8K;;43.7K;
2020.01.27 09:00:00;CNY;1;CB Leading Index m/m;1.5%;;1.4%;;;
2020.01.27 09:30:00;USD;1;FOMC Member Williams Speaks;;;;;;
2020.01.27 10:00:00;USD;1;New Home Sales;697K;730K;694K;;719K;
2020.01.27 18:50:00;JPY;1;SPPI y/y;2.1%;2.1%;2.1%;;;
2020.01.27 18:50:00;CNY;0;Bank Holiday (All Day);;;;;;
2020.01.27 19:30:00;AUD;1;NAB Business Confidence;0;;-2;;;
2020.01.28 00:00:00;JPY;1;BOJ Core CPI y/y;0.2%;0.2%;0.3%;;;
2020.01.28 02:00:00;CHF;1;Trade Balance;3.95B;3.14B;1.96B;;3.92B;
2020.01.28 03:00:00;EUR;2;Spanish Unemployment Rate;13.9%;14.0%;13.8%;;;
2020.01.28 05:34:00;GBP;1;10-y Bond Auction;0.79|2.5;;0.50|2.3;;;
2020.01.28 06:00:00;GBP;1;CBI Realized Sales;0;5;0;;;
2020.01.28 08:30:00;USD;2;Core Durable Goods Orders m/m;-0.1%;0.4%;-0.1%;;0.0%;
2020.01.28 08:30:00;USD;2;Durable Goods Orders m/m;-2.1%;1.2%;2.4%;;-2.0%;
2020.01.28 09:00:00;USD;1;SP/CS Composite-20 HPI y/y;2.2%;2.5%;2.6%;;;
2020.01.28 09:30:00;USD;1;FOMC Member Williams Speaks;;;;;;
2020.01.28 09:59:00;USD;2;Richmond Manufacturing Index;-5;-3;20;;;
2020.01.28 10:00:00;USD;3;CB Consumer Confidence;128.2;128.2;131.6;;126.5;
2020.01.28 18:38:00;AUD;1;MI Leading Index m/m;0.0%;;0.1%;;-0.1%;
2020.01.28 18:50:00;JPY;1;BOJ Summary of Opinions;;;;;;
2020.01.28 18:50:00;CNY;0;Bank Holiday (All Day);;;;;;
2020.01.28 19:01:00;GBP;1;BRC Shop Price Index y/y;-0.4%;;-0.3%;;;
2020.01.28 19:30:00;AUD;3;CPI q/q;0.5%;0.6%;0.7%;;;
2020.01.28 19:30:00;AUD;3;Trimmed Mean CPI q/q;0.4%;0.4%;0.4%;;;
2020.01.29 00:00:00;JPY;1;Consumer Confidence;39.1;39.6;39.1;;;
2020.01.29 01:59:00;GBP;1;Nationwide HPI m/m;0.1%;0.3%;0.5%;;;
2020.01.29 02:00:00;EUR;1;German GfK Consumer Climate;9.7;9.6;9.9;;9.6;
2020.01.29 02:00:00;EUR;1;German Import Prices m/m;0.5%;0.2%;0.2%;;;
2020.01.29 04:00:00;CHF;1;Credit Suisse Economic Expectations;12.5;;8.3;;;
2020.01.29 04:00:00;EUR;1;M3 Money Supply y/y;5.6%;5.5%;5.0%;;;
2020.01.29 04:00:00;EUR;1;Private Loans y/y;3.5%;3.5%;3.7%;;;
2020.01.29 08:30:00;USD;1;Goods Trade Balance;-63.0B;-64.5B;-68.3B;;-63.2B;
2020.01.29 08:30:00;USD;1;Prelim Wholesale Inventories m/m;-0.1%;0.1%;-0.1%;;0.0%;
2020.01.29 10:00:00;USD;1;Pending Home Sales m/m;1.2%;0.5%;-4.9%;;;
2020.01.29 10:30:00;USD;2;Crude Oil Inventories;-0.4M;0.7M;3.5M;;;
2020.01.29 14:00:00;USD;3;FOMC Statement;;;;;;
2020.01.29 14:00:00;USD;3;Federal Funds Rate;<1.75%;<1.75%;<1.75%;;;
2020.01.29 14:30:00;USD;3;FOMC Press Conference;;;;;;
2020.01.29 16:45:00;NZD;1;Trade Balance;-791M;100M;547M;;-753M;
2020.01.29 16:45:00;CNY;0;Bank Holiday (All Day);;;;;;
2020.01.29 19:30:00;AUD;1;Import Prices q/q;0.4%;0.4%;0.7%;;;
2020.01.30 00:00:00;EUR;2;German Prelim CPI m/m (All Day);0.5%;-0.6%;-0.6%;;;
2020.01.30 03:00:00;CHF;1;KOF Economic Barometer;96.2;97.0;100.1;;96.4;
2020.01.30 03:55:00;EUR;1;German Unemployment Change;8K;5K;-2K;;;
2020.01.30 04:00:00;EUR;1;Italian Monthly Unemployment Rate;9.8%;9.7%;9.8%;;9.7%;
2020.01.30 05:00:00;EUR;1;Unemployment Rate;7.5%;7.5%;7.4%;;;
2020.01.30 05:17:00;EUR;1;Italian 10-y Bond Auction;1.35|1.3;;0.94|1.2;;;
2020.01.30 07:00:00;GBP;3;BOE Monetary Policy Report;;;;;;
2020.01.30 07:00:00;GBP;3;MPC Official Bank Rate Votes;0-2-7;0-3-6;0-2-7;;;
2020.01.30 07:00:00;GBP;3;Monetary Policy Summary;;;;;;
2020.01.30 07:00:00;GBP;3;Official Bank Rate;0.75%;0.75%;0.75%;;;
2020.01.30 07:00:00;GBP;1;Asset Purchase Facility;435B;435B;435B;;;
2020.01.30 07:00:00;GBP;1;MPC Asset Purchase Facility Votes;0-0-9;0-0-9;0-0-9;;;
2020.01.30 07:30:00;GBP;3;BOE Gov Carney Speaks;;;;;;
2020.01.30 08:30:00;USD;3;Advance GDP q/q;2.1%;2.1%;2.1%;;1.9%;
2020.01.30 08:30:00;USD;2;Advance GDP Price Index q/q;1.8%;1.8%;1.4%;;1.7%;
2020.01.30 08:30:00;USD;1;Unemployment Claims;223K;215K;216K;;211K;
2020.01.30 10:30:00;USD;1;Natural Gas Storage;-92B;-197B;-201B;;;
2020.01.30 13:00:00;EUR;1;German Buba President Weidmann Speaks;;;;;;
2020.01.30 15:15:00;CAD;1;Gov Council Member Beaudry Speaks;;;;;;
2020.01.30 18:30:00;JPY;1;Tokyo Core CPI y/y;0.8%;0.8%;0.7%;;;
2020.01.30 18:30:00;JPY;1;Unemployment Rate;2.2%;2.3%;2.2%;;;
2020.01.30 18:50:00;JPY;1;Prelim Industrial Production m/m;-1.0%;0.7%;1.3%;;-0.9%;
2020.01.30 18:50:00;JPY;1;Retail Sales y/y;-2.1%;-1.7%;-2.6%;;;
2020.01.30 18:50:00;CNY;0;Bank Holiday (All Day);;;;;;
2020.01.30 19:01:00;GBP;1;GfK Consumer Confidence;-11;-9;-9;;;
2020.01.30 19:30:00;AUD;1;PPI q/q;0.4%;0.3%;0.3%;;;
2020.01.30 19:30:00;AUD;1;Private Sector Credit m/m;0.2%;0.2%;0.2%;;0.1%;
2020.01.30 20:00:00;CNY;3;Manufacturing PMI;50.2;50.1;50.0;;;
2020.01.30 20:00:00;CNY;2;Non-Manufacturing PMI;53.5;53.1;54.1;;;
2020.01.31 00:02:00;JPY;1;Housing Starts y/y;-12.7%;-11.7%;-7.9%;;;
2020.01.31 01:30:00;EUR;1;French Flash GDP q/q;0.3%;0.2%;-0.1%;;;
2020.01.31 02:00:00;EUR;1;German Retail Sales m/m;1.6%;-0.5%;-3.3%;;2.1%;
2020.01.31 02:30:00;CHF;1;Retail Sales y/y;0.5%;0.4%;0.1%;;0.0%;
2020.01.31 02:45:00;EUR;1;French Consumer Spending m/m;0.7%;-0.1%;-0.3%;;0.1%;
2020.01.31 02:45:00;EUR;1;French Prelim CPI m/m;0.4%;-0.5%;-0.4%;;;
2020.01.31 03:00:00;EUR;2;Spanish Flash GDP q/q;0.4%;0.4%;0.5%;;;
2020.01.31 03:00:00;EUR;1;Spanish Flash CPI y/y;0.8%;1.0%;1.1%;;;
2020.01.31 04:00:00;EUR;1;Italian Prelim GDP q/q;0.1%;0.1%;-0.3%;;;
2020.01.31 04:30:00;GBP;1;M4 Money Supply m/m;0.8%;0.6%;0.1%;;;
2020.01.31 04:30:00;GBP;1;Mortgage Approvals;66K;66K;67K;;65K;
2020.01.31 04:30:00;GBP;1;Net Lending to Individuals m/m;4.9B;4.2B;5.8B;;4.5B;
2020.01.31 05:00:00;EUR;2;CPI Flash Estimate y/y;1.3%;1.4%;1.4%;;;
2020.01.31 05:00:00;EUR;1;Core CPI Flash Estimate y/y;1.3%;1.2%;1.1%;;;
2020.01.31 05:00:00;EUR;1;Prelim Flash GDP q/q;0.2%;0.2%;0.1%;;;
2020.01.31 08:30:00;CAD;3;GDP m/m;-0.1%;0.0%;0.1%;;;
2020.01.31 08:30:00;CAD;2;RMPI m/m;1.4%;0.7%;2.8%;;1.5%;
2020.01.31 08:30:00;CAD;1;IPPI m/m;-0.1%;0.0%;0.1%;;0.1%;
2020.01.31 08:30:00;USD;2;Core PCE Price Index m/m;0.1%;0.1%;0.2%;;;
2020.01.31 08:30:00;USD;2;Employment Cost Index q/q;0.7%;0.7%;0.7%;;;
2020.01.31 08:30:00;USD;2;Personal Spending m/m;0.4%;0.3%;0.3%;;;
2020.01.31 08:30:00;USD;1;Personal Income m/m;0.4%;0.3%;0.2%;;0.5%;
2020.01.31 09:45:00;USD;2;Chicago PMI;48.9;48.9;42.9;;;
2020.01.31 10:00:00;USD;1;Revised UoM Consumer Sentiment;99.1;99.1;99.8;;;
2020.01.31 10:00:00;USD;1;Revised UoM Inflation Expectations;2.5%;;2.5%;;;
