2021.12.01 00:30:00;AUD;1;Commodity Prices y/y;42.8%;;36.2%;;40.7%;
2021.12.01 02:00:00;EUR;1;German Retail Sales m/m;-1.9%;1.0%;-0.3%;;-2.5%;
2021.12.01 02:00:00;GBP;1;Nationwide HPI m/m;0.7%;0.4%;0.9%;;;
2021.12.01 02:30:00;CHF;1;CPI m/m;0.3%;-0.1%;0.0%;;;
2021.12.01 03:15:00;EUR;1;Spanish Manufacturing PMI;57.4;57.9;57.1;;;
2021.12.01 03:30:00;CHF;1;Manufacturing PMI;65.4;64.3;62.5;;;
2021.12.01 03:45:00;EUR;1;Italian Manufacturing PMI;61.1;61.1;62.8;;;
2021.12.01 03:50:00;EUR;1;French Final Manufacturing PMI;54.6;54.6;55.9;;;
2021.12.01 03:55:00;EUR;1;German Final Manufacturing PMI;57.6;57.6;57.4;;;
2021.12.01 04:00:00;EUR;1;Final Manufacturing PMI;58.6;58.6;58.4;;;
2021.12.01 04:30:00;GBP;1;Final Manufacturing PMI;58.2;58.2;58.1;;;
2021.12.01 05:06:00;GBP;1;10-y Bond Auction;1.14|2.7;;0.92|2.2;;;
2021.12.01 05:06:00;All;3;OPEC Meetings (All Day);;;;;;
2021.12.01 08:15:00;USD;3;ADP Non-Farm Employment Change;570K;525K;534K;;571K;
2021.12.01 08:30:00;CAD;2;Building Permits m/m;4.3%;-1.1%;1.3%;;;
2021.12.01 09:00:00;GBP;3;BOE Gov Bailey Speaks;;;;;;
2021.12.01 09:30:00;CAD;1;Manufacturing PMI;57.7;;57.2;;;
2021.12.01 09:45:00;USD;1;Final Manufacturing PMI;59.1;59.1;58.3;;;
2021.12.01 10:00:00;USD;3;Fed Chair Powell Testifies;;;;;;
2021.12.01 10:00:00;USD;3;ISM Manufacturing PMI;60.8;61.3;61.1;;;
2021.12.01 10:00:00;USD;2;Treasury Sec Yellen Speaks;;;;;;
2021.12.01 10:00:00;USD;1;Construction Spending m/m;-0.1%;0.4%;0.2%;;-0.5%;
2021.12.01 10:00:00;USD;1;ISM Manufacturing Prices;85.7;85.5;82.4;;;
2021.12.01 10:00:00;USD;1;Wards Total Vehicle Sales (All Day);13.0M;13.5M;12.9M;;;
2021.12.01 10:30:00;USD;2;Crude Oil Inventories;1.0M;-1.5M;-0.9M;;;
2021.12.01 14:00:00;USD;1;Beige Book;;;;;;
2021.12.01 16:45:00;NZD;1;Overseas Trade Index q/q;3.2%;2.1%;0.7%;;3.3%;
2021.12.01 18:50:00;JPY;1;Monetary Base y/y;9.9%;10.3%;9.3%;;;
2021.12.01 19:30:00;AUD;1;Trade Balance;11.82B;11.25B;11.22B;;12.24B;
2021.12.01 19:32:00;AUD;1;Retail Sales m/m;4.9%;4.9%;4.9%;;;
2021.12.01 22:35:00;JPY;1;10-y Bond Auction;0.11|3.1;;0.06|3.2;;;
2021.12.02 00:00:00;JPY;1;Consumer Confidence;39.2;40.3;39.2;;;
2021.12.02 02:30:00;CHF;1;Retail Sales y/y;2.6%;2.2%;1.2%;;2.5%;
2021.12.02 03:00:00;EUR;2;Spanish Unemployment Change;-0.7K;5.3K;-74.4K;;;
2021.12.02 04:00:00;EUR;1;Italian Monthly Unemployment Rate;9.2%;9.1%;9.4%;;;
2021.12.02 04:47:00;EUR;1;Spanish 10-y Bond Auction;0.47|1.4;;0.39|2.1;;;
2021.12.02 05:00:00;EUR;1;PPI m/m;2.8%;3.6%;5.4%;;2.7%;
2021.12.02 05:00:00;EUR;1;Unemployment Rate;7.4%;7.3%;7.3%;;;
2021.12.02 05:02:00;EUR;1;French 10-y Bond Auction;0.16|1.8;;-0.19|2.7;;;
2021.12.02 05:02:00;All;3;OPEC-JMMC Meetings (All Day);;;;;;
2021.12.02 07:30:00;USD;1;Challenger Job Cuts y/y;-71.7%;;-77.0%;;;
2021.12.02 08:30:00;USD;2;Unemployment Claims;194K;238K;222K;;199K;
2021.12.02 08:30:00;USD;1;FOMC Member Bostic Speaks;;;;;;
2021.12.02 09:00:00;USD;2;Treasury Sec Yellen Speaks;;;;;;
2021.12.02 10:30:00;USD;1;Natural Gas Storage;-21B;-59B;-59B;;;
2021.12.02 11:00:00;USD;1;FOMC Member Quarles Speaks;;;;;;
2021.12.02 11:30:00;USD;2;FOMC Member Barkin Speaks;;;;;;
2021.12.02 11:30:00;USD;1;FOMC Member Bostic Speaks;;;;;;
2021.12.02 11:30:00;USD;1;FOMC Member Daly Speaks;;;;;;
2021.12.02 16:30:00;AUD;1;AIG Construction Index;57.6;;57.0;;;
2021.12.02 20:45:00;CNY;1;Caixin Services PMI;53.8;52.6;52.1;;;
2021.12.03 02:45:00;EUR;1;French Gov Budget Balance;-175.1B;;-171.6B;;;
2021.12.03 02:45:00;EUR;1;French Industrial Production m/m;-1.5%;0.7%;0.9%;;-1.3%;
2021.12.03 03:15:00;EUR;1;Spanish Services PMI;56.6;58.6;59.8;;;
2021.12.03 03:30:00;EUR;2;ECB President Lagarde Speaks;;;;;;
2021.12.03 03:45:00;EUR;1;Italian Services PMI;52.4;54.6;55.9;;;
2021.12.03 03:50:00;EUR;1;French Final Services PMI;58.2;58.2;57.4;;;
2021.12.03 03:55:00;EUR;1;German Final Services PMI;53.4;53.4;52.7;;;
2021.12.03 04:00:00;EUR;1;Final Services PMI;56.6;56.6;55.9;;;
2021.12.03 04:30:00;GBP;1;Final Services PMI;58.6;58.6;58.5;;;
2021.12.03 05:00:00;EUR;1;Retail Sales m/m;-0.4%;0.3%;0.2%;;-0.3%;
2021.12.03 06:00:00;GBP;3;MPC Member Saunders Speaks;;;;;;
2021.12.03 08:30:00;CAD;3;Employment Change;31.2K;36.5K;153.7K;;;
2021.12.03 08:30:00;CAD;3;Unemployment Rate;6.7%;6.6%;6.0%;;;
2021.12.03 08:30:00;CAD;1;Labor Productivity q/q;0.0%;-0.7%;-1.5%;;0.6%;
2021.12.03 08:30:00;USD;3;Average Hourly Earnings m/m;0.4%;0.4%;0.3%;;;
2021.12.03 08:30:00;USD;3;Non-Farm Employment Change;546K;553K;210K;;531K;
2021.12.03 08:30:00;USD;3;Unemployment Rate;4.6%;4.5%;4.2%;;;
2021.12.03 09:00:00;USD;3;Treasury Currency Report;;;;;;
2021.12.03 09:45:00;USD;1;Final Services PMI;57.0;57.0;58.0;;;
2021.12.03 10:00:00;USD;3;ISM Services PMI;66.7;64.9;69.1;;;
2021.12.03 10:00:00;USD;1;Factory Orders m/m;0.5%;0.5%;1.0%;;0.2%;
2021.12.05 19:00:00;NZD;1;ANZ Commodity Prices m/m;2.2%;;2.8%;;2.1%;
2021.12.05 19:04:00;AUD;1;MI Inflation Gauge m/m;0.2%;;0.3%;;;
2021.12.05 19:30:00;AUD;1;ANZ Job Advertisements m/m;7.5%;;7.4%;;6.2%;
2021.12.06 02:00:00;EUR;1;German Factory Orders m/m;1.8%;-0.2%;-6.9%;;1.3%;
2021.12.06 04:00:00;EUR;1;Italian Retail Sales m/m;1.0%;0.4%;0.1%;;0.8%;
2021.12.06 04:30:00;EUR;1;Sentix Investor Confidence;18.3;14.5;13.5;;;
2021.12.06 04:30:00;GBP;1;Construction PMI;54.6;54.9;55.5;;;
2021.12.06 04:30:00;EUR;1;Eurogroup Meetings (All Day);;;;;;
2021.12.06 06:30:00;GBP;3;MPC Member Broadbent Speaks;;;;;;
2021.12.06 16:30:00;AUD;1;AIG Services Index;47.6;;49.6;;;
2021.12.06 18:30:00;JPY;1;Average Cash Earnings y/y;0.2%;0.4%;0.2%;;;
2021.12.06 18:30:00;JPY;1;Household Spending y/y;-1.9%;-0.6%;-0.6%;;;
2021.12.06 19:01:00;GBP;1;BRC Retail Sales Monitor y/y;-0.2%;0.3%;1.8%;;;
2021.12.06 19:30:00;AUD;1;HPI q/q;6.7%;5.1%;5.0%;;;
2021.12.06 22:01:00;CNY;1;USD-Denominated Trade Balance;84.5B;83.2B;71.7B;;;
2021.12.06 22:02:00;CNY;2;Trade Balance;546B;583B;461B;;;
2021.12.06 22:30:00;AUD;3;Cash Rate;0.10%;0.10%;0.10%;;;
2021.12.06 22:30:00;AUD;3;RBA Rate Statement;;;;;;
2021.12.06 22:35:00;JPY;1;30-y Bond Auction;0.68|3.4;;0.67|3.2;;;
2021.12.07 00:00:00;JPY;1;Leading Indicators;100.9%;102.9%;102.1%;;99.7%;
2021.12.07 01:45:00;CHF;1;Unemployment Rate;2.7%;2.6%;2.5%;;;
2021.12.07 02:00:00;EUR;1;German Industrial Production m/m;-0.5%;1.1%;2.8%;;-1.1%;
2021.12.07 02:00:00;GBP;1;Halifax HPI m/m;1.0%;0.8%;1.0%;;0.9%;
2021.12.07 02:45:00;EUR;1;French Trade Balance;-6.9B;-7.0B;-7.5B;;-6.8B;
2021.12.07 03:00:00;CHF;1;Foreign Currency Reserves;923B;;922B;;;
2021.12.07 05:00:00;EUR;2;ZEW Economic Sentiment;25.9;22.4;26.8;;;
2021.12.07 05:00:00;EUR;2;German ZEW Economic Sentiment;31.7;25.3;29.9;;;
2021.12.07 05:00:00;EUR;1;Final Employment Change q/q;0.9%;0.9%;0.9%;;;
2021.12.07 05:00:00;EUR;1;Revised GDP q/q;2.2%;2.2%;2.2%;;;
2021.12.07 05:07:00;GBP;1;30-y Bond Auction;1.33|2.1;;0.87|2.4;;;
2021.12.07 05:07:00;EUR;1;ECOFIN Meetings (All Day);;;;;;
2021.12.07 08:30:00;CAD;1;Trade Balance;1.9B;2.2B;2.1B;;;
2021.12.07 08:30:00;USD;1;Revised Nonfarm Productivity q/q;-5.0%;-4.9%;-5.2%;;;
2021.12.07 08:30:00;USD;1;Revised Unit Labor Costs q/q;8.3%;8.3%;9.6%;;;
2021.12.07 08:30:00;USD;1;Trade Balance;-81.4B;-66.9B;-67.1B;;-80.9B;
2021.12.07 09:42:00;NZD;1;GDT Price Index;1.9%;;1.4%;;;
2021.12.07 10:00:00;CAD;2;Ivey PMI;59.3;60.2;61.2;;;
2021.12.07 10:00:00;USD;1;IBD/TIPP Economic Optimism;43.9;45.8;48.4;;;
2021.12.07 15:00:00;USD;1;Consumer Credit m/m;27.8B;24.9B;16.9B;;29.9B;
2021.12.07 18:50:00;JPY;1;Bank Lending y/y;0.9%;0.7%;0.6%;;;
2021.12.07 18:50:00;JPY;1;Current Account;0.76T;0.98T;1.03T;;;
2021.12.07 18:50:00;JPY;1;Final GDP q/q;-0.8%;-0.8%;-0.9%;;;
2021.12.07 18:53:00;JPY;1;Final GDP Price Index y/y;-1.1%;-1.1%;-1.2%;;;
2021.12.08 00:00:00;JPY;1;Economy Watchers Sentiment;55.5;57.3;56.3;;;
2021.12.08 01:30:00;EUR;1;French Final Private Payrolls q/q;0.5%;0.5%;0.5%;;;
2021.12.08 01:30:00;EUR;0;Italian Bank Holiday (All Day);;;;;;
2021.12.08 03:15:00;EUR;2;ECB President Lagarde Speaks;;;;;;
2021.12.08 05:36:00;EUR;1;German 10-y Bond Auction;-0.29|1.1;;-0.38|1.3;;;
2021.12.08 10:00:00;CAD;3;BOC Rate Statement;;;;;;
2021.12.08 10:00:00;CAD;3;Overnight Rate;0.25%;0.25%;0.25%;;;
2021.12.08 10:00:00;USD;3;JOLTS Job Openings;10.60M;10.45M;11.03M;;10.44M;
2021.12.08 10:30:00;USD;2;Crude Oil Inventories;-0.9M;-1.5M;-0.2M;;;
2021.12.08 13:01:00;USD;2;10-y Bond Auction;1.44|2.4;;1.52|2.4;;;
2021.12.08 16:45:00;NZD;1;Manufacturing Sales q/q;3.7%;4.2%;-2.2%;;3.9%;
2021.12.08 17:05:00;AUD;3;RBA Gov Lowe Speaks;;;;;;
2021.12.08 18:50:00;JPY;1;BSI Manufacturing Index;7.0;5.3;7.9;;;
2021.12.08 18:50:00;JPY;1;M2 Money Stock y/y;4.2%;4.1%;4.0%;;;
2021.12.08 19:01:00;GBP;1;RICS House Price Balance;71%;70%;71%;;70%;
2021.12.08 19:30:00;AUD;1;RBA Bulletin;;;;;;
2021.12.08 20:30:00;CNY;1;CPI y/y;1.5%;2.5%;2.3%;;;
2021.12.08 20:30:00;CNY;1;PPI y/y;13.5%;12.1%;12.9%;;;
2021.12.09 00:59:00;JPY;1;Prelim Machine Tool Orders y/y;81.5%;;64.0%;;;
2021.12.09 02:00:00;EUR;1;German Trade Balance;12.9B;12.9B;12.5B;;13.2B;
2021.12.09 03:00:00;CHF;1;SECO Economic Forecasts;;;;;;
2021.12.09 03:30:00;CNY;1;M2 Money Supply y/y;8.7%;8.6%;8.5%;;;
2021.12.09 03:30:00;CNY;1;New Loans;826B;1590B;1270B;;;
2021.12.09 08:30:00;USD;2;Unemployment Claims;227K;218K;184K;;222K;
2021.12.09 10:00:00;USD;1;Final Wholesale Inventories m/m;2.2%;2.2%;2.3%;;;
2021.12.09 10:30:00;USD;1;Natural Gas Storage;-59B;-60B;-59B;;;
2021.12.09 13:01:00;USD;2;30-y Bond Auction;1.94|2.2;;1.90|2.2;;;
2021.12.09 14:00:00;CAD;2;Gov Council Member Gravelle Speaks;;;;;;
2021.12.09 16:30:00;NZD;1;BusinessNZ Manufacturing Index;54.2;;50.6;;54.3;
2021.12.09 18:50:00;JPY;1;PPI y/y;8.3%;8.6%;9.0%;;8.0%;
2021.12.10 02:00:00;EUR;1;German Final CPI m/m;-0.2%;-0.2%;-0.2%;;;
2021.12.10 02:00:00;GBP;1;Construction Output m/m;1.3%;0.2%;-1.8%;;;
2021.12.10 02:00:00;GBP;1;GDP m/m;0.6%;0.4%;0.1%;;;
2021.12.10 02:00:00;GBP;1;Goods Trade Balance;-14.7B;-14.5B;-13.9B;;;
2021.12.10 02:00:00;GBP;1;Index of Services 3m/3m;1.6%;1.2%;1.1%;;;
2021.12.10 02:00:00;GBP;1;Industrial Production m/m;-0.4%;0.1%;-0.6%;;;
2021.12.10 02:00:00;GBP;1;Manufacturing Production m/m;-0.1%;0.2%;0.0%;;;
2021.12.10 04:00:00;EUR;1;Italian Industrial Production m/m;0.1%;0.3%;-0.6%;;;
2021.12.10 04:05:00;EUR;2;ECB President Lagarde Speaks;;;;;;
2021.12.10 04:30:00;GBP;1;Consumer Inflation Expectations;2.7%;;3.2%;;;
2021.12.10 08:15:00;GBP;1;NIESR GDP Estimate;0.9%;;0.9%;;1.0%;
2021.12.10 08:30:00;CAD;1;Capacity Utilization Rate;82.0%;83.0%;81.4%;;;
2021.12.10 08:30:00;USD;3;CPI m/m;0.9%;0.7%;0.8%;;;
2021.12.10 08:30:00;USD;3;Core CPI m/m;0.6%;0.5%;0.5%;;;
2021.12.10 10:00:00;USD;2;Prelim UoM Consumer Sentiment;67.4;67.9;70.4;;66.8;
2021.12.10 10:00:00;USD;1;Prelim UoM Inflation Expectations;4.9%;;4.9%;;;
2021.12.10 13:52:00;USD;1;Federal Budget Balance;-165.1B;-195.0B;-191.3B;;;
2021.12.11 00:00:00;All;1;G7 Meetings (All Day);;;;;;
2021.12.12 16:40:00;NZD;1;Visitor Arrivals m/m;-13.7%;;59.6%;;;
2021.12.12 18:50:00;JPY;1;Core Machinery Orders m/m;0.0%;1.9%;3.8%;;;
2021.12.12 18:50:00;JPY;1;Tankan Manufacturing Index;18;19;18;;;
2021.12.12 18:50:00;JPY;1;Tankan Non-Manufacturing Index;2;5;9;;;
2021.12.12 19:01:00;GBP;1;Rightmove HPI m/m;-0.6%;;-0.7%;;;
2021.12.13 02:00:00;EUR;1;German WPI m/m;1.6%;1.3%;1.3%;;;
2021.12.13 04:00:00;EUR;1;Italian Quarterly Unemployment Rate;9.8%;9.4%;9.2%;;;
2021.12.13 04:00:00;All;1;G7 Meetings (All Day);;;;;;
2021.12.13 11:00:00;CAD;3;BOC Gov Macklem Speaks;;;;;;
2021.12.13 12:00:00;GBP;3;Bank Stress Test Results;;;;;;
2021.12.13 12:00:00;GBP;1;BOE Financial Stability Report;;;;;;
2021.12.13 12:00:00;GBP;1;FPC Meeting Minutes;;;;;;
2021.12.13 12:00:00;GBP;1;FPC Statement;;;;;;
2021.12.13 13:00:00;GBP;3;BOE Gov Bailey Speaks;;;;;;
2021.12.13 16:45:00;NZD;1;FPI m/m;-0.9%;;-0.6%;;;
2021.12.13 19:30:00;AUD;1;NAB Business Confidence;20;;12;;21;
2021.12.13 23:30:00;JPY;1;Revised Industrial Production m/m;1.1%;1.1%;1.8%;;;
2021.12.14 02:00:00;GBP;1;Average Earnings Index 3m/y;5.9%;4.6%;4.9%;;5.8%;
2021.12.14 02:00:00;GBP;1;Claimant Count Change;-58.5K;-31.5K;-49.8K;;-14.9K;
2021.12.14 02:00:00;GBP;1;Unemployment Rate;4.3%;4.2%;4.2%;;;
2021.12.14 02:30:00;CHF;1;PPI m/m;0.6%;0.5%;0.5%;;;
2021.12.14 05:00:00;EUR;1;Industrial Production m/m;-0.2%;1.2%;1.1%;;;
2021.12.14 06:00:00;USD;1;NFIB Small Business Index;98.2;98.4;98.4;;;
2021.12.14 08:30:00;USD;3;PPI m/m;0.6%;0.5%;0.8%;;;
2021.12.14 08:30:00;USD;2;Core PPI m/m;0.4%;0.4%;0.7%;;;
2021.12.14 09:30:00;GBP;1;CB Leading Index m/m;0.1%;;0.0%;;;
2021.12.14 14:00:00;NZD;3;RBNZ Gov Orr Speaks;;;;;;
2021.12.14 16:45:00;NZD;1;Current Account;-1.54B;-7.75B;-8.30B;;-1.40B;
2021.12.14 18:27:00;AUD;1;Westpac Consumer Sentiment;0.6%;;-1.0%;;;
2021.12.14 21:00:00;CNY;2;Retail Sales y/y;4.9%;4.8%;3.9%;;;
2021.12.14 21:00:00;CNY;1;Fixed Asset Investment ytd/y;6.1%;5.4%;5.2%;;;
2021.12.14 21:00:00;CNY;1;Industrial Production y/y;3.5%;3.8%;3.8%;;;
2021.12.14 21:00:00;CNY;1;Unemployment Rate;4.9%;4.9%;5.0%;;;
2021.12.14 23:30:00;JPY;1;Tertiary Industry Activity m/m;0.5%;1.2%;1.5%;;;
2021.12.15 02:00:00;GBP;3;CPI y/y;4.2%;4.8%;5.1%;;;
2021.12.15 02:00:00;GBP;1;Core CPI y/y;3.4%;3.7%;4.0%;;;
2021.12.15 02:00:00;GBP;1;PPI Input m/m;1.6%;0.5%;1.0%;;1.4%;
2021.12.15 02:00:00;GBP;1;PPI Output m/m;1.5%;0.6%;0.9%;;1.1%;
2021.12.15 02:00:00;GBP;1;RPI y/y;6.0%;6.7%;7.1%;;;
2021.12.15 02:45:00;EUR;1;French Final CPI m/m;0.4%;0.4%;0.4%;;;
2021.12.15 04:30:00;GBP;1;HPI y/y;12.3%;11.1%;10.2%;;11.8%;
2021.12.15 08:14:00;CAD;1;Housing Starts;238K;236K;301K;;237K;
2021.12.15 08:30:00;USD;3;Core Retail Sales m/m;1.8%;0.9%;0.3%;;1.7%;
2021.12.15 08:30:00;USD;3;Retail Sales m/m;1.8%;0.8%;0.3%;;1.7%;
2021.12.15 08:30:00;USD;2;Empire State Manufacturing Index;30.9;24.9;31.9;;;
2021.12.15 08:30:00;USD;1;Import Prices m/m;1.5%;0.5%;0.7%;;1.2%;
2021.12.15 08:32:00;CAD;3;CPI m/m;0.7%;0.2%;0.2%;;;
2021.12.15 08:35:00;CAD;2;Common CPI y/y;1.8%;1.9%;2.0%;;;
2021.12.15 08:35:00;CAD;2;Median CPI y/y;2.8%;2.9%;2.8%;;2.9%;
2021.12.15 08:35:00;CAD;2;Trimmed CPI y/y;3.4%;3.3%;3.4%;;3.3%;
2021.12.15 08:35:00;CAD;1;Manufacturing Sales m/m;-3.0%;4.0%;4.3%;;;
2021.12.15 08:45:00;CAD;1;Core CPI m/m;0.6%;;0.0%;;;
2021.12.15 10:00:00;USD;1;Business Inventories m/m;0.8%;1.0%;1.2%;;0.7%;
2021.12.15 10:00:00;USD;1;NAHB Housing Market Index;83;84;84;;;
2021.12.15 10:30:00;USD;1;Crude Oil Inventories;-0.2M;-1.8M;-4.6M;;;
2021.12.15 12:00:00;CAD;3;BOC Gov Macklem Speaks;;;;;;
2021.12.15 14:00:00;USD;3;FOMC Economic Projections;;;;;;
2021.12.15 14:00:00;USD;3;FOMC Statement;;;;;;
2021.12.15 14:00:00;USD;3;Federal Funds Rate;<0.25%;<0.25%;<0.25%;;;
2021.12.15 14:30:00;USD;3;FOMC Press Conference;;;;;;
2021.12.15 16:00:00;USD;1;TIC Long-Term Purchases;26.7B;35.9B;7.1B;;26.3B;
2021.12.15 16:45:00;NZD;3;GDP q/q;2.4%;-4.1%;-3.7%;;2.8%;
2021.12.15 17:00:00;AUD;1;Flash Manufacturing PMI;59.2;;57.4;;58.5;
2021.12.15 17:00:00;AUD;1;Flash Services PMI;55.7;;55.1;;55.0;
2021.12.15 18:30:00;AUD;3;RBA Gov Lowe Speaks;;;;;;
2021.12.15 18:50:00;JPY;1;Trade Balance;-0.42T;-0.32T;-0.49T;;-0.44T;
2021.12.15 19:00:00;AUD;1;MI Inflation Expectations;4.6%;;4.8%;;;
2021.12.15 19:30:00;AUD;3;Employment Change;-56.0K;203.0K;366.1K;;-46.3K;
2021.12.15 19:30:00;AUD;3;Unemployment Rate;5.2%;5.0%;4.6%;;;
2021.12.15 19:30:00;AUD;1;Mid-Year Economic and Fiscal Outlook;;;;;;
2021.12.15 19:30:00;JPY;1;Flash Manufacturing PMI;54.5;55.0;54.2;;54.2;
2021.12.16 02:12:00;CNY;1;Foreign Direct Investment ytd/y;17.8%;;15.9%;;;
2021.12.16 03:15:00;EUR;2;French Flash Services PMI;57.4;55.9;57.1;;58.2;
2021.12.16 03:15:00;EUR;1;French Flash Manufacturing PMI;55.9;55.4;54.9;;54.6;
2021.12.16 03:30:00;CHF;3;SNB Monetary Policy Assessment;;;;;;
2021.12.16 03:30:00;CHF;2;SNB Policy Rate;-0.75%;-0.75%;-0.75%;;;
2021.12.16 03:30:00;EUR;3;German Flash Manufacturing PMI;57.4;57.0;57.9;;57.6;
2021.12.16 03:30:00;EUR;3;German Flash Services PMI;52.7;50.9;48.4;;53.4;
2021.12.16 04:00:00;CHF;3;SNB Press Conference;;;;;;
2021.12.16 04:00:00;EUR;2;Flash Manufacturing PMI;58.4;57.8;58.0;;58.6;
2021.12.16 04:00:00;EUR;2;Flash Services PMI;55.9;54.2;53.3;;56.6;
2021.12.16 04:00:00;EUR;1;Italian Trade Balance;2.44B;3.25B;3.89B;;2.45B;
2021.12.16 04:30:00;GBP;2;Flash Manufacturing PMI;58.1;57.5;57.6;;58.2;
2021.12.16 04:30:00;GBP;2;Flash Services PMI;58.5;57.1;53.2;;58.6;
2021.12.16 05:00:00;EUR;1;Trade Balance;6.1B;5.7B;2.4B;;;
2021.12.16 07:00:00;GBP;3;Asset Purchase Facility;875B;875B;875B;;;
2021.12.16 07:00:00;GBP;3;MPC Asset Purchase Facility Votes;0-3-6;0-3-6;0-0-9;;;
2021.12.16 07:00:00;GBP;3;MPC Official Bank Rate Votes;2-0-7;2-0-7;8-0-1;;;
2021.12.16 07:00:00;GBP;3;Monetary Policy Summary;;;;;;
2021.12.16 07:00:00;GBP;3;Official Bank Rate;0.10%;0.10%;0.25%;;;
2021.12.16 07:45:00;EUR;3;Main Refinancing Rate;0.00%;0.00%;0.00%;;;
2021.12.16 07:45:00;EUR;3;Monetary Policy Statement;;;;;;
2021.12.16 08:30:00;CAD;1;Wholesale Sales m/m;1.1%;1.5%;1.4%;;1.0%;
2021.12.16 08:30:00;EUR;3;ECB Press Conference;;;;;;
2021.12.16 08:30:00;USD;2;Philly Fed Manufacturing Index;39.0;29.6;15.4;;;
2021.12.16 08:30:00;USD;2;Unemployment Claims;188K;196K;206K;;184K;
2021.12.16 08:30:00;USD;1;Building Permits;1.65M;1.66M;1.71M;;;
2021.12.16 08:30:00;USD;1;Housing Starts;1.50M;1.57M;1.68M;;1.52M;
2021.12.16 08:35:00;CAD;1;ADP Non-Farm Employment Change;46.2K;;231.8K;;65.8K;
2021.12.16 09:15:00;USD;2;Industrial Production m/m;1.7%;0.6%;0.5%;;1.6%;
2021.12.16 09:15:00;USD;1;Capacity Utilization Rate;76.5%;76.9%;76.8%;;76.4%;
2021.12.16 09:45:00;USD;2;Flash Manufacturing PMI;58.3;58.6;57.8;;59.1;
2021.12.16 09:45:00;USD;2;Flash Services PMI;58.0;58.9;57.5;;57.0;
2021.12.16 10:30:00;USD;1;Natural Gas Storage;-59B;-85B;-88B;;;
2021.12.16 19:00:00;NZD;1;Final ANZ Business Confidence;-16.4;;-23.2;;;
2021.12.16 19:01:00;GBP;1;GfK Consumer Confidence;-14;-17;-15;;;
2021.12.16 21:56:00;JPY;2;Monetary Policy Statement;;;;;;
2021.12.16 21:56:00;JPY;1;BOJ Policy Rate;-0.10%;-0.10%;-0.10%;;;
2021.12.17 01:30:00;JPY;2;BOJ Press Conference;;;;;;
2021.12.17 02:00:00;EUR;1;German PPI m/m;3.8%;1.4%;0.8%;;;
2021.12.17 02:00:00;GBP;2;Retail Sales m/m;1.1%;0.8%;1.4%;;0.8%;
2021.12.17 04:00:00;EUR;2;German ifo Business Climate;96.6;95.3;94.7;;96.5;
2021.12.17 05:00:00;EUR;1;Final CPI y/y;4.9%;4.9%;4.9%;;;
2021.12.17 05:00:00;EUR;1;Final Core CPI y/y;2.6%;2.6%;2.6%;;;
2021.12.17 07:00:00;GBP;1;BOE Quarterly Bulletin;;;;;;
2021.12.17 08:33:00;CAD;1;Foreign Securities Purchases;19.78B;18.50B;23.92B;;20.02B;
2021.12.17 13:00:00;USD;2;FOMC Member Waller Speaks;;;;;;
2021.12.19 15:00:00;NZD;1;Westpac Consumer Sentiment;102.7;;99.1;;;
2021.12.19 16:45:00;NZD;1;Trade Balance;-1302M;-1867M;-864M;;-1286M;
2021.12.20 04:00:00;EUR;1;Current Account;17.6B;20.3B;18.1B;;18.7B;
2021.12.20 06:00:00;EUR;1;German Buba Monthly Report;;;;;;
2021.12.20 06:00:00;GBP;1;CBI Industrial Order Expectations;26;20;24;;;
2021.12.20 10:00:00;USD;1;CB Leading Index m/m;0.9%;0.9%;1.1%;;;
2021.12.20 19:30:00;AUD;3;Monetary Policy Meeting Minutes;;;;;;
2021.12.20 21:00:00;NZD;1;Credit Card Spending y/y;-5.2%;;-0.1%;;-5.6%;
2021.12.21 02:00:00;CHF;1;Trade Balance;5.51B;4.38B;6.16B;;5.65B;
2021.12.21 02:00:00;EUR;1;German GfK Consumer Climate;-1.8;-2.6;-6.8;;-1.6;
2021.12.21 02:00:00;GBP;1;Public Sector Net Borrowing;11.6B;15.4B;16.6B;;18.0B;
2021.12.21 06:00:00;GBP;1;CBI Realized Sales;39;24;8;;;
2021.12.21 08:30:00;CAD;2;Core Retail Sales m/m;0.2%;1.6%;1.3%;;-0.2%;
2021.12.21 08:30:00;CAD;2;Retail Sales m/m;-0.3%;1.0%;1.6%;;-0.6%;
2021.12.21 08:30:00;USD;1;Current Account;-198B;-206B;-215B;;-190B;
2021.12.21 09:19:00;NZD;1;GDT Price Index;1.4%;;-1.5%;;;
2021.12.21 09:57:00;EUR;1;Consumer Confidence;-7;-8;-8;;;
2021.12.21 10:30:00;AUD;1;CB Leading Index m/m;0.2%;;0.3%;;0.1%;
2021.12.21 18:30:00;AUD;1;MI Leading Index m/m;0.3%;;0.1%;;0.2%;
2021.12.21 18:50:00;JPY;1;Monetary Policy Meeting Minutes;;;;;;
2021.12.22 02:00:00;GBP;1;Current Account;-13.5B;-15.8B;-24.4B;;-8.6B;
2021.12.22 02:00:00;GBP;1;Final GDP q/q;1.3%;1.3%;1.1%;;;
2021.12.22 02:00:00;GBP;1;Revised Business Investment q/q;0.4%;0.4%;-2.5%;;;
2021.12.22 08:30:00;USD;2;Final GDP q/q;2.1%;2.1%;2.3%;;;
2021.12.22 08:30:00;USD;1;Final GDP Price Index q/q;5.9%;5.9%;6.0%;;;
2021.12.22 09:00:00;CHF;1;SNB Quarterly Bulletin;;;;;;
2021.12.22 09:00:00;CNY;1;CB Leading Index m/m;0.3%;;1.0%;;;
2021.12.22 10:00:00;USD;2;CB Consumer Confidence;111.9;111.1;115.8;;109.5;
2021.12.22 10:00:00;USD;2;Existing Home Sales;6.34M;6.55M;6.46M;;;
2021.12.22 10:30:00;USD;1;Crude Oil Inventories;-4.6M;-2.4M;-4.7M;;;
2021.12.22 19:30:00;AUD;1;Private Sector Credit m/m;0.5%;0.5%;0.9%;;;
2021.12.22 23:31:00;JPY;2;BOJ Gov Kuroda Speaks;;;;;;
2021.12.23 02:00:00;EUR;1;German Import Prices m/m;3.8%;0.9%;3.0%;;;
2021.12.23 08:30:00;CAD;3;GDP m/m;0.2%;0.8%;0.8%;;0.1%;
2021.12.23 08:30:00;USD;3;Core PCE Price Index m/m;0.5%;0.4%;0.5%;;0.4%;
2021.12.23 08:30:00;USD;2;Core Durable Goods Orders m/m;0.3%;0.6%;0.8%;;0.5%;
2021.12.23 08:30:00;USD;2;Durable Goods Orders m/m;-0.4%;1.9%;2.5%;;-0.5%;
2021.12.23 08:30:00;USD;1;Personal Income m/m;0.5%;0.4%;0.4%;;;
2021.12.23 08:30:00;USD;1;Personal Spending m/m;1.4%;0.6%;0.6%;;1.3%;
2021.12.23 08:30:00;USD;1;Unemployment Claims;205K;200K;205K;;206K;
2021.12.23 08:56:00;EUR;1;Belgian NBB Business Climate;4.2;4.5;3.6;;;
2021.12.23 10:00:00;USD;1;New Home Sales;662K;770K;744K;;745K;
2021.12.23 10:00:00;USD;1;Revised UoM Consumer Sentiment;70.4;70.4;70.6;;;
2021.12.23 10:00:00;USD;1;Revised UoM Inflation Expectations;4.9%;;4.8%;;;
2021.12.23 10:30:00;USD;1;Natural Gas Storage;-88B;-54B;-55B;;;
2021.12.23 18:30:00;JPY;1;National Core CPI y/y;0.1%;0.4%;0.5%;;;
2021.12.23 18:50:00;JPY;1;SPPI y/y;1.0%;1.0%;1.1%;;;
2021.12.24 00:02:00;JPY;1;Housing Starts y/y;10.4%;7.4%;3.7%;;;
2021.12.24 00:02:00;EUR;0;German Bank Holiday (All Day);;;;;;
2021.12.24 00:02:00;USD;0;Bank Holiday (All Day);;;;;;
2021.12.26 00:00:00;NZD;0;Bank Holiday (All Day);;;;;;
2021.12.26 00:00:00;AUD;0;Bank Holiday (All Day);;;;;;
2021.12.26 18:50:00;JPY;1;BOJ Summary of Opinions;;;;;;
2021.12.26 18:50:00;JPY;1;Retail Sales y/y;0.9%;1.8%;1.9%;;;
2021.12.27 00:00:00;GBP;0;Bank Holiday (All Day);;;;;;
2021.12.27 00:00:00;CAD;0;Bank Holiday (All Day);;;;;;
2021.12.27 00:00:00;NZD;0;Bank Holiday (All Day);;;;;;
2021.12.27 00:00:00;AUD;0;Bank Holiday (All Day);;;;;;
2021.12.27 18:30:00;JPY;1;Unemployment Rate;2.7%;2.7%;2.8%;;;
2021.12.27 18:50:00;JPY;1;Prelim Industrial Production m/m;1.8%;4.9%;7.2%;;1.1%;
2021.12.28 00:00:00;JPY;1;BOJ Core CPI y/y;0.6%;0.5%;0.8%;;;
2021.12.28 00:00:00;GBP;0;Bank Holiday (All Day);;;;;;
2021.12.28 00:00:00;CAD;0;Bank Holiday (All Day);;;;;;
2021.12.28 09:00:00;USD;1;HPI m/m;0.9%;0.9%;1.1%;;;
2021.12.28 09:00:00;USD;1;SP/CS Composite-20 HPI y/y;19.1%;18.6%;18.4%;;;
2021.12.28 10:00:00;USD;1;Richmond Manufacturing Index;11;11;16;;;
2021.12.29 04:00:00;CHF;1;Credit Suisse Economic Expectations;-10.8;;0.0;;;
2021.12.29 04:00:00;EUR;1;M3 Money Supply y/y;7.7%;7.6%;7.3%;;;
2021.12.29 04:00:00;EUR;1;Private Loans y/y;4.1%;4.2%;4.2%;;;
2021.12.29 08:30:00;USD;1;Goods Trade Balance;-83.2B;-89.0B;-97.8B;;-82.9B;
2021.12.29 08:30:00;USD;1;Prelim Wholesale Inventories m/m;2.3%;1.5%;1.2%;;2.2%;
2021.12.29 10:00:00;USD;1;Pending Home Sales m/m;7.5%;0.6%;-2.2%;;;
2021.12.29 10:30:00;USD;1;Crude Oil Inventories;-4.7M;-2.7M;-3.6M;;;
2021.12.30 02:00:00;GBP;1;Nationwide HPI m/m;0.9%;0.5%;1.0%;;;
2021.12.30 03:00:00;CHF;2;KOF Economic Barometer;107.5;106.2;107.0;;108.5;
2021.12.30 03:00:00;EUR;1;Spanish Flash CPI y/y;5.5%;5.6%;6.7%;;5.6%;
2021.12.30 08:30:00;USD;1;Unemployment Claims;206K;205K;198K;;205K;
2021.12.30 09:45:00;USD;1;Chicago PMI;61.8;61.9;63.1;;;
2021.12.30 10:30:00;USD;1;Natural Gas Storage;-55B;-128B;-136B;;;
2021.12.30 10:30:00;JPY;0;Bank Holiday (All Day);;;;;;
2021.12.30 20:00:00;CNY;1;Manufacturing PMI;50.1;50.0;50.3;;;
2021.12.30 20:00:00;CNY;1;Non-Manufacturing PMI;52.3;52.0;52.7;;;
2021.12.31 00:00:00;EUR;0;German Bank Holiday (All Day);;;;;;
