2021.05.02 18:30:00;AUD;1;AIG Manufacturing Index;59.9;;61.7;;;
2021.05.02 18:30:00;JPY;0;Bank Holiday (All Day);;;;;;
2021.05.02 18:30:00;CNY;0;Bank Holiday (All Day);;;;;;
2021.05.02 21:00:00;AUD;1;MI Inflation Gauge m/m;0.4%;;0.4%;;;
2021.05.02 21:30:00;AUD;1;ANZ Job Advertisements m/m;7.8%;;4.7%;;7.4%;
2021.05.03 02:00:00;EUR;1;German Retail Sales m/m;2.7%;2.9%;7.7%;;1.2%;
2021.05.03 02:30:00;AUD;1;Commodity Prices y/y;27.2%;;34.7%;;28.2%;
2021.05.03 03:15:00;EUR;1;Spanish Manufacturing PMI;56.9;59.1;57.7;;;
2021.05.03 03:30:00;CHF;1;Manufacturing PMI;66.3;66.4;69.5;;;
2021.05.03 03:45:00;EUR;1;Italian Manufacturing PMI;59.8;60.9;60.7;;;
2021.05.03 03:50:00;EUR;1;French Final Manufacturing PMI;59.2;59.2;58.9;;;
2021.05.03 03:55:00;EUR;1;German Final Manufacturing PMI;66.4;66.4;66.2;;;
2021.05.03 04:00:00;EUR;1;Final Manufacturing PMI;63.3;63.3;62.9;;;
2021.05.03 04:00:00;GBP;0;Bank Holiday (All Day);;;;;;
2021.05.03 09:30:00;CAD;1;Manufacturing PMI;58.5;;57.2;;;
2021.05.03 09:45:00;USD;1;Final Manufacturing PMI;60.6;60.7;60.5;;;
2021.05.03 10:00:00;USD;2;ISM Manufacturing PMI;64.7;65.0;60.7;;;
2021.05.03 10:00:00;USD;1;Construction Spending m/m;-0.6%;1.7%;0.2%;;-0.8%;
2021.05.03 10:00:00;USD;1;ISM Manufacturing Prices;85.6;86.0;89.6;;;
2021.05.03 10:00:00;USD;1;Wards Total Vehicle Sales (All Day);17.7M;17.5M;18.5M;;;
2021.05.03 14:00:00;USD;1;Loan Officer Survey;;;;;;
2021.05.03 14:10:00;USD;1;FOMC Member Williams Speaks;;;;;;
2021.05.03 14:20:00;USD;3;Fed Chair Powell Speaks;;;;;;
2021.05.03 14:20:00;JPY;0;Bank Holiday (All Day);;;;;;
2021.05.03 14:20:00;CNY;0;Bank Holiday (All Day);;;;;;
2021.05.03 21:30:00;AUD;1;Trade Balance;7.60B;8.25B;5.57B;;7.53B;
2021.05.04 00:30:00;AUD;3;RBA Rate Statement;;;;;;
2021.05.04 00:30:00;AUD;2;Cash Rate;0.10%;0.10%;0.10%;;;
2021.05.04 02:45:00;EUR;1;French Gov Budget Balance;-47.5B;;-60.1B;;;
2021.05.04 03:00:00;CHF;1;SECO Consumer Climate;-15;-11;-7;;;
2021.05.04 04:30:00;GBP;1;Final Manufacturing PMI;60.7;60.7;60.9;;;
2021.05.04 04:30:00;GBP;1;M4 Money Supply m/m;0.8%;0.7%;0.6%;;;
2021.05.04 04:30:00;GBP;1;Mortgage Approvals;87K;86K;83K;;88K;
2021.05.04 04:30:00;GBP;1;Net Lending to Individuals m/m;5.3B;5.0B;11.3B;;4.9B;
2021.05.04 08:30:00;CAD;1;Building Permits m/m;3.1%;1.6%;5.7%;;2.1%;
2021.05.04 08:30:00;CAD;1;Trade Balance;1.4B;0.5B;-1.1B;;1.0B;
2021.05.04 08:30:00;USD;1;Trade Balance;-70.5B;-74.5B;-74.4B;;-71.1B;
2021.05.04 09:52:00;USD;1;IBD/TIPP Economic Optimism;56.4;56.1;54.4;;;
2021.05.04 10:00:00;USD;1;Factory Orders m/m;-0.5%;1.3%;1.1%;;-0.8%;
2021.05.04 10:20:00;NZD;1;GDT Price Index;-0.1%;;-0.7%;;;
2021.05.04 13:00:00;USD;1;FOMC Member Daly Speaks;;;;;;
2021.05.04 17:00:00;NZD;2;RBNZ Financial Stability Report;;;;;;
2021.05.04 18:30:00;AUD;1;AIG Construction Index;61.8;;59.1;;;
2021.05.04 18:45:00;NZD;3;Employment Change q/q;0.6%;0.3%;0.6%;;;
2021.05.04 18:45:00;NZD;3;Unemployment Rate;4.9%;4.9%;4.7%;;;
2021.05.04 18:45:00;NZD;1;Labor Cost Index q/q;0.5%;0.3%;0.4%;;;
2021.05.04 18:45:00;JPY;0;Bank Holiday (All Day);;;;;;
2021.05.04 18:45:00;CNY;0;Bank Holiday (All Day);;;;;;
2021.05.04 21:00:00;NZD;1;ANZ Commodity Prices m/m;6.1%;;2.3%;;;
2021.05.04 21:30:00;AUD;1;Building Approvals m/m;20.1%;2.9%;17.4%;;21.6%;
2021.05.05 02:30:00;CHF;1;CPI m/m;0.3%;0.2%;0.2%;;;
2021.05.05 03:00:00;EUR;1;Spanish Unemployment Change;-59.1K;-70.0K;-39.0K;;;
2021.05.05 03:15:00;EUR;1;Spanish Services PMI;48.1;50.0;54.6;;;
2021.05.05 03:45:00;EUR;1;Italian Services PMI;48.6;50.0;47.3;;;
2021.05.05 03:50:00;EUR;1;French Final Services PMI;50.4;50.4;50.3;;;
2021.05.05 03:55:00;EUR;1;German Final Services PMI;50.1;50.1;49.9;;;
2021.05.05 04:00:00;EUR;1;Final Services PMI;50.3;50.3;50.5;;;
2021.05.05 05:00:00;EUR;1;PPI m/m;0.5%;1.1%;1.1%;;;
2021.05.05 05:05:00;GBP;1;10-y Bond Auction;0.89|3.0;;0.92|2.7;;;
2021.05.05 08:15:00;USD;2;ADP Non-Farm Employment Change;565K;872K;742K;;517K;
2021.05.05 09:30:00;USD;1;FOMC Member Evans Speaks;;;;;;
2021.05.05 09:45:00;USD;1;Final Services PMI;63.1;63.1;64.7;;;
2021.05.05 10:00:00;USD;2;ISM Services PMI;63.7;64.2;62.7;;;
2021.05.05 10:30:00;USD;2;Crude Oil Inventories;0.1M;-1.9M;-8.0M;;;
2021.05.05 15:00:00;USD;1;FOMC Member Evans Speaks;;;;;;
2021.05.05 18:45:00;NZD;1;Building Consents m/m;-19.3%;;17.9%;;-18.2%;
2021.05.05 19:50:00;JPY;1;Monetary Policy Meeting Minutes;;;;;;
2021.05.05 21:00:00;NZD;2;Prelim ANZ Business Confidence;-2.0;;7.0;;-8.4;
2021.05.06 02:00:00;EUR;1;German Factory Orders m/m;1.4%;1.5%;3.0%;;1.2%;
2021.05.06 04:00:00;EUR;1;ECB Economic Bulletin;;;;;;
2021.05.06 04:30:00;GBP;2;Final Services PMI;60.1;60.2;61.0;;;
2021.05.06 04:46:00;EUR;1;Spanish 10-y Bond Auction;0.37|1.9;;0.43|1.6;;;
2021.05.06 04:59:00;EUR;1;French 10-y Bond Auction;0.00|1.7;;0.13|1.7;;;
2021.05.06 05:00:00;AUD;1;RBA Deputy Gov Debelle Speaks;;;;;;
2021.05.06 05:00:00;EUR;1;Retail Sales m/m;4.2%;1.5%;2.7%;;3.0%;
2021.05.06 07:00:00;GBP;3;Asset Purchase Facility;895B;895B;895B;;;
2021.05.06 07:00:00;GBP;3;BOE Monetary Policy Report;;;;;;
2021.05.06 07:00:00;GBP;3;MPC Asset Purchase Facility Votes;0-0-9;0-0-9;0-1-8;;;
2021.05.06 07:00:00;GBP;3;Monetary Policy Summary;;;;;;
2021.05.06 07:00:00;GBP;2;BOE Inflation Letter;;;;;;
2021.05.06 07:00:00;GBP;2;MPC Official Bank Rate Votes;0-0-9;0-0-9;0-0-9;;;
2021.05.06 07:00:00;GBP;2;Official Bank Rate;0.10%;0.10%;0.10%;;;
2021.05.06 07:15:00;EUR;2;ECB President Lagarde Speaks;;;;;;
2021.05.06 07:30:00;USD;1;Challenger Job Cuts y/y;-86.2%;;-96.6%;;;
2021.05.06 08:00:00;GBP;3;BOE Gov Bailey Speaks;;;;;;
2021.05.06 08:30:00;USD;2;Unemployment Claims;590K;540K;498K;;553K;
2021.05.06 08:30:00;USD;1;Prelim Nonfarm Productivity q/q;-4.2%;4.3%;5.4%;;-4.8%;
2021.05.06 08:30:00;USD;1;Prelim Unit Labor Costs q/q;6.0%;-1.1%;-0.3%;;6.8%;
2021.05.06 09:00:00;USD;1;FOMC Member Williams Speaks;;;;;;
2021.05.06 10:30:00;USD;1;Natural Gas Storage;15B;68B;60B;;;
2021.05.06 13:00:00;USD;1;FOMC Member Bostic Speaks;;;;;;
2021.05.06 18:30:00;AUD;1;AIG Services Index;58.7;;61.0;;;
2021.05.06 19:30:00;JPY;1;Average Cash Earnings y/y;-0.4%;-0.2%;0.2%;;-0.2%;
2021.05.06 19:50:00;JPY;1;Monetary Base y/y;20.8%;21.4%;24.3%;;;
2021.05.06 21:30:00;AUD;2;RBA Monetary Policy Statement;;;;;;
2021.05.06 21:45:00;CNY;1;Caixin Services PMI;54.3;54.2;56.3;;;
2021.05.06 23:00:00;NZD;2;Inflation Expectations q/q;1.89%;;2.05%;;;
2021.05.06 23:01:00;CNY;1;Trade Balance;88B;130B;277B;;;
2021.05.06 23:02:00;CNY;1;USD-Denominated Trade Balance;13.8B;28.0B;42.9B;;;
2021.05.07 01:45:00;CHF;1;Unemployment Rate;3.3%;3.3%;3.1%;;;
2021.05.07 02:00:00;EUR;1;German Industrial Production m/m;-1.9%;2.1%;2.5%;;-1.6%;
2021.05.07 02:00:00;EUR;1;German Trade Balance;18.9B;22.3B;14.3B;;19.1B;
2021.05.07 02:45:00;EUR;1;French Industrial Production m/m;-4.8%;2.1%;0.8%;;-4.7%;
2021.05.07 02:45:00;EUR;1;French Prelim Private Payrolls q/q;-0.1%;-0.2%;0.3%;;-0.2%;
2021.05.07 02:45:00;EUR;1;French Trade Balance;-5.1B;-5.4B;-6.1B;;-5.2B;
2021.05.07 03:00:00;CHF;1;Foreign Currency Reserves;930B;;914B;;;
2021.05.07 04:00:00;EUR;1;Italian Retail Sales m/m;5.9%;-0.6%;-0.1%;;6.6%;
2021.05.07 04:30:00;GBP;1;Construction PMI;61.7;62.0;61.6;;;
2021.05.07 06:00:00;EUR;2;ECB President Lagarde Speaks;;;;;;
2021.05.07 07:15:00;GBP;2;MPC Member Broadbent Speaks;;;;;;
2021.05.07 08:30:00;CAD;3;Employment Change;303.1K;-160.5K;-207.1K;;;
2021.05.07 08:30:00;CAD;3;Unemployment Rate;7.5%;7.8%;8.1%;;;
2021.05.07 08:30:00;USD;3;Average Hourly Earnings m/m;-0.1%;0.0%;0.7%;;;
2021.05.07 08:30:00;USD;3;Non-Farm Employment Change;770K;990K;266K;;916K;
2021.05.07 08:30:00;USD;3;Unemployment Rate;6.0%;5.8%;6.1%;;;
2021.05.07 09:00:00;USD;1;FOMC Member Barkin Speaks;;;;;;
2021.05.07 10:00:00;CAD;2;Ivey PMI;72.9;67.0;60.6;;;
2021.05.07 10:00:00;USD;1;Final Wholesale Inventories m/m;1.4%;1.4%;1.3%;;;
2021.05.07 10:00:00;USD;1;Mortgage Delinquencies;6.73%;;6.38%;;;
2021.05.07 11:30:00;USD;1;President Biden Speaks;;;;;;
2021.05.07 12:30:00;USD;3;Treasury Sec Yellen Speaks;;;;;;
2021.05.07 15:00:00;USD;1;Consumer Credit m/m;26.1B;19.5B;25.8B;;27.6B;
2021.05.09 21:30:00;AUD;2;Retail Sales m/m;1.4%;1.4%;1.3%;;;
2021.05.09 21:30:00;AUD;1;NAB Business Confidence;17;;26;;15;
2021.05.10 03:30:00;GBP;1;Halifax HPI m/m;1.1%;0.3%;1.4%;;;
2021.05.10 04:30:00;EUR;1;Sentix Investor Confidence;13.1;14.9;21.0;;;
2021.05.10 13:15:00;USD;1;President Biden Speaks;;;;;;
2021.05.10 14:00:00;USD;1;FOMC Member Evans Speaks;;;;;;
2021.05.10 19:01:00;GBP;1;BRC Retail Sales Monitor y/y;20.3%;9.3%;39.6%;;;
2021.05.10 19:30:00;JPY;1;Household Spending y/y;-6.6%;1.4%;6.2%;;;
2021.05.10 19:50:00;JPY;1;BOJ Summary of Opinions;;;;;;
2021.05.10 21:30:00;CNY;1;CPI y/y;0.4%;1.0%;0.9%;;;
2021.05.10 21:30:00;CNY;1;PPI y/y;4.4%;6.5%;6.8%;;;
2021.05.10 23:35:00;JPY;1;10-y Bond Auction;0.12|3.5;;0.07|3.0;;;
2021.05.11 02:00:00;EUR;1;German WPI m/m;1.7%;1.8%;1.1%;;;
2021.05.11 04:00:00;EUR;1;Italian Industrial Production m/m;0.1%;0.5%;-0.1%;;0.2%;
2021.05.11 05:00:00;EUR;1;ZEW Economic Sentiment;66.3;68.0;84.0;;;
2021.05.11 05:00:00;EUR;1;German ZEW Economic Sentiment;70.7;72.0;84.4;;;
2021.05.11 05:30:00;AUD;2;Annual Budget Release;;;;;;
2021.05.11 06:00:00;USD;1;NFIB Small Business Index;98.2;100.7;99.8;;;
2021.05.11 10:00:00;USD;1;JOLTS Job Openings;7.53M;7.50M;8.12M;;7.37M;
2021.05.11 10:30:00;GBP;3;BOE Gov Bailey Speaks;;;;;;
2021.05.11 10:30:00;USD;1;FOMC Member Williams Speaks;;;;;;
2021.05.11 12:00:00;USD;1;FOMC Member Brainard Speaks;;;;;;
2021.05.11 13:00:00;USD;1;FOMC Member Daly Speaks;;;;;;
2021.05.11 13:15:00;USD;1;FOMC Member Bostic Speaks;;;;;;
2021.05.12 01:00:00;JPY;1;Leading Indicators;98.7%;102.8%;103.2%;;99.7%;
2021.05.12 02:00:00;EUR;1;German Final CPI m/m;0.7%;0.7%;0.7%;;;
2021.05.12 02:00:00;GBP;2;Prelim GDP q/q;1.3%;-1.6%;-1.5%;;1.0%;
2021.05.12 02:00:00;GBP;1;Construction Output m/m;2.3%;1.1%;5.8%;;1.6%;
2021.05.12 02:00:00;GBP;1;GDP m/m;0.7%;1.5%;2.1%;;0.4%;
2021.05.12 02:00:00;GBP;1;Goods Trade Balance;-10.5B;-14.2B;-11.7B;;-16.4B;
2021.05.12 02:00:00;GBP;1;Index of Services 3m/3m;-2.1%;-1.7%;-2.0%;;-1.9%;
2021.05.12 02:00:00;GBP;1;Industrial Production m/m;1.0%;1.0%;1.8%;;;
2021.05.12 02:00:00;GBP;1;Manufacturing Production m/m;1.5%;1.0%;2.1%;;1.3%;
2021.05.12 02:00:00;GBP;1;Prelim Business Investment q/q;5.9%;-2.5%;-11.9%;;1.3%;
2021.05.12 02:45:00;EUR;1;French Final CPI m/m;0.2%;0.2%;0.1%;;;
2021.05.12 04:30:00;CNY;1;M2 Money Supply y/y;9.4%;9.2%;8.1%;;;
2021.05.12 04:30:00;CNY;1;New Loans;2730B;1575B;1470B;;;
2021.05.12 05:00:00;EUR;2;EU Economic Forecasts;;;;;;
2021.05.12 05:00:00;EUR;1;Industrial Production m/m;-1.2%;0.8%;0.1%;;-1.0%;
2021.05.12 08:30:00;USD;3;CPI m/m;0.6%;0.2%;0.8%;;;
2021.05.12 08:30:00;USD;3;Core CPI m/m;0.3%;0.3%;0.9%;;;
2021.05.12 08:46:00;GBP;1;NIESR GDP Estimate;-1.5%;;1.3%;;;
2021.05.12 09:00:00;USD;1;FOMC Member Clarida Speaks;;;;;;
2021.05.12 10:00:00;GBP;3;BOE Gov Bailey Speaks;;;;;;
2021.05.12 10:30:00;USD;2;Crude Oil Inventories;-8.0M;-2.1M;-0.4M;;;
2021.05.12 13:00:00;USD;1;FOMC Member Bostic Speaks;;;;;;
2021.05.12 13:03:00;USD;2;10-y Bond Auction;1.68|2.4;;1.68|2.5;;;
2021.05.12 14:00:00;USD;1;Federal Budget Balance;-659.6B;-212.5B;-225.6B;;;
2021.05.12 18:45:00;NZD;1;FPI m/m;0.0%;;1.1%;;;
2021.05.12 19:01:00;GBP;1;RICS House Price Balance;62%;62%;75%;;59%;
2021.05.12 19:50:00;JPY;1;Bank Lending y/y;6.2%;6.3%;4.8%;;6.3%;
2021.05.12 19:50:00;JPY;1;Current Account;1.84T;1.87T;1.70T;;1.79T;
2021.05.12 23:35:00;JPY;1;30-y Bond Auction;0.69|3.1;;0.65|3.1;;;
2021.05.13 01:00:00;JPY;1;Economy Watchers Sentiment;49.0;47.1;39.1;;;
2021.05.13 01:00:00;CHF;0;Bank Holiday (All Day);;;;;;
2021.05.13 01:00:00;EUR;0;French Bank Holiday (All Day);;;;;;
2021.05.13 01:00:00;EUR;0;German Bank Holiday (All Day);;;;;;
2021.05.13 03:55:00;CNY;1;Foreign Direct Investment ytd/y;39.9%;;38.6%;;;
2021.05.13 08:00:00;GBP;1;MPC Member Cunliffe Speaks;;;;;;
2021.05.13 08:30:00;USD;2;Unemployment Claims;507K;487K;473K;;498K;
2021.05.13 08:30:00;USD;1;Core PPI m/m;0.7%;0.4%;0.7%;;;
2021.05.13 08:30:00;USD;1;PPI m/m;1.0%;0.3%;0.6%;;;
2021.05.13 10:00:00;USD;1;FOMC Member Barkin Speaks;;;;;;
2021.05.13 10:30:00;USD;1;Natural Gas Storage;60B;74B;71B;;;
2021.05.13 11:00:00;CAD;3;BOC Gov Macklem Speaks;;;;;;
2021.05.13 12:00:00;GBP;2;BOE Gov Bailey Speaks;;;;;;
2021.05.13 13:00:00;USD;1;FOMC Member Waller Speaks;;;;;;
2021.05.13 13:01:00;USD;2;30-y Bond Auction;2.32|2.5;;2.40|2.2;;;
2021.05.13 18:30:00;NZD;1;BusinessNZ Manufacturing Index;63.6;;58.4;;;
2021.05.13 19:50:00;JPY;1;M2 Money Stock y/y;9.4%;9.4%;9.2%;;9.5%;
2021.05.14 07:30:00;EUR;1;ECB Monetary Policy Meeting Accounts;;;;;;
2021.05.14 08:30:00;CAD;1;Manufacturing Sales m/m;-1.1%;3.5%;3.5%;;-1.6%;
2021.05.14 08:30:00;CAD;1;Wholesale Sales m/m;-0.9%;1.0%;2.8%;;-0.7%;
2021.05.14 08:30:00;USD;3;Retail Sales m/m;10.7%;1.0%;0.0%;;9.8%;
2021.05.14 08:30:00;USD;1;Import Prices m/m;1.4%;0.6%;0.7%;;1.2%;
2021.05.14 08:32:00;USD;3;Core Retail Sales m/m;9.0%;0.5%;-0.8%;;8.4%;
2021.05.14 09:15:00;USD;2;Industrial Production m/m;2.4%;0.9%;0.7%;;1.4%;
2021.05.14 09:15:00;USD;1;Capacity Utilization Rate;74.4%;75.0%;74.9%;;;
2021.05.14 09:30:00;GBP;1;CB Leading Index m/m;-0.4%;;0.1%;;;
2021.05.14 10:00:00;USD;2;Prelim UoM Consumer Sentiment;88.3;90.2;82.8;;86.5;
2021.05.14 10:00:00;USD;1;Business Inventories m/m;0.6%;0.3%;0.3%;;0.5%;
2021.05.14 10:00:00;USD;1;Prelim UoM Inflation Expectations;3.4%;;4.6%;;3.7%;
2021.05.16 18:48:00;NZD;1;Visitor Arrivals m/m;-2.8%;;-12.4%;;;
2021.05.16 19:01:00;GBP;1;Rightmove HPI m/m;2.1%;;1.8%;;;
2021.05.16 19:50:00;JPY;1;PPI y/y;1.2%;3.1%;3.6%;;1.0%;
2021.05.16 22:00:00;CNY;1;Fixed Asset Investment ytd/y;25.6%;19.9%;19.9%;;;
2021.05.16 22:00:00;CNY;1;Industrial Production y/y;14.1%;10.0%;9.8%;;;
2021.05.16 22:00:00;CNY;1;Retail Sales y/y;34.2%;25.0%;17.7%;;;
2021.05.16 22:00:00;CNY;1;Unemployment Rate;5.3%;5.2%;5.1%;;;
2021.05.17 02:00:00;JPY;1;Prelim Machine Tool Orders y/y;65.1%;;120.8%;;65.0%;
2021.05.17 02:30:00;CHF;1;PPI m/m;0.6%;0.2%;0.7%;;;
2021.05.17 08:13:00;CAD;1;Housing Starts;335K;305K;269K;;;
2021.05.17 08:30:00;CAD;1;Foreign Securities Purchases;8.56B;3.25B;3.25B;;8.52B;
2021.05.17 08:30:00;USD;1;Empire State Manufacturing Index;26.3;23.9;24.3;;;
2021.05.17 10:00:00;USD;1;NAHB Housing Market Index;83;83;83;;;
2021.05.17 10:05:00;USD;1;FOMC Member Clarida Speaks;;;;;;
2021.05.17 10:15:00;GBP;1;MPC Member Tenreyro Speaks;;;;;;
2021.05.17 10:25:00;USD;1;FOMC Member Bostic Speaks;;;;;;
2021.05.17 10:25:00;USD;1;FOMC Member Clarida Speaks;;;;;;
2021.05.17 11:30:00;GBP;1;MPC Member Vlieghe Speaks;;;;;;
2021.05.17 12:30:00;GBP;1;MPC Member Haldane Speaks;;;;;;
2021.05.17 16:00:00;USD;1;TIC Long-Term Purchases;4.3B;67.0B;262.2B;;4.2B;
2021.05.17 19:50:00;JPY;1;Prelim GDP Price Index y/y;0.3%;-0.1%;-0.2%;;0.2%;
2021.05.17 19:50:00;JPY;1;Prelim GDP q/q;2.8%;-1.1%;-1.3%;;3.0%;
2021.05.17 21:30:00;AUD;2;Monetary Policy Meeting Minutes;;;;;;
2021.05.18 00:30:00;JPY;1;Tertiary Industry Activity m/m;-0.3%;0.8%;1.1%;;0.3%;
2021.05.18 02:00:00;GBP;1;Average Earnings Index 3m/y;4.5%;4.5%;4.0%;;;
2021.05.18 02:00:00;GBP;1;Claimant Count Change;-19.4K;25.6K;-15.1K;;10.1K;
2021.05.18 02:00:00;GBP;1;Unemployment Rate;4.9%;4.9%;4.8%;;;
2021.05.18 04:00:00;EUR;1;Italian Trade Balance;4.75B;4.40B;5.19B;;;
2021.05.18 05:00:00;EUR;1;Flash Employment Change q/q;0.4%;0.1%;-0.3%;;0.3%;
2021.05.18 05:00:00;EUR;1;Flash GDP q/q;-0.6%;-0.6%;-0.6%;;;
2021.05.18 05:00:00;EUR;1;Trade Balance;23.1B;20.3B;13.0B;;18.4B;
2021.05.18 08:30:00;USD;1;Building Permits;1.76M;1.77M;1.76M;;1.77M;
2021.05.18 08:30:00;USD;1;Housing Starts;1.73M;1.71M;1.57M;;1.74M;
2021.05.18 10:00:00;GBP;3;BOE Gov Bailey Speaks;;;;;;
2021.05.18 10:27:00;NZD;1;GDT Price Index;-0.7%;;-0.2%;;;
2021.05.18 10:30:00;AUD;1;CB Leading Index m/m;0.5%;;1.0%;;;
2021.05.18 11:00:00;CHF;2;SNB Chairman Jordan Speaks;;;;;;
2021.05.18 12:30:00;USD;1;FOMC Member Bostic Speaks;;;;;;
2021.05.18 18:45:00;NZD;1;PPI Input q/q;0.1%;0.1%;2.1%;;0.0%;
2021.05.18 18:45:00;NZD;1;PPI Output q/q;0.5%;0.2%;1.2%;;0.4%;
2021.05.18 20:30:00;AUD;1;Westpac Consumer Sentiment;6.2%;;-4.8%;;;
2021.05.18 21:30:00;AUD;1;Wage Price Index q/q;0.6%;0.5%;0.6%;;;
2021.05.19 00:30:00;JPY;1;Revised Industrial Production m/m;2.2%;2.2%;1.7%;;;
2021.05.19 02:00:00;GBP;2;CPI y/y;0.7%;1.5%;1.5%;;;
2021.05.19 02:00:00;GBP;1;Core CPI y/y;1.1%;1.3%;1.3%;;;
2021.05.19 02:00:00;GBP;1;PPI Input m/m;1.9%;1.0%;1.2%;;1.3%;
2021.05.19 02:00:00;GBP;1;PPI Output m/m;0.8%;0.4%;0.4%;;0.5%;
2021.05.19 02:00:00;GBP;1;RPI y/y;1.5%;2.4%;2.9%;;;
2021.05.19 04:00:00;EUR;2;ECB Financial Stability Review;;;;;;
2021.05.19 04:30:00;GBP;1;HPI y/y;9.2%;7.6%;10.2%;;8.6%;
2021.05.19 05:00:00;EUR;1;Final CPI y/y;1.6%;1.6%;1.6%;;;
2021.05.19 05:00:00;EUR;1;Final Core CPI y/y;0.8%;0.8%;0.7%;;;
2021.05.19 05:35:00;EUR;1;German 10-y Bond Auction;-0.25|1.7;;-0.09|1.3;;;
2021.05.19 08:30:00;CAD;2;CPI m/m;0.5%;0.2%;0.5%;;;
2021.05.19 08:30:00;CAD;1;Common CPI y/y;1.5%;1.7%;1.7%;;;
2021.05.19 08:30:00;CAD;1;Median CPI y/y;2.1%;2.1%;2.3%;;;
2021.05.19 08:30:00;CAD;1;Trimmed CPI y/y;2.1%;2.2%;2.3%;;2.2%;
2021.05.19 08:32:00;CAD;1;Core CPI m/m;0.3%;;0.5%;;;
2021.05.19 10:30:00;USD;2;Crude Oil Inventories;-0.4M;1.5M;1.3M;;;
2021.05.19 11:35:00;USD;1;FOMC Member Bostic Speaks;;;;;;
2021.05.19 14:00:00;USD;2;FOMC Meeting Minutes;;;;;;
2021.05.19 19:50:00;JPY;1;Core Machinery Orders m/m;-8.5%;5.1%;3.7%;;;
2021.05.19 19:50:00;JPY;1;Trade Balance;0.37T;0.07T;0.07T;;0.30T;
2021.05.19 21:00:00;AUD;1;MI Inflation Expectations;3.2%;;3.5%;;;
2021.05.19 21:30:00;AUD;3;Employment Change;77.0K;17.5K;-30.6K;;70.7K;
2021.05.19 21:30:00;AUD;3;Unemployment Rate;5.7%;5.6%;5.5%;;5.6%;
2021.05.19 22:00:00;NZD;2;Annual Budget Release;;;;;;
2021.05.20 02:00:00;EUR;1;German PPI m/m;0.9%;0.8%;0.8%;;;
2021.05.20 04:00:00;EUR;1;Current Account;25.9B;24.3B;17.8B;;;
2021.05.20 04:45:00;EUR;1;Spanish 10-y Bond Auction;0.43|1.6;;0.60|1.8;;;
2021.05.20 05:05:00;GBP;1;MPC Member Cunliffe Speaks;;;;;;
2021.05.20 06:00:00;GBP;1;CBI Industrial Order Expectations;-8;0;17;;;
2021.05.20 08:00:00;EUR;1;ECB President Lagarde Speaks;;;;;;
2021.05.20 08:30:00;CAD;1;NHPI m/m;1.1%;1.2%;1.9%;;;
2021.05.20 08:30:00;USD;2;Philly Fed Manufacturing Index;50.2;40.8;31.5;;;
2021.05.20 08:30:00;USD;2;Unemployment Claims;478K;453K;444K;;473K;
2021.05.20 08:32:00;CAD;1;ADP Non-Farm Employment Change;266.7K;;351.3K;;634.8K;
2021.05.20 10:00:00;CAD;1;BOC Financial System Review;;;;;;
2021.05.20 10:00:00;USD;1;CB Leading Index m/m;1.3%;1.3%;1.6%;;;
2021.05.20 10:30:00;USD;1;Natural Gas Storage;71B;60B;71B;;;
2021.05.20 11:00:00;CAD;3;BOC Gov Macklem Speaks;;;;;;
2021.05.20 19:00:00;AUD;1;Flash Manufacturing PMI;59.7;;59.9;;59.6;
2021.05.20 19:00:00;AUD;1;Flash Services PMI;58.8;;58.2;;58.6;
2021.05.20 19:01:00;GBP;1;GfK Consumer Confidence;-15;-12;-9;;;
2021.05.20 19:30:00;JPY;1;National Core CPI y/y;-0.1%;-0.2%;-0.1%;;;
2021.05.20 20:30:00;JPY;1;Flash Manufacturing PMI;53.6;53.0;52.5;;53.3;
2021.05.20 21:30:00;AUD;2;Retail Sales m/m;1.3%;0.5%;1.1%;;;
2021.05.20 23:00:00;NZD;1;Credit Card Spending y/y;0.5%;;87.4%;;2.2%;
2021.05.21 02:00:00;GBP;2;Retail Sales m/m;5.1%;4.5%;9.2%;;5.4%;
2021.05.21 03:15:00;EUR;2;French Flash Manufacturing PMI;58.9;58.6;59.2;;59.2;
2021.05.21 03:15:00;EUR;2;French Flash Services PMI;50.3;53.0;56.6;;50.4;
2021.05.21 03:30:00;EUR;3;German Flash Manufacturing PMI;66.2;66.0;64.0;;66.4;
2021.05.21 03:30:00;EUR;3;German Flash Services PMI;49.9;52.0;52.8;;50.1;
2021.05.21 04:00:00;EUR;2;Flash Manufacturing PMI;62.9;62.5;62.8;;63.3;
2021.05.21 04:00:00;EUR;2;Flash Services PMI;50.5;52.5;55.1;;50.3;
2021.05.21 04:30:00;GBP;2;Flash Manufacturing PMI;60.9;60.7;66.1;;60.7;
2021.05.21 04:30:00;GBP;2;Flash Services PMI;61.0;62.2;61.8;;60.1;
2021.05.21 04:30:00;EUR;1;Eurogroup Meetings (All Day);;;;;;
2021.05.21 06:00:00;EUR;1;German Buba Monthly Report;;;;;;
2021.05.21 07:00:00;EUR;2;ECB President Lagarde Speaks;;;;;;
2021.05.21 08:30:00;CAD;2;Core Retail Sales m/m;5.6%;2.3%;4.3%;;4.8%;
2021.05.21 08:30:00;CAD;2;Retail Sales m/m;5.8%;2.3%;3.6%;;4.8%;
2021.05.21 09:32:00;EUR;1;Consumer Confidence;-8;-7;-5;;;
2021.05.21 09:45:00;CHF;1;Gov Board Member Maechler Speaks;;;;;;
2021.05.21 09:45:00;USD;2;Flash Manufacturing PMI;60.5;60.0;61.5;;60.6;
2021.05.21 09:45:00;USD;1;Flash Services PMI;64.7;64.3;70.1;;63.1;
2021.05.21 10:00:00;USD;1;Existing Home Sales;6.01M;6.09M;5.85M;;;
2021.05.21 13:30:00;USD;1;FOMC Member Daly Speaks;;;;;;
2021.05.22 00:00:00;EUR;1;ECOFIN Meetings (All Day);;;;;;
2021.05.23 18:45:00;NZD;2;Retail Sales q/q;-2.6%;-1.8%;2.5%;;-2.7%;
2021.05.23 18:49:00;NZD;1;Core Retail Sales q/q;-2.9%;-1.0%;3.2%;;-3.1%;
2021.05.24 00:00:00;CHF;0;Bank Holiday (All Day);;;;;;
2021.05.24 00:00:00;EUR;0;French Bank Holiday (All Day);;;;;;
2021.05.24 00:00:00;EUR;0;German Bank Holiday (All Day);;;;;;
2021.05.24 07:06:00;JPY;2;BOJ Gov Kuroda Speaks;;;;;;
2021.05.24 07:06:00;CAD;0;Bank Holiday (All Day);;;;;;
2021.05.24 09:00:00;CNY;1;CB Leading Index m/m;0.9%;;1.2%;;1.0%;
2021.05.24 09:00:00;USD;1;FOMC Member Brainard Speaks;;;;;;
2021.05.24 10:30:00;GBP;3;Monetary Policy Report Hearings;;;;;;
2021.05.24 12:00:00;USD;1;FOMC Member Bostic Speaks;;;;;;
2021.05.24 21:30:00;AUD;1;Goods Trade Balance;8.23B;;10.14B;;8.50B;
2021.05.25 01:00:00;JPY;1;BOJ Core CPI y/y;0.0%;-0.1%;-0.1%;;;
2021.05.25 02:00:00;EUR;1;German Final GDP q/q;-1.7%;-1.7%;-1.8%;;;
2021.05.25 02:00:00;GBP;1;Public Sector Net Borrowing;25.5B;32.9B;31.0B;;27.3B;
2021.05.25 04:00:00;EUR;2;German ifo Business Climate;96.6;98.2;99.2;;96.8;
2021.05.25 06:00:00;GBP;1;CBI Realized Sales;20;24;18;;;
2021.05.25 08:30:00;CAD;1;Corporate Profits q/q;7.9%;;18.1%;;;
2021.05.25 09:00:00;EUR;1;Belgian NBB Business Climate;4.4;5.6;6.5;;;
2021.05.25 09:00:00;USD;1;HPI m/m;1.1%;1.1%;1.4%;;0.9%;
2021.05.25 09:00:00;USD;1;SP/CS Composite-20 HPI y/y;12.0%;12.6%;13.3%;;11.9%;
2021.05.25 09:40:00;USD;1;FOMC Member Evans Speaks;;;;;;
2021.05.25 09:59:00;USD;1;Richmond Manufacturing Index;17;19;18;;;
2021.05.25 10:00:00;USD;2;CB Consumer Confidence;117.5;119.0;117.2;;121.7;
2021.05.25 10:00:00;USD;1;FOMC Member Quarles Speaks;;;;;;
2021.05.25 10:00:00;USD;1;New Home Sales;917K;950K;863K;;1021K;
2021.05.25 12:00:00;GBP;1;MPC Member Tenreyro Speaks;;;;;;
2021.05.25 18:45:00;NZD;1;Trade Balance;39M;90M;388M;;33M;
2021.05.25 19:50:00;JPY;1;SPPI y/y;0.7%;0.9%;1.0%;;;
2021.05.25 20:30:00;AUD;1;MI Leading Index m/m;0.5%;;0.2%;;0.4%;
2021.05.25 21:30:00;AUD;1;Construction Work Done q/q;-1.5%;1.9%;2.4%;;-0.9%;
2021.05.25 22:00:00;NZD;3;RBNZ Monetary Policy Statement;;;;;;
2021.05.25 22:00:00;NZD;3;RBNZ Rate Statement;;;;;;
2021.05.25 22:00:00;NZD;2;Official Cash Rate;0.25%;0.25%;0.25%;;;
2021.05.25 23:00:00;NZD;3;RBNZ Press Conference;;;;;;
2021.05.26 04:00:00;CHF;1;Credit Suisse Economic Expectations;68.3;;72.2;;;
2021.05.26 10:00:00;USD;1;FOMC Member Quarles Speaks;;;;;;
2021.05.26 10:30:00;USD;2;Crude Oil Inventories;1.3M;-1.0M;-1.7M;;;
2021.05.26 13:00:00;CAD;1;Gov Council Member Lane Speaks;;;;;;
2021.05.26 15:00:00;USD;1;FOMC Member Quarles Speaks;;;;;;
2021.05.26 21:30:00;AUD;1;Private Capital Expenditure q/q;4.2%;2.0%;6.3%;;3.0%;
2021.05.27 02:00:00;CHF;1;Trade Balance;5.73B;4.85B;3.84B;;5.82B;
2021.05.27 02:00:00;EUR;1;German GfK Consumer Climate;-8.6;-5.3;-7.0;;-8.8;
2021.05.27 07:00:00;GBP;1;MPC Member Vlieghe Speaks;;;;;;
2021.05.27 08:00:00;EUR;1;German Buba President Weidmann Speaks;;;;;;
2021.05.27 08:30:00;USD;3;Prelim GDP q/q;6.4%;6.5%;6.4%;;;
2021.05.27 08:30:00;USD;2;Unemployment Claims;444K;427K;406K;;;
2021.05.27 08:30:00;USD;1;Core Durable Goods Orders m/m;1.9%;0.8%;1.0%;;1.6%;
2021.05.27 08:30:00;USD;1;Durable Goods Orders m/m;0.8%;0.8%;-1.3%;;0.5%;
2021.05.27 08:30:00;USD;1;Prelim GDP Price Index q/q;4.1%;4.1%;4.3%;;;
2021.05.27 10:00:00;USD;2;Pending Home Sales m/m;1.7%;0.6%;-4.4%;;1.9%;
2021.05.27 10:30:00;USD;1;Natural Gas Storage;71B;105B;115B;;;
2021.05.27 19:30:00;JPY;1;Tokyo Core CPI y/y;-0.2%;-0.2%;-0.2%;;;
2021.05.27 19:30:00;JPY;1;Unemployment Rate;2.6%;2.7%;2.8%;;;
2021.05.28 02:00:00;EUR;1;German Import Prices m/m;1.8%;1.0%;1.4%;;;
2021.05.28 02:45:00;EUR;1;French Consumer Spending m/m;-0.3%;-4.1%;-8.3%;;-1.1%;
2021.05.28 02:45:00;EUR;1;French Prelim CPI m/m;0.1%;0.3%;0.3%;;0.2%;
2021.05.28 02:45:00;EUR;1;French Prelim GDP q/q;0.4%;0.4%;-0.1%;;;
2021.05.28 03:00:00;CHF;1;KOF Economic Barometer;136.4;132.2;143.2;;134.0;
2021.05.28 05:15:00;EUR;1;Italian 10-y Bond Auction;0.88|1.4;;0.94|1.3;;;
2021.05.28 05:15:00;All;1;G7 Meetings (All Day);;;;;;
2021.05.28 08:30:00;USD;2;Core PCE Price Index m/m;0.4%;0.6%;0.7%;;;
2021.05.28 08:30:00;USD;1;Goods Trade Balance;-92.0B;-92.0B;-85.2B;;-90.6B;
2021.05.28 08:30:00;USD;1;Personal Income m/m;20.9%;-14.2%;-13.1%;;21.1%;
2021.05.28 08:30:00;USD;1;Personal Spending m/m;4.7%;0.5%;0.5%;;4.2%;
2021.05.28 08:30:00;USD;1;Prelim Wholesale Inventories m/m;1.3%;0.7%;0.8%;;1.4%;
2021.05.28 09:45:00;USD;2;Chicago PMI;72.1;67.9;75.2;;;
2021.05.28 10:00:00;USD;1;Revised UoM Consumer Sentiment;82.8;83.1;82.9;;;
2021.05.28 10:00:00;USD;1;Revised UoM Inflation Expectations;4.6%;;4.6%;;;
2021.05.30 19:50:00;JPY;1;Prelim Industrial Production m/m;1.7%;4.0%;2.5%;;2.2%;
2021.05.30 19:50:00;JPY;1;Retail Sales y/y;5.2%;15.4%;12.0%;;;
2021.05.30 21:00:00;AUD;1;MI Inflation Gauge m/m;0.4%;;-0.2%;;;
2021.05.30 21:00:00;CNY;2;Manufacturing PMI;51.1;51.3;51.0;;;
2021.05.30 21:00:00;CNY;1;Non-Manufacturing PMI;54.9;55.2;55.2;;;
2021.05.30 21:00:00;NZD;1;Final ANZ Business Confidence;7.0;;1.8;;;
2021.05.30 21:30:00;AUD;1;Private Sector Credit m/m;0.4%;0.4%;0.2%;;;
2021.05.31 00:59:00;JPY;1;Consumer Confidence;34.7;33.2;34.1;;;
2021.05.31 01:00:00;JPY;1;Housing Starts y/y;1.5%;4.9%;7.1%;;;
2021.05.31 01:00:00;EUR;1;German Prelim CPI m/m (All Day);0.7%;0.3%;0.5%;;;
2021.05.31 03:00:00;EUR;1;Spanish Flash CPI y/y;2.2%;2.4%;2.7%;;;
2021.05.31 04:00:00;EUR;1;M3 Money Supply y/y;10.0%;9.6%;9.2%;;10.1%;
2021.05.31 04:00:00;EUR;1;Private Loans y/y;3.3%;3.4%;3.8%;;;
2021.05.31 04:00:00;GBP;0;Bank Holiday (All Day);;;;;;
2021.05.31 05:00:00;EUR;1;Italian Prelim CPI m/m;0.4%;0.1%;0.0%;;;
2021.05.31 05:00:00;USD;0;Bank Holiday (All Day);;;;;;
2021.05.31 08:30:00;CAD;1;Current Account;-5.3B;2.4B;1.2B;;-7.3B;
2021.05.31 08:30:00;CAD;1;IPPI m/m;1.8%;0.8%;1.6%;;1.6%;
2021.05.31 08:30:00;CAD;1;RMPI m/m;2.2%;1.7%;1.0%;;2.3%;
2021.05.31 18:30:00;AUD;1;AIG Manufacturing Index;61.7;;61.8;;;
2021.05.31 18:45:00;NZD;1;Building Consents m/m;19.2%;;4.8%;;17.9%;
2021.05.31 19:50:00;JPY;1;Capital Spending q/y;-4.8%;-6.7%;-7.8%;;;
2021.05.31 20:30:00;JPY;1;Final Manufacturing PMI;52.5;52.5;53.0;;;
2021.05.31 21:30:00;AUD;1;Building Approvals m/m;18.9%;-9.9%;-8.6%;;17.4%;
2021.05.31 21:30:00;AUD;1;Company Operating Profits q/q;-4.8%;3.6%;-0.3%;;-6.6%;
2021.05.31 21:30:00;AUD;1;Current Account;16.0B;17.8B;18.3B;;14.5B;
2021.05.31 21:45:00;CNY;1;Caixin Manufacturing PMI;51.9;52.1;52.0;;;
