2021.03.01 00:30:00;AUD;1;Commodity Prices y/y;19.5%;;23.9%;;19.7%;
2021.03.01 00:30:00;EUR;1;German Prelim CPI m/m (All Day);0.8%;0.5%;0.7%;;;
2021.03.01 02:30:00;CHF;1;Retail Sales y/y;5.4%;4.5%;-0.5%;;4.7%;
2021.03.01 03:15:00;EUR;1;Spanish Manufacturing PMI;49.3;52.1;52.9;;;
2021.03.01 03:30:00;CHF;1;Manufacturing PMI;59.4;60.0;61.3;;;
2021.03.01 03:45:00;EUR;1;Italian Manufacturing PMI;55.1;57.0;56.9;;;
2021.03.01 03:50:00;EUR;1;French Final Manufacturing PMI;55.0;55.0;56.1;;;
2021.03.01 03:55:00;EUR;1;German Final Manufacturing PMI;60.6;60.6;60.7;;;
2021.03.01 04:00:00;EUR;1;Final Manufacturing PMI;57.7;57.7;57.9;;;
2021.03.01 04:30:00;GBP;2;Final Manufacturing PMI;54.9;54.9;55.1;;;
2021.03.01 04:30:00;GBP;1;M4 Money Supply m/m;0.6%;0.8%;0.7%;;0.7%;
2021.03.01 04:30:00;GBP;1;Mortgage Approvals;103K;100K;99K;;;
2021.03.01 04:32:00;GBP;1;Net Lending to Individuals m/m;4.5B;3.3B;2.8B;;4.6B;
2021.03.01 05:00:00;EUR;1;Italian Prelim CPI m/m;0.7%;0.4%;0.1%;;0.5%;
2021.03.01 08:30:00;CAD;1;Current Account;-10.5B;-7.0B;-7.3B;;-7.5B;
2021.03.01 09:00:00;USD;1;FOMC Member Williams Speaks;;;;;;
2021.03.01 09:05:00;USD;1;FOMC Member Brainard Speaks;;;;;;
2021.03.01 09:30:00;CAD;2;Manufacturing PMI;54.4;;54.8;;;
2021.03.01 09:45:00;USD;2;Final Manufacturing PMI;58.5;58.5;58.6;;;
2021.03.01 10:00:00;USD;3;ISM Manufacturing PMI;58.7;58.7;60.8;;;
2021.03.01 10:00:00;USD;1;Construction Spending m/m;1.1%;0.7%;1.7%;;1.0%;
2021.03.01 10:00:00;USD;1;ISM Manufacturing Prices;82.1;80.0;86.0;;;
2021.03.01 11:10:00;EUR;2;ECB President Lagarde Speaks;;;;;;
2021.03.01 16:45:00;NZD;1;Overseas Trade Index q/q;-4.7%;0.9%;1.3%;;;
2021.03.01 18:30:00;JPY;1;Unemployment Rate;2.9%;3.0%;2.9%;;;
2021.03.01 18:50:00;JPY;1;Capital Spending q/y;-10.6%;-2.0%;-4.8%;;;
2021.03.01 18:50:00;JPY;1;Monetary Base y/y;18.9%;20.1%;19.6%;;;
2021.03.01 19:30:00;AUD;1;Building Approvals m/m;12.0%;-2.1%;-19.4%;;10.9%;
2021.03.01 19:30:00;AUD;1;Current Account;10.7B;13.0B;14.5B;;10.0B;
2021.03.01 22:30:00;AUD;3;RBA Rate Statement;;;;;;
2021.03.01 22:30:00;AUD;2;Cash Rate;0.10%;0.10%;0.10%;;;
2021.03.01 22:35:00;JPY;1;10-y Bond Auction;0.05|3.4;;0.13|3.1;;;
2021.03.02 02:00:00;EUR;1;German Retail Sales m/m;-9.1%;0.2%;-4.5%;;-9.6%;
2021.03.02 02:00:00;GBP;1;Nationwide HPI m/m;-0.2%;-0.3%;0.7%;;-0.3%;
2021.03.02 03:00:00;EUR;1;Spanish Unemployment Change;76.2K;10.5K;44.4K;;;
2021.03.02 03:55:00;EUR;1;German Unemployment Change;-37K;-9K;9K;;-41K;
2021.03.02 05:00:00;EUR;1;CPI Flash Estimate y/y;0.9%;0.9%;0.9%;;;
2021.03.02 05:00:00;EUR;1;Core CPI Flash Estimate y/y;1.4%;1.1%;1.1%;;;
2021.03.02 08:30:00;CAD;2;GDP m/m;0.8%;0.1%;0.1%;;0.7%;
2021.03.02 10:00:00;USD;1;IBD/TIPP Economic Optimism;51.9;52.1;55.4;;;
2021.03.02 10:09:00;NZD;1;GDT Price Index;3.0%;;15.0%;;;
2021.03.02 10:09:00;USD;1;Wards Total Vehicle Sales (All Day);16.6M;16.4M;15.7M;;;
2021.03.02 13:00:00;USD;1;FOMC Member Brainard Speaks;;;;;;
2021.03.02 14:00:00;USD;1;FOMC Member Daly Speaks;;;;;;
2021.03.02 16:30:00;AUD;1;AIG Construction Index;57.6;;57.4;;;
2021.03.02 16:45:00;NZD;1;Building Consents m/m;5.1%;;2.1%;;4.9%;
2021.03.02 19:00:00;NZD;1;ANZ Commodity Prices m/m;4.3%;;3.3%;;3.6%;
2021.03.02 19:01:00;GBP;1;BRC Shop Price Index y/y;-2.2%;;-2.4%;;;
2021.03.02 19:30:00;AUD;3;GDP q/q;3.4%;2.5%;3.1%;;3.3%;
2021.03.02 20:45:00;CNY;1;Caixin Services PMI;52.0;51.6;51.5;;;
2021.03.03 02:30:00;CHF;1;CPI m/m;0.1%;0.4%;0.2%;;;
2021.03.03 02:45:00;EUR;1;French Gov Budget Balance;-178.1B;;-21.9B;;;
2021.03.03 03:15:00;EUR;1;Spanish Services PMI;41.7;43.1;43.1;;;
2021.03.03 03:45:00;EUR;1;Italian Services PMI;44.7;45.8;48.8;;;
2021.03.03 03:50:00;EUR;1;French Final Services PMI;43.6;43.6;45.6;;;
2021.03.03 03:55:00;EUR;1;German Final Services PMI;45.9;45.9;45.7;;;
2021.03.03 04:00:00;EUR;1;Final Services PMI;44.7;44.7;45.7;;;
2021.03.03 04:30:00;GBP;1;Final Services PMI;49.7;49.7;49.5;;;
2021.03.03 05:00:00;EUR;1;PPI m/m;0.9%;1.3%;1.4%;;0.8%;
2021.03.03 07:35:00;GBP;3;Annual Budget Release;;;;;;
2021.03.03 08:15:00;USD;2;ADP Non-Farm Employment Change;195K;203K;117K;;174K;
2021.03.03 08:30:00;CAD;1;Building Permits m/m;-4.4%;3.0%;8.2%;;-4.1%;
2021.03.03 09:45:00;USD;1;Final Services PMI;58.9;58.9;59.8;;;
2021.03.03 10:00:00;USD;2;ISM Services PMI;58.7;58.7;55.3;;;
2021.03.03 10:30:00;USD;2;Crude Oil Inventories;1.3M;-1.3M;21.6M;;;
2021.03.03 11:00:00;GBP;2;MPC Member Tenreyro Speaks;;;;;;
2021.03.03 13:00:00;USD;1;FOMC Member Evans Speaks;;;;;;
2021.03.03 14:00:00;USD;1;Beige Book;;;;;;
2021.03.03 15:15:00;NZD;3;RBNZ Gov Orr Speaks;;;;;;
2021.03.03 19:30:00;AUD;1;Retail Sales m/m;0.6%;0.6%;0.5%;;;
2021.03.03 19:30:00;AUD;1;Trade Balance;7.13B;6.82B;10.14B;;6.79B;
2021.03.03 22:35:00;JPY;1;30-y Bond Auction;0.66|3.5;;0.69|2.8;;;
2021.03.04 00:00:00;JPY;1;Consumer Confidence;29.6;29.9;33.8;;;
2021.03.04 04:30:00;GBP;1;Construction PMI;49.2;51.1;53.3;;;
2021.03.04 04:57:00;EUR;1;Spanish 10-y Bond Auction;0.27|2.1;;0.35|1.6;;;
2021.03.04 04:59:00;EUR;1;French 10-y Bond Auction;-0.25|2.2;;-0.07|2.0;;;
2021.03.04 05:00:00;EUR;1;Retail Sales m/m;1.8%;-1.4%;-5.9%;;2.0%;
2021.03.04 05:00:00;EUR;1;Unemployment Rate;8.1%;8.3%;8.1%;;8.3%;
2021.03.04 05:04:00;GBP;1;10-y Bond Auction;0.44|2.9;;0.87|2.7;;;
2021.03.04 05:04:00;All;3;OPEC-JMMC Meetings (All Day);;;;;;
2021.03.04 07:30:00;USD;1;Challenger Job Cuts y/y;17.4%;;-39.1%;;;
2021.03.04 08:30:00;CAD;1;Labor Productivity q/q;-10.6%;-2.0%;-2.0%;;-10.3%;
2021.03.04 08:30:00;USD;1;Revised Nonfarm Productivity q/q;-4.8%;-4.7%;-4.2%;;;
2021.03.04 08:30:00;USD;1;Revised Unit Labor Costs q/q;6.8%;6.7%;6.0%;;;
2021.03.04 08:30:00;USD;1;Unemployment Claims;736K;758K;745K;;730K;
2021.03.04 10:00:00;USD;1;Factory Orders m/m;1.6%;2.2%;2.6%;;1.1%;
2021.03.04 10:30:00;USD;1;Natural Gas Storage;-338B;-149B;-98B;;;
2021.03.04 12:05:00;USD;3;Fed Chair Powell Speaks;;;;;;
2021.03.04 16:30:00;AUD;1;AIG Services Index;54.3;;55.8;;;
2021.03.05 02:00:00;EUR;1;German Factory Orders m/m;-2.2%;0.4%;1.4%;;-1.9%;
2021.03.05 02:45:00;EUR;1;French Trade Balance;-3.6B;-3.4B;-3.9B;;-3.4B;
2021.03.05 03:00:00;CHF;1;Foreign Currency Reserves;897B;;914B;;896B;
2021.03.05 03:30:00;GBP;1;Halifax HPI m/m;-0.4%;-0.1%;-0.1%;;-0.3%;
2021.03.05 04:00:00;EUR;1;Italian Retail Sales m/m;2.4%;-0.6%;-3.0%;;2.5%;
2021.03.05 08:30:00;CAD;1;Trade Balance;-2.0B;-1.4B;1.4B;;-1.7B;
2021.03.05 08:30:00;USD;3;Average Hourly Earnings m/m;0.1%;0.2%;0.2%;;0.2%;
2021.03.05 08:30:00;USD;3;Non-Farm Employment Change;166K;197K;379K;;49K;
2021.03.05 08:30:00;USD;3;Unemployment Rate;6.3%;6.3%;6.2%;;;
2021.03.05 08:30:00;USD;1;Trade Balance;-67.0B;-67.5B;-68.2B;;-66.6B;
2021.03.05 09:00:00;GBP;1;MPC Member Haskel Speaks;;;;;;
2021.03.05 10:00:00;CAD;2;Ivey PMI;48.4;49.2;60.0;;;
2021.03.05 15:00:00;USD;1;Consumer Credit m/m;8.8B;11.8B;-1.3B;;9.7B;
2021.03.06 22:04:00;CNY;1;USD-Denominated Trade Balance;78.2B;59.0B;103.3B;;;
2021.03.06 22:05:00;CNY;1;Trade Balance;517B;348B;676B;;;
2021.03.07 18:50:00;JPY;1;Bank Lending y/y;6.0%;;6.2%;;6.1%;
2021.03.07 18:50:00;JPY;1;Current Account;2.08T;2.20T;1.50T;;2.28T;
2021.03.08 00:00:00;JPY;1;Leading Indicators;95.3%;96.7%;99.1%;;94.9%;
2021.03.08 01:00:00;JPY;1;Economy Watchers Sentiment;31.2;34.2;41.3;;;
2021.03.08 01:45:00;CHF;1;Unemployment Rate;3.5%;3.6%;3.6%;;;
2021.03.08 02:00:00;EUR;1;German Industrial Production m/m;1.9%;-1.4%;-2.5%;;0.0%;
2021.03.08 04:30:00;EUR;1;Sentix Investor Confidence;-0.2;0.3;5.0;;;
2021.03.08 05:00:00;GBP;3;BOE Gov Bailey Speaks;;;;;;
2021.03.08 10:00:00;USD;1;Final Wholesale Inventories m/m;1.3%;1.3%;1.3%;;;
2021.03.08 16:45:00;NZD;1;Manufacturing Sales q/q;10.4%;;-0.6%;;10.0%;
2021.03.08 18:30:00;JPY;1;Average Cash Earnings y/y;-3.0%;-1.6%;-0.8%;;-3.2%;
2021.03.08 18:30:00;JPY;1;Household Spending y/y;-0.6%;-2.1%;-6.1%;;;
2021.03.08 18:50:00;JPY;1;Final GDP Price Index y/y;0.2%;0.2%;0.3%;;;
2021.03.08 18:50:00;JPY;1;Final GDP q/q;3.0%;3.0%;2.8%;;;
2021.03.08 18:50:00;JPY;1;M2 Money Stock y/y;9.4%;9.5%;9.6%;;;
2021.03.08 19:00:00;NZD;1;Prelim ANZ Business Confidence;7.0;;0.0;;11.8;
2021.03.08 19:01:00;GBP;1;BRC Retail Sales Monitor y/y;7.1%;6.5%;9.5%;;;
2021.03.08 19:30:00;AUD;1;NAB Business Confidence;12;;16;;10;
2021.03.09 00:59:00;JPY;1;Prelim Machine Tool Orders y/y;9.7%;;36.7%;;;
2021.03.09 01:30:00;EUR;1;French Final Private Payrolls q/q;-0.2%;-0.2%;-0.1%;;;
2021.03.09 02:00:00;EUR;1;German Trade Balance;16.4B;17.9B;22.2B;;16.1B;
2021.03.09 04:00:00;EUR;1;Italian Industrial Production m/m;0.2%;0.8%;1.0%;;-0.2%;
2021.03.09 05:00:00;EUR;1;Final Employment Change q/q;0.3%;0.3%;0.3%;;;
2021.03.09 05:00:00;EUR;1;Revised GDP q/q;-0.6%;-0.6%;-0.7%;;;
2021.03.09 05:55:00;USD;1;NFIB Small Business Index;95.0;96.7;95.8;;;
2021.03.09 17:00:00;AUD;3;RBA Gov Lowe Speaks;;;;;;
2021.03.09 18:30:00;AUD;1;Westpac Consumer Sentiment;1.9%;;2.6%;;;
2021.03.09 20:30:00;CNY;1;CPI y/y;-0.3%;-0.3%;-0.2%;;;
2021.03.09 20:30:00;CNY;1;PPI y/y;0.3%;1.5%;1.7%;;;
2021.03.10 02:45:00;EUR;1;French Industrial Production m/m;-0.7%;0.5%;3.3%;;-0.8%;
2021.03.10 03:30:00;CNY;1;M2 Money Supply y/y;9.4%;9.4%;10.1%;;;
2021.03.10 03:30:00;CNY;1;New Loans;3580B;950B;1360B;;;
2021.03.10 08:30:00;USD;3;CPI m/m;0.3%;0.4%;0.4%;;;
2021.03.10 08:30:00;USD;3;Core CPI m/m;0.0%;0.2%;0.1%;;;
2021.03.10 10:00:00;CAD;3;BOC Rate Statement;;;;;;
2021.03.10 10:00:00;CAD;2;Overnight Rate;0.25%;0.25%;0.25%;;;
2021.03.10 10:30:00;USD;2;Crude Oil Inventories;21.6M;3.0M;13.8M;;;
2021.03.10 13:01:00;USD;2;10-y Bond Auction;1.16|2.4;;1.52|2.4;;;
2021.03.10 14:00:00;USD;1;Federal Budget Balance;-162.8B;-298.6B;-310.9B;;;
2021.03.10 16:45:00;NZD;1;FPI m/m;1.3%;;-0.9%;;;
2021.03.10 18:50:00;JPY;1;PPI y/y;-1.5%;-0.7%;-0.7%;;-1.6%;
2021.03.10 19:00:00;AUD;1;MI Inflation Expectations;3.7%;;4.1%;;;
2021.03.10 19:01:00;GBP;1;RICS House Price Balance;49%;46%;52%;;50%;
2021.03.11 03:00:00;CHF;1;SECO Economic Forecasts;;;;;;
2021.03.11 07:45:00;EUR;3;Monetary Policy Statement;;;;;;
2021.03.11 07:45:00;EUR;2;Main Refinancing Rate;0.00%;0.00%;0.00%;;;
2021.03.11 08:30:00;EUR;3;ECB Press Conference;;;;;;
2021.03.11 08:30:00;USD;1;Unemployment Claims;754K;730K;712K;;745K;
2021.03.11 10:00:00;USD;1;JOLTS Job Openings;6.75M;6.65M;6.92M;;6.65M;
2021.03.11 10:30:00;USD;1;Natural Gas Storage;-98B;-76B;-52B;;;
2021.03.11 13:01:00;USD;2;30-y Bond Auction;1.93|2.2;;2.30|2.3;;;
2021.03.11 13:30:00;CAD;1;Gov Council Member Schembri Speaks;;;;;;
2021.03.11 16:30:00;NZD;1;BusinessNZ Manufacturing Index;58.0;;53.4;;57.5;
2021.03.11 18:50:00;JPY;1;BSI Manufacturing Index;21.6;19.0;1.6;;;
2021.03.12 02:00:00;EUR;1;German Final CPI m/m;0.7%;0.7%;0.7%;;;
2021.03.12 02:00:00;GBP;1;Construction Output m/m;-2.9%;-1.0%;0.9%;;;
2021.03.12 02:00:00;GBP;1;GDP m/m;1.2%;-4.9%;-2.9%;;;
2021.03.12 02:00:00;GBP;1;Goods Trade Balance;-14.3B;-12.2B;-9.8B;;;
2021.03.12 02:00:00;GBP;1;Index of Services 3m/3m;0.6%;-3.3%;-2.4%;;;
2021.03.12 02:00:00;GBP;1;Industrial Production m/m;0.2%;-0.9%;-1.5%;;;
2021.03.12 02:00:00;GBP;1;Manufacturing Production m/m;0.3%;-1.0%;-2.3%;;;
2021.03.12 02:35:00;CNY;1;Foreign Direct Investment ytd/y;4.6%;;31.5%;;;
2021.03.12 04:00:00;EUR;1;Italian Quarterly Unemployment Rate;9.6%;9.8%;9.2%;;9.8%;
2021.03.12 04:32:00;GBP;1;Consumer Inflation Expectations;2.7%;;2.7%;;;
2021.03.12 05:00:00;EUR;1;Industrial Production m/m;-0.1%;0.3%;0.8%;;-1.6%;
2021.03.12 08:06:00;GBP;1;NIESR GDP Estimate;-1.7%;;-2.0%;;-2.5%;
2021.03.12 08:30:00;CAD;3;Employment Change;-212.8K;98.5K;259.2K;;;
2021.03.12 08:30:00;CAD;3;Unemployment Rate;9.4%;9.2%;8.2%;;;
2021.03.12 08:30:00;CAD;1;Capacity Utilization Rate;77.4%;77.9%;79.2%;;76.5%;
2021.03.12 08:30:00;CAD;1;Wholesale Sales m/m;-1.1%;5.1%;4.0%;;-1.3%;
2021.03.12 08:30:00;USD;1;Core PPI m/m;1.2%;0.2%;0.2%;;;
2021.03.12 08:30:00;USD;1;PPI m/m;1.3%;0.4%;0.5%;;;
2021.03.12 10:00:00;USD;1;Prelim UoM Consumer Sentiment;76.8;78.4;83.0;;76.2;
2021.03.12 10:00:00;USD;1;Prelim UoM Inflation Expectations;3.3%;;3.1%;;;
2021.03.14 03:00:00;CAD;0;Daylight Saving Time Shift;;;;;;
2021.03.14 03:00:00;USD;0;Daylight Saving Time Shift;;;;;;
2021.03.14 17:49:00;NZD;1;Visitor Arrivals m/m;15.4%;;-7.7%;;;
2021.03.14 19:15:00;AUD;3;RBA Gov Lowe Speaks;;;;;;
2021.03.14 19:50:00;JPY;1;Core Machinery Orders m/m;5.2%;-5.5%;-4.5%;;;
2021.03.14 20:01:00;GBP;1;Rightmove HPI m/m;0.5%;;0.8%;;;
2021.03.14 22:00:00;CNY;2;Industrial Production y/y;7.3%;31.2%;35.1%;;;
2021.03.14 22:00:00;CNY;2;Retail Sales y/y;4.6%;32.0%;33.8%;;;
2021.03.14 22:00:00;CNY;1;Fixed Asset Investment ytd/y;2.9%;40.9%;35.0%;;;
2021.03.14 22:00:00;CNY;1;Unemployment Rate;5.2%;5.2%;5.5%;;;
2021.03.15 00:30:00;JPY;1;Tertiary Industry Activity m/m;-0.3%;-0.6%;-1.7%;;-0.4%;
2021.03.15 03:00:00;EUR;1;German WPI m/m;2.1%;0.7%;1.4%;;;
2021.03.15 03:00:00;EUR;1;Eurogroup Meetings (All Day);;;;;;
2021.03.15 08:12:00;CAD;1;Housing Starts;284K;245K;246K;;282K;
2021.03.15 08:30:00;CAD;1;Manufacturing Sales m/m;1.3%;2.8%;3.1%;;0.9%;
2021.03.15 08:30:00;USD;1;Empire State Manufacturing Index;12.1;14.6;17.4;;;
2021.03.15 09:30:00;GBP;1;CB Leading Index m/m;-0.5%;;-0.4%;;;
2021.03.15 16:00:00;USD;1;TIC Long-Term Purchases;121.0B;107.3B;90.8B;;;
2021.03.15 20:30:00;AUD;1;HPI q/q;0.8%;1.9%;3.0%;;;
2021.03.15 20:30:00;AUD;1;Monetary Policy Meeting Minutes;;;;;;
2021.03.15 20:30:00;NZD;1;Credit Card Spending y/y (Dec Data);-5.2%;;-6.7%;;-5.6%;
2021.03.15 22:00:00;NZD;1;Credit Card Spending y/y;-6.7%;;-10.6%;;;
2021.03.16 00:06:00;JPY;2;BOJ Gov Kuroda Speaks;;;;;;
2021.03.16 00:30:00;JPY;1;Revised Industrial Production m/m;4.2%;4.2%;4.3%;;;
2021.03.16 03:45:00;EUR;1;French Final CPI m/m;-0.1%;-0.1%;0.0%;;;
2021.03.16 06:00:00;EUR;1;ZEW Economic Sentiment;69.6;72.0;74.0;;;
2021.03.16 06:00:00;EUR;1;German ZEW Economic Sentiment;71.2;74.0;76.6;;;
2021.03.16 06:00:00;EUR;1;ECOFIN Meetings (All Day);;;;;;
2021.03.16 08:30:00;CAD;1;Foreign Securities Purchases;5.33B;7.95B;1.27B;;5.08B;
2021.03.16 08:30:00;USD;3;Core Retail Sales m/m;8.3%;0.2%;-2.7%;;5.9%;
2021.03.16 08:30:00;USD;3;Retail Sales m/m;7.6%;-0.5%;-3.0%;;5.3%;
2021.03.16 08:30:00;USD;1;Import Prices m/m;1.4%;1.1%;1.3%;;;
2021.03.16 09:15:00;USD;1;Capacity Utilization Rate;75.5%;75.6%;73.8%;;75.6%;
2021.03.16 09:15:00;USD;1;Industrial Production m/m;1.1%;0.4%;-2.2%;;0.9%;
2021.03.16 10:00:00;USD;1;Business Inventories m/m;0.8%;0.3%;0.3%;;0.6%;
2021.03.16 10:00:00;USD;1;NAHB Housing Market Index;84;84;82;;;
2021.03.16 10:19:00;NZD;1;GDT Price Index;15.0%;;-3.8%;;;
2021.03.16 17:45:00;NZD;1;Current Account;-3.62B;-2.85B;-2.70B;;-3.52B;
2021.03.16 19:30:00;AUD;2;RBA Assist Gov Kent Speaks;;;;;;
2021.03.16 19:30:00;AUD;1;MI Leading Index m/m;-0.1%;;0.0%;;0.3%;
2021.03.16 19:50:00;JPY;1;Trade Balance;0.55T;-0.10T;-0.04T;;0.39T;
2021.03.17 00:00:00;EUR;2;Dutch Parliamentary Election (All Day);;;;;;
2021.03.17 06:00:00;EUR;1;Final CPI y/y;0.9%;0.9%;0.9%;;;
2021.03.17 06:00:00;EUR;1;Final Core CPI y/y;1.1%;1.1%;1.1%;;;
2021.03.17 06:33:00;EUR;1;German 30-y Bond Auction;0.10|1.3;;0.21|1.2;;;
2021.03.17 08:30:00;CAD;3;CPI m/m;0.6%;0.7%;0.5%;;;
2021.03.17 08:30:00;CAD;1;Common CPI y/y;1.3%;1.4%;1.3%;;;
2021.03.17 08:30:00;CAD;1;Median CPI y/y;2.0%;2.0%;2.0%;;1.4%;
2021.03.17 08:30:00;CAD;1;Trimmed CPI y/y;1.9%;2.0%;1.9%;;1.8%;
2021.03.17 08:30:00;USD;1;Building Permits;1.89M;1.74M;1.68M;;1.88M;
2021.03.17 08:30:00;USD;1;Housing Starts;1.58M;1.56M;1.42M;;;
2021.03.17 08:32:00;CAD;1;Core CPI m/m;0.5%;;0.3%;;;
2021.03.17 10:30:00;USD;2;Crude Oil Inventories;13.8M;2.8M;2.4M;;;
2021.03.17 14:00:00;USD;3;FOMC Economic Projections;;;;;;
2021.03.17 14:00:00;USD;3;FOMC Statement;;;;;;
2021.03.17 14:00:00;USD;2;Federal Funds Rate;<0.25%;<0.25%;<0.25%;;;
2021.03.17 14:30:00;USD;3;FOMC Press Conference;;;;;;
2021.03.17 17:45:00;NZD;3;GDP q/q;13.9%;0.2%;-1.0%;;14.0%;
2021.03.17 20:30:00;AUD;3;Employment Change;29.5K;30.5K;88.7K;;29.1K;
2021.03.17 20:30:00;AUD;3;Unemployment Rate;6.3%;6.3%;5.8%;;6.4%;
2021.03.17 20:30:00;AUD;1;RBA Bulletin;;;;;;
2021.03.17 21:05:00;AUD;2;RBA Assist Gov Kent Speaks;;;;;;
2021.03.18 03:00:00;CHF;1;Trade Balance;4.98B;4.10B;3.70B;;5.05B;
2021.03.18 03:30:00;CHF;1;PPI m/m;0.3%;0.2%;0.0%;;;
2021.03.18 04:00:00;EUR;2;ECB President Lagarde Speaks;;;;;;
2021.03.18 05:00:00;EUR;1;Italian Trade Balance;6.86B;7.05B;1.59B;;6.84B;
2021.03.18 06:00:00;EUR;1;Trade Balance;27.5B;28.8B;24.2B;;;
2021.03.18 07:00:00;EUR;2;ECB President Lagarde Speaks;;;;;;
2021.03.18 07:00:00;GBP;1;MPC Member Cunliffe Speaks;;;;;;
2021.03.18 08:00:00;GBP;3;MPC Official Bank Rate Votes;0-0-9;0-0-9;0-0-9;;;
2021.03.18 08:00:00;GBP;3;Monetary Policy Summary;;;;;;
2021.03.18 08:00:00;GBP;3;Official Bank Rate;0.10%;0.10%;0.10%;;;
2021.03.18 08:00:00;GBP;2;MPC Asset Purchase Facility Votes;0-0-9;0-0-9;0-0-9;;;
2021.03.18 08:00:00;GBP;1;Asset Purchase Facility;895B;895B;895B;;;
2021.03.18 08:30:00;CAD;1;NHPI m/m;0.7%;0.5%;1.9%;;;
2021.03.18 08:30:00;GBP;1;MPC Member Haldane Speaks;;;;;;
2021.03.18 08:30:00;USD;2;Philly Fed Manufacturing Index;23.1;22.5;51.8;;;
2021.03.18 08:30:00;USD;1;Unemployment Claims;725K;704K;770K;;712K;
2021.03.18 08:32:00;CAD;2;ADP Non-Farm Employment Change;-65.8K;;-100.8K;;-231.2K;
2021.03.18 10:00:00;USD;1;CB Leading Index m/m;0.5%;0.3%;0.2%;;;
2021.03.18 10:30:00;USD;1;Natural Gas Storage;-52B;-21B;-11B;;;
2021.03.18 11:55:00;USD;3;Fed Chair Powell Speaks;;;;;;
2021.03.18 19:30:00;JPY;1;National Core CPI y/y;-0.6%;-0.4%;-0.4%;;;
2021.03.18 20:01:00;GBP;1;GfK Consumer Confidence;-23;-20;-16;;;
2021.03.18 20:30:00;AUD;1;Retail Sales m/m;0.5%;0.6%;-1.1%;;;
2021.03.18 23:39:00;JPY;2;Monetary Policy Statement;;;;;;
2021.03.18 23:39:00;JPY;1;BOJ Policy Rate;-0.10%;-0.10%;-0.10%;;;
2021.03.19 02:30:00;JPY;2;BOJ Press Conference;;;;;;
2021.03.19 03:00:00;EUR;1;German PPI m/m;1.4%;0.8%;0.7%;;;
2021.03.19 03:00:00;GBP;1;Public Sector Net Borrowing;2.4B;20.0B;18.4B;;8.0B;
2021.03.19 08:30:00;CAD;2;Core Retail Sales m/m;-3.9%;-2.8%;-1.2%;;-4.1%;
2021.03.19 08:30:00;CAD;2;Retail Sales m/m;-3.7%;-3.0%;-1.1%;;-3.4%;
2021.03.19 09:00:00;GBP;1;MPC Member Cunliffe Speaks;;;;;;
2021.03.19 09:00:00;USD;3;Fed Announcement;;;;;;
2021.03.21 16:00:00;NZD;1;Westpac Consumer Sentiment;106.0;;105.2;;;
2021.03.22 05:00:00;EUR;1;Current Account;36.7B;34.5B;30.5B;;;
2021.03.22 07:00:00;EUR;1;German Buba Monthly Report;;;;;;
2021.03.22 09:00:00;EUR;1;German Buba President Weidmann Speaks;;;;;;
2021.03.22 09:00:00;USD;3;Fed Chair Powell Speaks;;;;;;
2021.03.22 10:00:00;USD;1;Existing Home Sales;6.66M;6.55M;6.22M;;6.69M;
2021.03.22 10:00:00;USD;1;FOMC Member Barkin Speaks;;;;;;
2021.03.22 13:00:00;USD;1;FOMC Member Daly Speaks;;;;;;
2021.03.22 13:30:00;USD;1;FOMC Member Quarles Speaks;;;;;;
2021.03.22 19:15:00;USD;1;FOMC Member Bowman Speaks;;;;;;
2021.03.22 22:00:00;NZD;1;Credit Card Spending y/y;-10.7%;;-12.4%;;-10.6%;
2021.03.23 00:59:00;JPY;1;BOJ Core CPI y/y;-0.3%;-0.2%;-0.2%;;;
2021.03.23 03:00:00;GBP;1;Average Earnings Index 3m/y;4.7%;4.9%;4.8%;;;
2021.03.23 03:00:00;GBP;1;Claimant Count Change;-20.8K;9.0K;86.6K;;-20.0K;
2021.03.23 03:00:00;GBP;1;Unemployment Rate;5.1%;5.2%;5.0%;;;
2021.03.23 04:40:00;GBP;1;MPC Member Haldane Speaks;;;;;;
2021.03.23 05:55:00;GBP;1;MPC Member Cunliffe Speaks;;;;;;
2021.03.23 06:05:00;GBP;1;30-y Bond Auction;1.30|2.2;;1.30|2.2;;;
2021.03.23 07:00:00;GBP;1;CBI Industrial Order Expectations;-24;-20;-5;;;
2021.03.23 07:50:00;GBP;2;BOE Gov Bailey Speaks;;;;;;
2021.03.23 08:30:00;USD;1;Current Account;-181B;-189B;-188B;;-179B;
2021.03.23 09:00:00;CNY;1;CB Leading Index m/m;1.1%;;1.1%;;1.0%;
2021.03.23 09:59:00;USD;1;Richmond Manufacturing Index;14;15;17;;;
2021.03.23 10:00:00;USD;1;New Home Sales;948K;872K;775K;;923K;
2021.03.23 10:10:00;USD;1;FOMC Member Bostic Speaks;;;;;;
2021.03.23 12:00:00;USD;3;Fed Chair Powell Testifies;;;;;;
2021.03.23 13:15:00;CAD;1;Gov Council Member Gravelle Speaks;;;;;;
2021.03.23 13:25:00;USD;1;FOMC Member Brainard Speaks;;;;;;
2021.03.23 14:45:00;USD;1;FOMC Member Williams Speaks;;;;;;
2021.03.23 15:45:00;USD;1;FOMC Member Brainard Speaks;;;;;;
2021.03.23 17:45:00;NZD;1;Trade Balance;-647M;180M;181M;;-626M;
2021.03.23 18:00:00;AUD;1;Flash Manufacturing PMI;56.9;;57.0;;56.6;
2021.03.23 18:00:00;AUD;1;Flash Services PMI;53.4;;56.2;;54.1;
2021.03.23 19:50:00;JPY;1;Monetary Policy Meeting Minutes;;;;;;
2021.03.23 19:50:00;JPY;1;SPPI y/y;-0.4%;-0.5%;-0.1%;;-0.5%;
2021.03.23 20:30:00;AUD;1;Goods Trade Balance;8.18B;;8.10B;;8.75B;
2021.03.23 20:30:00;JPY;1;Flash Manufacturing PMI;51.4;51.3;52.0;;50.6;
2021.03.24 03:00:00;GBP;2;CPI y/y;0.7%;0.8%;0.4%;;;
2021.03.24 03:00:00;GBP;1;Core CPI y/y;1.4%;1.4%;0.9%;;;
2021.03.24 03:00:00;GBP;1;PPI Input m/m;1.0%;0.6%;0.6%;;0.7%;
2021.03.24 03:00:00;GBP;1;PPI Output m/m;0.8%;0.3%;0.6%;;0.4%;
2021.03.24 03:00:00;GBP;1;RPI y/y;1.4%;1.6%;1.4%;;;
2021.03.24 04:15:00;EUR;3;French Flash Services PMI;45.6;45.5;47.8;;43.6;
2021.03.24 04:15:00;EUR;2;French Flash Manufacturing PMI;56.1;56.4;58.8;;55.0;
2021.03.24 04:30:00;EUR;3;German Flash Manufacturing PMI;60.7;60.4;66.6;;60.6;
2021.03.24 04:30:00;EUR;3;German Flash Services PMI;45.7;46.4;50.8;;45.9;
2021.03.24 05:00:00;EUR;2;Flash Manufacturing PMI;57.9;57.5;62.4;;57.7;
2021.03.24 05:00:00;EUR;2;Flash Services PMI;45.7;46.1;48.8;;44.7;
2021.03.24 05:30:00;GBP;2;Flash Manufacturing PMI;55.1;55.0;57.9;;54.9;
2021.03.24 05:30:00;GBP;2;Flash Services PMI;49.5;51.1;56.8;;49.7;
2021.03.24 05:30:00;GBP;1;HPI y/y;8.0%;8.4%;7.5%;;8.5%;
2021.03.24 06:00:00;AUD;1;RBA Deputy Gov Debelle Speaks;;;;;;
2021.03.24 06:34:00;EUR;1;German 10-y Bond Auction;-0.32|1.5;;-0.36|1.5;;;
2021.03.24 08:30:00;USD;1;Core Durable Goods Orders m/m;1.3%;0.6%;-0.9%;;1.4%;
2021.03.24 08:30:00;USD;1;Durable Goods Orders m/m;3.5%;0.7%;-1.1%;;3.4%;
2021.03.24 09:45:00;USD;2;Flash Manufacturing PMI;58.6;59.6;59.0;;58.5;
2021.03.24 09:45:00;USD;1;Flash Services PMI;59.8;60.1;60.0;;58.9;
2021.03.24 10:00:00;USD;3;Fed Chair Powell Testifies;;;;;;
2021.03.24 10:28:00;EUR;1;Consumer Confidence;-15;-15;-11;;;
2021.03.24 10:30:00;AUD;1;CB Leading Index m/m;1.3%;;0.0%;;1.1%;
2021.03.24 10:30:00;USD;2;Crude Oil Inventories;2.4M;1.4M;1.9M;;;
2021.03.24 11:45:00;EUR;2;ECB President Lagarde Speaks;;;;;;
2021.03.24 13:35:00;USD;1;FOMC Member Williams Speaks;;;;;;
2021.03.24 15:00:00;USD;1;FOMC Member Daly Speaks;;;;;;
2021.03.24 19:00:00;USD;1;FOMC Member Evans Speaks;;;;;;
2021.03.24 22:15:00;JPY;2;BOJ Gov Kuroda Speaks;;;;;;
2021.03.25 03:00:00;EUR;1;German GfK Consumer Climate;-12.7;-12.1;-6.2;;-12.9;
2021.03.25 04:30:00;CHF;3;SNB Monetary Policy Assessment;;;;;;
2021.03.25 04:30:00;CHF;2;SNB Policy Rate;-0.75%;-0.75%;-0.75%;;;
2021.03.25 05:00:00;EUR;1;ECB Economic Bulletin;;;;;;
2021.03.25 05:00:00;EUR;1;M3 Money Supply y/y;12.5%;12.5%;12.3%;;;
2021.03.25 05:02:00;EUR;1;Private Loans y/y;3.0%;3.2%;3.0%;;;
2021.03.25 05:28:00;CHF;3;SNB Press Conference;;;;;;
2021.03.25 05:30:00;CAD;2;BOC Gov Macklem Speaks;;;;;;
2021.03.25 05:30:00;EUR;2;ECB President Lagarde Speaks;;;;;;
2021.03.25 05:30:00;EUR;1;German Buba President Weidmann Speaks;;;;;;
2021.03.25 05:30:00;GBP;2;BOE Gov Bailey Speaks;;;;;;
2021.03.25 05:30:00;USD;1;FOMC Member Williams Speaks;;;;;;
2021.03.25 05:30:00;EUR;2;EU Economic Summit (Day 1);;;;;;
2021.03.25 07:00:00;GBP;1;CBI Realized Sales;-45;-36;-45;;;
2021.03.25 08:30:00;USD;2;Final GDP q/q;4.1%;4.1%;4.3%;;;
2021.03.25 08:30:00;USD;1;Final GDP Price Index q/q;2.1%;2.1%;2.0%;;;
2021.03.25 08:30:00;USD;1;Unemployment Claims;781k;727K;684K;;770K;
2021.03.25 09:55:00;EUR;1;Belgian NBB Business Climate;-4.4;-3.0;-1.0;;;
2021.03.25 10:10:00;USD;1;FOMC Member Clarida Speaks;;;;;;
2021.03.25 10:30:00;USD;1;FOMC Member Williams Speaks;;;;;;
2021.03.25 10:30:00;USD;1;Natural Gas Storage;-11B;-21B;-36B;;;
2021.03.25 12:00:00;USD;1;FOMC Member Bostic Speaks;;;;;;
2021.03.25 13:00:00;USD;1;FOMC Member Evans Speaks;;;;;;
2021.03.25 19:00:00;USD;1;FOMC Member Daly Speaks;;;;;;
2021.03.25 19:30:00;JPY;1;Tokyo Core CPI y/y;-0.3%;-0.2%;-0.1%;;;
2021.03.26 03:00:00;GBP;2;Retail Sales m/m;-8.2%;2.2%;2.1%;;;
2021.03.26 05:00:00;EUR;2;German ifo Business Climate;92.7;93.1;96.6;;92.4;
2021.03.26 05:00:00;GBP;1;FPC Meeting Minutes;;;;;;
2021.03.26 05:00:00;GBP;1;FPC Statement;;;;;;
2021.03.26 05:00:00;EUR;3;Euro Summit (All Day);;;;;;
2021.03.26 05:00:00;EUR;2;EU Economic Summit (Day 2);;;;;;
2021.03.26 08:00:00;GBP;2;MPC Member Saunders Speaks;;;;;;
2021.03.26 08:30:00;USD;1;Core PCE Price Index m/m;0.2%;0.1%;0.1%;;0.3%;
2021.03.26 08:30:00;USD;1;Goods Trade Balance;-84.6B;-85.5B;-86.7B;;-83.7B;
2021.03.26 08:30:00;USD;1;Personal Income m/m;10.1%;-7.3%;-7.1%;;10.0%;
2021.03.26 08:30:00;USD;1;Personal Spending m/m;3.4%;-0.8%;-1.0%;;2.4%;
2021.03.26 08:30:00;USD;1;Prelim Wholesale Inventories m/m;1.3%;1.2%;0.5%;;;
2021.03.26 10:00:00;USD;1;Revised UoM Consumer Sentiment;83.0;83.6;84.9;;;
2021.03.26 10:00:00;USD;1;Revised UoM Inflation Expectations;3.1%;;3.1%;;;
2021.03.26 12:45:00;GBP;1;MPC Member Tenreyro Speaks;;;;;;
2021.03.27 21:00:00;CHF;0;Daylight Saving Time Shift;;;;;;
2021.03.27 21:00:00;EUR;0;Daylight Saving Time Shift;;;;;;
2021.03.27 21:00:00;GBP;0;Daylight Saving Time Shift;;;;;;
2021.03.28 19:50:00;JPY;1;BOJ Summary of Opinions;;;;;;
2021.03.29 04:30:00;GBP;1;M4 Money Supply m/m;0.7%;0.6%;0.8%;;;
2021.03.29 04:30:00;GBP;1;Mortgage Approvals;97K;95K;88K;;99K;
2021.03.29 04:32:00;GBP;1;Net Lending to Individuals m/m;2.6B;3.6B;4.9B;;2.8B;
2021.03.29 11:00:00;USD;1;FOMC Member Waller Speaks;;;;;;
2021.03.29 17:45:00;NZD;1;Building Consents m/m;1.5%;;-18.2%;;2.1%;
2021.03.29 19:30:00;JPY;1;Unemployment Rate;2.9%;3.0%;2.9%;;;
2021.03.29 19:50:00;JPY;1;Retail Sales y/y;-2.4%;-2.7%;-1.5%;;;
2021.03.30 02:00:00;EUR;1;German Import Prices m/m;1.9%;1.2%;1.7%;;;
2021.03.30 02:00:00;EUR;1;German Prelim CPI m/m (All Day);0.7%;0.5%;0.5%;;;
2021.03.30 03:00:00;CHF;1;KOF Economic Barometer;102.6;104.2;117.8;;102.7;
2021.03.30 03:00:00;EUR;1;Spanish Flash CPI y/y;0.0%;0.7%;1.3%;;;
2021.03.30 05:18:00;EUR;1;Italian 10-y Bond Auction;0.65|1.4;;0.72|1.4;;;
2021.03.30 09:00:00;USD;1;FOMC Member Quarles Speaks;;;;;;
2021.03.30 09:00:00;USD;1;HPI m/m;1.2%;1.2%;1.0%;;1.1%;
2021.03.30 09:00:00;USD;1;SP/CS Composite-20 HPI y/y;10.2%;11.4%;11.1%;;10.1%;
2021.03.30 10:00:00;USD;2;CB Consumer Confidence;90.4;96.9;109.7;;91.3;
2021.03.30 12:00:00;USD;1;FOMC Member Bostic Speaks;;;;;;
2021.03.30 14:30:00;USD;1;FOMC Member Williams Speaks;;;;;;
2021.03.30 19:01:00;GBP;1;BRC Shop Price Index y/y;-2.4%;;-2.4%;;;
2021.03.30 19:50:00;JPY;1;Prelim Industrial Production m/m;4.3%;-1.3%;-2.1%;;4.2%;
2021.03.30 20:00:00;NZD;2;Final ANZ Business Confidence;0.0;;-4.1;;;
2021.03.30 20:30:00;AUD;1;Building Approvals m/m;-19.4%;3.5%;21.6%;;;
2021.03.30 20:30:00;AUD;1;Private Sector Credit m/m;0.2%;0.3%;0.2%;;;
2021.03.30 21:00:00;CNY;2;Manufacturing PMI;50.6;51.3;51.9;;;
2021.03.30 21:00:00;CNY;1;Non-Manufacturing PMI;51.4;51.9;56.3;;;
2021.03.31 00:59:00;JPY;1;Housing Starts y/y;-3.1%;-5.0%;-3.7%;;;
2021.03.31 02:00:00;GBP;2;Final GDP q/q;1.0%;1.0%;1.3%;;;
2021.03.31 02:00:00;GBP;1;Current Account;-14.3B;-34.8B;-26.3B;;-15.7B;
2021.03.31 02:00:00;GBP;1;Nationwide HPI m/m;0.7%;0.4%;-0.2%;;;
2021.03.31 02:00:00;GBP;1;Revised Business Investment q/q;1.3%;1.3%;5.9%;;;
2021.03.31 02:45:00;EUR;1;French Consumer Spending m/m;-4.9%;1.2%;0.0%;;-4.6%;
2021.03.31 02:45:00;EUR;1;French Prelim CPI m/m;0.0%;0.7%;0.6%;;-0.1%;
2021.03.31 03:55:00;EUR;1;German Unemployment Change;9K;-4K;-8K;;;
2021.03.31 04:00:00;CHF;1;Credit Suisse Economic Expectations;55.5;;66.7;;;
2021.03.31 05:00:00;EUR;1;CPI Flash Estimate y/y;0.9%;1.4%;1.3%;;;
2021.03.31 05:00:00;EUR;1;Core CPI Flash Estimate y/y;1.1%;1.1%;0.9%;;;
2021.03.31 05:00:00;EUR;1;Italian Prelim CPI m/m;0.1%;0.1%;0.3%;;;
2021.03.31 08:15:00;USD;3;ADP Non-Farm Employment Change;176K;552K;517K;;117K;
2021.03.31 08:30:00;CAD;2;GDP m/m;0.1%;0.5%;0.7%;;;
2021.03.31 08:30:00;CAD;1;IPPI m/m;2.3%;2.5%;2.6%;;2.0%;
2021.03.31 08:30:00;CAD;1;RMPI m/m;5.6%;5.3%;6.6%;;5.7%;
2021.03.31 09:00:00;CHF;1;SNB Quarterly Bulletin;;;;;;
2021.03.31 09:45:00;USD;1;Chicago PMI;59.5;61.2;66.3;;;
2021.03.31 10:00:00;USD;2;Pending Home Sales m/m;-2.4%;-3.1%;-10.6%;;-2.8%;
2021.03.31 10:30:00;USD;2;Crude Oil Inventories;1.9M;-1.3M;-0.9M;;;
2021.03.31 16:20:00;USD;3;President Biden Speaks;;;;;;
2021.03.31 17:30:00;AUD;1;AIG Manufacturing Index;58.8;;59.9;;;
2021.03.31 19:50:00;JPY;1;Tankan Manufacturing Index;-10;-1;5;;;
2021.03.31 19:50:00;JPY;1;Tankan Non-Manufacturing Index;-5;-4;-1;;;
2021.03.31 20:30:00;AUD;2;Retail Sales m/m;0.3%;-1.1%;-0.8%;;-1.1%;
2021.03.31 20:30:00;AUD;1;Trade Balance;9.62B;9.95B;7.53B;;10.14B;
2021.03.31 20:30:00;JPY;1;Final Manufacturing PMI;52.0;52.1;52.7;;;
2021.03.31 21:45:00;CNY;1;Caixin Manufacturing PMI;50.9;51.3;50.6;;;
2021.03.31 23:35:00;JPY;1;10-y Bond Auction;0.13|3.1;;0.12|3.5;;;
